"type": "FeatureCollection",
"name": "peta kebun2 2018",
"features": [
{ "type": "Feature", "properties": { "Name": "polygon", "description": null, "timestamp": null, "begin": null, "end": null }, "geometry": { "type": "Polygon", "coordinates": [ [ [ 100.6078265, 1.4858684 ], [ 100.6079191, 1.4858376 ], [ 100.6077078, 1.4860065 ], [ 100.6074661, 1.486223 ], [ 100.6071798, 1.4864694 ], [ 100.6071298, 1.4864261 ], [ 100.6070441, 1.486505 ], [ 100.6063169, 1.4861521 ], [ 100.6062064, 1.4860527 ], [ 100.6061562, 1.4859347 ], [ 100.6061656, 1.485824 ], [ 100.6062671, 1.4855693 ], [ 100.6063807, 1.4854125 ], [ 100.6063846, 1.4852324 ], [ 100.6064284, 1.4851013 ], [ 100.6065404, 1.485235 ], [ 100.6067664, 1.4854273 ], [ 100.6068639, 1.4854485 ], [ 100.6069914, 1.4855249 ], [ 100.6071003, 1.4855456 ], [ 100.607217, 1.4855396 ], [ 100.6073501, 1.4855483 ], [ 100.6074778, 1.4855792 ], [ 100.6075704, 1.4856087 ], [ 100.6076066, 1.4856744 ], [ 100.6077072, 1.4857256 ], [ 100.6078265, 1.4858684 ] ] ] } },
{ "type": "Feature", "properties": { "Name": "polygon", "description": null, "timestamp": null, "begin": null, "end": null }, "geometry": { "type": "Polygon", "coordinates": [ [ [ 100.596461, 1.5058256 ], [ 100.5972362, 1.5043914 ], [ 100.5971983, 1.5043562 ], [ 100.5971979, 1.5043575 ], [ 100.5971977, 1.5043581 ], [ 100.5971102, 1.5042886 ], [ 100.5964374, 1.5039588 ], [ 100.5960383, 1.5036912 ], [ 100.5960425, 1.5025794 ], [ 100.5958261, 1.5024073 ], [ 100.5960172, 1.5021359 ], [ 100.5955101, 1.5018499 ], [ 100.5953886, 1.5020914 ], [ 100.5950362, 1.5025602 ], [ 100.5948796, 1.5026799 ], [ 100.5946161, 1.5031569 ], [ 100.5945815, 1.5031776 ], [ 100.5940824, 1.5029587 ], [ 100.5936127, 1.5026462 ], [ 100.593326, 1.5025048 ], [ 100.5933029, 1.5024405 ], [ 100.5934346, 1.5021407 ], [ 100.5934854, 1.5019029 ], [ 100.5935377, 1.501743 ], [ 100.5936403, 1.5016522 ], [ 100.5938311, 1.5013888 ], [ 100.5938566, 1.501304 ], [ 100.5939052, 1.5012527 ], [ 100.5938569, 1.5011612 ], [ 100.5939528, 1.5011863 ], [ 100.5940051, 1.5011377 ], [ 100.5940738, 1.5010573 ], [ 100.5941647, 1.5009293 ], [ 100.5942136, 1.5007975 ], [ 100.5943115, 1.5007265 ], [ 100.5944235, 1.5006554 ], [ 100.5944799, 1.5005747 ], [ 100.5945583, 1.5004848 ], [ 100.5946448, 1.5004054 ], [ 100.5947112, 1.5003494 ], [ 100.5947752, 1.5002817 ], [ 100.5947246, 1.5001805 ], [ 100.5949194, 1.500021 ], [ 100.5949901, 1.4999442 ], [ 100.5951045, 1.4998457 ], [ 100.5953864, 1.4997234 ], [ 100.5955212, 1.4996436 ], [ 100.5956687, 1.4995755 ], [ 100.5957961, 1.4994844 ], [ 100.5958927, 1.4994435 ], [ 100.5959889, 1.4994706 ], [ 100.5963135, 1.4991945 ], [ 100.5964523, 1.4989873 ], [ 100.5965981, 1.4989769 ], [ 100.5968452, 1.4986736 ], [ 100.59693, 1.4986378 ], [ 100.5970139, 1.4985744 ], [ 100.5971473, 1.4984685 ], [ 100.5972455, 1.4983763 ], [ 100.5972606, 1.4983576 ], [ 100.5972958, 1.4982895 ], [ 100.5973173, 1.4982285 ], [ 100.5973595, 1.4981655 ], [ 100.5974685, 1.4981558 ], [ 100.5975359, 1.498129 ], [ 100.597502, 1.4980445 ], [ 100.5974266, 1.4979393 ], [ 100.5972697, 1.4976648 ], [ 100.5971024, 1.4974174 ], [ 100.5970414, 1.4972914 ], [ 100.5967748, 1.4968728 ], [ 100.5967051, 1.4967418 ], [ 100.5966273, 1.4966305 ], [ 100.5966055, 1.4965547 ], [ 100.5965612, 1.4965333 ], [ 100.5964922, 1.4965246 ], [ 100.5964097, 1.4965112 ], [ 100.5963634, 1.4964555 ], [ 100.596288, 1.4964361 ], [ 100.5961901, 1.4964274 ], [ 100.5960996, 1.4964254 ], [ 100.5959085, 1.4964709 ], [ 100.5958042, 1.4965065 ], [ 100.5957308, 1.4965309 ], [ 100.5956748, 1.4964984 ], [ 100.5956285, 1.4964435 ], [ 100.5955594, 1.4962796 ], [ 100.5954461, 1.4961857 ], [ 100.5954847, 1.4961438 ], [ 100.5954565, 1.4960842 ], [ 100.5954947, 1.4960473 ], [ 100.5955832, 1.4960118 ], [ 100.5956429, 1.4959625 ], [ 100.5956982, 1.4959005 ], [ 100.5957036, 1.4958103 ], [ 100.5957757, 1.4955955 ], [ 100.595776, 1.4954792 ], [ 100.5957385, 1.495439 ], [ 100.595548, 1.4950988 ], [ 100.5954874, 1.4951219 ], [ 100.5948768, 1.4947609 ], [ 100.5932886, 1.493802 ], [ 100.5931951, 1.4937555 ], [ 100.5930687, 1.4937246 ], [ 100.5930838, 1.4936432 ], [ 100.5931495, 1.4935396 ], [ 100.5932092, 1.4933854 ], [ 100.5932628, 1.4932691 ], [ 100.5933309, 1.4931545 ], [ 100.5934459, 1.4929517 ], [ 100.5935505, 1.4927972 ], [ 100.5936169, 1.4926457 ], [ 100.5936635, 1.4925331 ], [ 100.5937476, 1.4924041 ], [ 100.593823, 1.4922382 ], [ 100.5938928, 1.4921085 ], [ 100.5939857, 1.4919178 ], [ 100.5941057, 1.4917049 ], [ 100.5942271, 1.4914995 ], [ 100.5943058, 1.4913245 ], [ 100.5944346, 1.4911067 ], [ 100.594505, 1.490914 ], [ 100.5946193, 1.4908724 ], [ 100.5947702, 1.4909793 ], [ 100.5949677, 1.4910695 ], [ 100.5951326, 1.4911523 ], [ 100.5952885, 1.4912193 ], [ 100.5954746, 1.4913322 ], [ 100.595602, 1.4914063 ], [ 100.5957774, 1.4914784 ], [ 100.5959148, 1.4915638 ], [ 100.5961123, 1.4916493 ], [ 100.5962246, 1.4917254 ], [ 100.5963943, 1.4918062 ], [ 100.596573, 1.4919168 ], [ 100.5967745, 1.49202 ], [ 100.5969213, 1.4921102 ], [ 100.5970709, 1.4921641 ], [ 100.5972147, 1.4922663 ], [ 100.5973468, 1.4923659 ], [ 100.5975221, 1.4924946 ], [ 100.5976844, 1.4926102 ], [ 100.5978661, 1.4927121 ], [ 100.5980076, 1.492814 ], [ 100.5981109, 1.492873 ], [ 100.5983972, 1.4930985 ], [ 100.5987315, 1.4933828 ], [ 100.5988938, 1.4949155 ], [ 100.5989954, 1.4950837 ], [ 100.5990681, 1.4955271 ], [ 100.5990979, 1.4956699 ], [ 100.5991657, 1.4958063 ], [ 100.5993115, 1.496289 ], [ 100.59979, 1.4966922 ], [ 100.5998952, 1.4970243 ], [ 100.6003033, 1.4974104 ], [ 100.6016028, 1.4988955 ], [ 100.6017537, 1.4988493 ], [ 100.6023615, 1.4986264 ], [ 100.6016276, 1.4998323 ], [ 100.5997229, 1.5018238 ], [ 100.5982997, 1.503571 ], [ 100.5974333, 1.5051791 ], [ 100.5964067, 1.507051 ], [ 100.596176, 1.506994 ], [ 100.596112, 1.5068448 ], [ 100.5960982, 1.5066863 ], [ 100.5961753, 1.506505 ], [ 100.5963366, 1.5061417 ], [ 100.596461, 1.5058256 ] ] ] } },
{ "type": "Feature", "properties": { "Name": "polygon", "description": null, "timestamp": null, "begin": null, "end": null }, "geometry": { "type": "Polygon", "coordinates": [ [ [ 100.5968375, 1.4986632 ], [ 100.596572, 1.4989605 ], [ 100.5964359, 1.4989632 ], [ 100.5963108, 1.4991787 ], [ 100.5959671, 1.4994773 ], [ 100.5957951, 1.4993064 ], [ 100.5947608, 1.4985526 ], [ 100.5943478, 1.4982808 ], [ 100.5941791, 1.4981521 ], [ 100.5937868, 1.497895 ], [ 100.5934381, 1.4976594 ], [ 100.593181, 1.4974624 ], [ 100.5928122, 1.4972019 ], [ 100.5925389, 1.4970018 ], [ 100.59249, 1.496976 ], [ 100.5921644, 1.496786 ], [ 100.5918238, 1.4965966 ], [ 100.5917034, 1.4965289 ], [ 100.5916615, 1.4965175 ], [ 100.5916146, 1.49654 ], [ 100.5916332, 1.4963903 ], [ 100.5916987, 1.4962564 ], [ 100.5919948, 1.495765 ], [ 100.5923534, 1.4950882 ], [ 100.5926638, 1.4944791 ], [ 100.5929278, 1.4940075 ], [ 100.5930122, 1.4938911 ], [ 100.5930358, 1.493846 ], [ 100.5930549, 1.493786 ], [ 100.5930616, 1.4937405 ], [ 100.5931858, 1.4937666 ], [ 100.5932763, 1.4938099 ], [ 100.5935049, 1.4939378 ], [ 100.5942327, 1.4943682 ], [ 100.5946488, 1.4946246 ], [ 100.5948731, 1.4947703 ], [ 100.5953309, 1.495032 ], [ 100.595492, 1.495119 ], [ 100.595526, 1.4951034 ], [ 100.5957588, 1.4954381 ], [ 100.5957654, 1.4954728 ], [ 100.5957634, 1.4955905 ], [ 100.5957239, 1.4957193 ], [ 100.5956899, 1.4958135 ], [ 100.595676, 1.4958924 ], [ 100.5956416, 1.495949 ], [ 100.5955729, 1.495995 ], [ 100.5954831, 1.4960391 ], [ 100.5954475, 1.4960814 ], [ 100.5954562, 1.4961439 ], [ 100.5954392, 1.496187 ], [ 100.595547, 1.4962869 ], [ 100.5956141, 1.4964126 ], [ 100.5956124, 1.4965403 ], [ 100.5956064, 1.4966476 ], [ 100.5956081, 1.4967464 ], [ 100.5956248, 1.496851 ], [ 100.5956319, 1.4969234 ], [ 100.595715, 1.4970052 ], [ 100.5957526, 1.497036 ], [ 100.595833, 1.4971218 ], [ 100.5958555, 1.4971835 ], [ 100.5959252, 1.4972556 ], [ 100.5960158, 1.4973715 ], [ 100.5960768, 1.4974469 ], [ 100.5961163, 1.4975073 ], [ 100.5961505, 1.4975508 ], [ 100.59617, 1.4976222 ], [ 100.5961951, 1.4976299 ], [ 100.5962431, 1.4977151 ], [ 100.5962478, 1.4977543 ], [ 100.59629, 1.4978089 ], [ 100.5963007, 1.4978511 ], [ 100.5963872, 1.4979711 ], [ 100.5964043, 1.4980067 ], [ 100.5964875, 1.4981327 ], [ 100.5965297, 1.4981746 ], [ 100.5966062, 1.4982694 ], [ 100.5966213, 1.4983247 ], [ 100.5966186, 1.4983603 ], [ 100.5967011, 1.4984501 ], [ 100.5967057, 1.4984926 ], [ 100.5967943, 1.4986099 ], [ 100.5968375, 1.4986632 ] ] ] } },
{ "type": "Feature", "properties": { "Name": "polygon", "description": null, "timestamp": null, "begin": null, "end": null }, "geometry": { "type": "Polygon", "coordinates": [ [ [ 100.5956087, 1.4967109 ], [ 100.5956097, 1.4965836 ], [ 100.5956208, 1.4964477 ], [ 100.5956629, 1.4965104 ], [ 100.5957351, 1.4965433 ], [ 100.5958113, 1.4965206 ], [ 100.5958431, 1.4965004 ], [ 100.5958652, 1.4965004 ], [ 100.5959068, 1.4964823 ], [ 100.5959954, 1.4964647 ], [ 100.596108, 1.4964406 ], [ 100.5961841, 1.4964348 ], [ 100.596285, 1.4964465 ], [ 100.5963577, 1.4964668 ], [ 100.5964063, 1.4965174 ], [ 100.5964952, 1.4965335 ], [ 100.5965593, 1.4965403 ], [ 100.5965916, 1.4965538 ], [ 100.596619, 1.4966275 ], [ 100.5966991, 1.4967485 ], [ 100.5967716, 1.4968791 ], [ 100.5968739, 1.4970471 ], [ 100.5969492, 1.4971741 ], [ 100.5970252, 1.4972968 ], [ 100.5970941, 1.497425 ], [ 100.597189, 1.497563 ], [ 100.5972606, 1.4976738 ], [ 100.5973372, 1.4978091 ], [ 100.5974114, 1.4979432 ], [ 100.5974847, 1.4980446 ], [ 100.597531, 1.4981225 ], [ 100.5974739, 1.4981508 ], [ 100.597349, 1.4981609 ], [ 100.5973085, 1.4982236 ], [ 100.5972891, 1.498282 ], [ 100.5972562, 1.4983621 ], [ 100.5972341, 1.4983882 ], [ 100.5971642, 1.4984426 ], [ 100.5970873, 1.4984968 ], [ 100.5969928, 1.4985715 ], [ 100.59693, 1.4986283 ], [ 100.5968392, 1.4986629 ], [ 100.5967074, 1.4984916 ], [ 100.5967024, 1.4984457 ], [ 100.5966199, 1.4983599 ], [ 100.5966233, 1.498323 ], [ 100.5966075, 1.4982657 ], [ 100.5965307, 1.4981746 ], [ 100.5964875, 1.498131 ], [ 100.596405, 1.4980043 ], [ 100.5963859, 1.4979674 ], [ 100.5962997, 1.4978485 ], [ 100.596291, 1.4978069 ], [ 100.5962488, 1.4977543 ], [ 100.5962454, 1.4977154 ], [ 100.5961955, 1.4976279 ], [ 100.596171, 1.4976232 ], [ 100.5961522, 1.4975508 ], [ 100.5961204, 1.4975086 ], [ 100.5960788, 1.4974479 ], [ 100.5960261, 1.4973822 ], [ 100.5959256, 1.4972546 ], [ 100.5958562, 1.4971838 ], [ 100.595834, 1.4971205 ], [ 100.5957526, 1.497035 ], [ 100.5957163, 1.4970049 ], [ 100.5956332, 1.4969234 ], [ 100.5956081, 1.4967444 ], [ 100.5956087, 1.4967109 ] ] ] } },
{ "type": "Feature", "properties": { "Name": "polygon", "description": null, "timestamp": null, "begin": null, "end": null }, "geometry": { "type": "Polygon", "coordinates": [ [ [ 100.5776443, 1.4883459 ], [ 100.5774535, 1.4885923 ], [ 100.5766774, 1.48995 ], [ 100.5764916, 1.4901927 ], [ 100.5759364, 1.4910018 ], [ 100.5756139, 1.4914901 ], [ 100.5754043, 1.4917271 ], [ 100.5752496, 1.4919611 ], [ 100.5744732, 1.4914306 ], [ 100.5743889, 1.4912718 ], [ 100.5744073, 1.491161 ], [ 100.5744303, 1.4911417 ], [ 100.5745835, 1.4909765 ], [ 100.5746378, 1.4909065 ], [ 100.574758, 1.4907583 ], [ 100.5749409, 1.4905439 ], [ 100.5750136, 1.4904598 ], [ 100.5751068, 1.4902374 ], [ 100.5750581, 1.4901755 ], [ 100.5750071, 1.4901045 ], [ 100.5747101, 1.4897156 ], [ 100.5745038, 1.4894531 ], [ 100.5743746, 1.4892846 ], [ 100.5742506, 1.4889837 ], [ 100.5743434, 1.4887615 ], [ 100.5744904, 1.4886178 ], [ 100.5748846, 1.4880289 ], [ 100.5752129, 1.4873562 ], [ 100.5764571, 1.4877581 ], [ 100.5774502, 1.4882377 ], [ 100.5776443, 1.4883459 ] ] ] } },
{ "type": "Feature", "properties": { "Name": null, "description": null, "timestamp": null, "begin": null, "end": null }, "geometry": { "type": "Polygon", "coordinates": [ [ [ 100.5658543, 1.5125178 ], [ 100.5666707, 1.5120455 ], [ 100.5677299, 1.5135598 ], [ 100.5679272, 1.5142608 ], [ 100.5678833, 1.5145894 ], [ 100.5675327, 1.5146551 ], [ 100.5675327, 1.514677 ], [ 100.5676423, 1.5154655 ], [ 100.567971, 1.5156627 ], [ 100.567949, 1.5157941 ], [ 100.5679929, 1.5174807 ], [ 100.5679929, 1.5175027 ], [ 100.5671822, 1.5176999 ], [ 100.5670068, 1.5222341 ], [ 100.5677519, 1.5223655 ], [ 100.567467, 1.5239208 ], [ 100.5662618, 1.5240302 ], [ 100.5664152, 1.5256731 ], [ 100.5664152, 1.5258045 ], [ 100.5654072, 1.5257169 ], [ 100.5640487, 1.5255855 ], [ 100.5640268, 1.5255855 ], [ 100.5635666, 1.5254759 ], [ 100.5635447, 1.5253664 ], [ 100.5648813, 1.5239426 ], [ 100.5656921, 1.5240084 ], [ 100.5656702, 1.5236579 ], [ 100.5657578, 1.5233731 ], [ 100.5657578, 1.5228912 ], [ 100.5658017, 1.5223436 ], [ 100.5658236, 1.5217741 ], [ 100.5657578, 1.5214235 ], [ 100.565736, 1.5214017 ], [ 100.5655168, 1.5208541 ], [ 100.5654511, 1.5207884 ], [ 100.56521, 1.5201312 ], [ 100.56521, 1.5201094 ], [ 100.5652538, 1.5193865 ], [ 100.5653415, 1.5189922 ], [ 100.5653634, 1.5184884 ], [ 100.5654949, 1.5184884 ], [ 100.5655168, 1.5184884 ], [ 100.5656921, 1.5184664 ], [ 100.5658455, 1.5182474 ], [ 100.5658455, 1.5182255 ], [ 100.5659331, 1.5180941 ], [ 100.5659769, 1.5180941 ], [ 100.5661085, 1.5180941 ], [ 100.5661303, 1.5180941 ], [ 100.5663494, 1.5180064 ], [ 100.5664371, 1.517656 ], [ 100.5664371, 1.5175903 ], [ 100.5663714, 1.5173712 ], [ 100.5663714, 1.5173493 ], [ 100.5659551, 1.5168674 ], [ 100.5656483, 1.5164951 ], [ 100.5656044, 1.5164294 ], [ 100.5652538, 1.5161445 ], [ 100.565232, 1.5161227 ], [ 100.564728, 1.5157722 ], [ 100.5642021, 1.5153779 ], [ 100.5637857, 1.5150931 ], [ 100.5640048, 1.5147427 ], [ 100.5644981, 1.5141684 ], [ 100.5645965, 1.5140198 ], [ 100.5648595, 1.5135817 ], [ 100.5650566, 1.5131218 ], [ 100.5650566, 1.5130998 ], [ 100.5652538, 1.5127932 ], [ 100.5652758, 1.5127712 ], [ 100.5653843, 1.5126756 ], [ 100.5655532, 1.5126042 ], [ 100.5658543, 1.5125178 ] ] ] } },
{ "type": "Feature", "properties": { "Name": "Polygon", "description": null, "timestamp": null, "begin": null, "end": null }, "geometry": { "type": "Polygon", "coordinates": [ [ [ 100.560477, 1.5103617 ], [ 100.5608121, 1.5106141 ], [ 100.561308, 1.5119165 ], [ 100.5614572, 1.5126049 ], [ 100.5613767, 1.5144272 ], [ 100.5615433, 1.514696 ], [ 100.5616868, 1.5148062 ], [ 100.5617633, 1.5149185 ], [ 100.5619688, 1.5150398 ], [ 100.5618794, 1.5154874 ], [ 100.5620766, 1.5155751 ], [ 100.5622738, 1.5155531 ], [ 100.562471, 1.5154655 ], [ 100.5626463, 1.5153122 ], [ 100.5628435, 1.5151588 ], [ 100.5630626, 1.515137 ], [ 100.5633474, 1.5152684 ], [ 100.5633474, 1.5153122 ], [ 100.5636105, 1.5158817 ], [ 100.5629969, 1.5166703 ], [ 100.5645307, 1.5181598 ], [ 100.5639173, 1.5198902 ], [ 100.5629531, 1.5200874 ], [ 100.5622081, 1.5197369 ], [ 100.561726, 1.518576 ], [ 100.5617041, 1.5185541 ], [ 100.5617479, 1.5168674 ], [ 100.5617479, 1.5168017 ], [ 100.5617698, 1.5165827 ], [ 100.561726, 1.5164731 ], [ 100.5613535, 1.5166265 ], [ 100.5608056, 1.5170427 ], [ 100.5605208, 1.5169331 ], [ 100.5599511, 1.5178969 ], [ 100.5598381, 1.5182011 ], [ 100.5581517, 1.519041 ], [ 100.5557659, 1.5201969 ], [ 100.5555686, 1.5202188 ], [ 100.5549989, 1.5196274 ], [ 100.5541662, 1.5186198 ], [ 100.5566424, 1.5154436 ], [ 100.5566205, 1.5153779 ], [ 100.557497, 1.5141074 ], [ 100.5561384, 1.5125303 ], [ 100.5560946, 1.5125303 ], [ 100.5561384, 1.5123331 ], [ 100.55673, 1.5120264 ], [ 100.557497, 1.5117636 ], [ 100.5582858, 1.511457 ], [ 100.5585926, 1.5112598 ], [ 100.5596443, 1.5105151 ], [ 100.5598985, 1.5104133 ], [ 100.5603456, 1.5103617 ], [ 100.560477, 1.5103617 ] ] ] } },
{ "type": "Feature", "properties": { "Name": "polygon", "description": null, "timestamp": null, "begin": null, "end": null }, "geometry": { "type": "Polygon", "coordinates": [ [ [ 100.6116607, 1.4982902 ], [ 100.6103325, 1.50022 ], [ 100.6103227, 1.5002236 ], [ 100.610322, 1.5002239 ], [ 100.608346, 1.4996889 ], [ 100.6079132, 1.4995988 ], [ 100.6076031, 1.4995844 ], [ 100.6074175, 1.4998056 ], [ 100.607374, 1.5000028 ], [ 100.6069798, 1.5006224 ], [ 100.6069968, 1.5006677 ], [ 100.6069024, 1.50081 ], [ 100.6066318, 1.5014582 ], [ 100.6063314, 1.5025829 ], [ 100.6057082, 1.5036652 ], [ 100.6055518, 1.5041407 ], [ 100.6053254, 1.5044181 ], [ 100.6053335, 1.5044098 ], [ 100.6053296, 1.5044044 ], [ 100.6041967, 1.5041332 ], [ 100.6042128, 1.5039966 ], [ 100.6045979, 1.5034527 ], [ 100.6046612, 1.5032268 ], [ 100.6047114, 1.5031641 ], [ 100.6047152, 1.5029764 ], [ 100.6046619, 1.5028306 ], [ 100.6046085, 1.5027016 ], [ 100.6045653, 1.5025169 ], [ 100.604518, 1.5023453 ], [ 100.6044721, 1.5021797 ], [ 100.6044506, 1.5020309 ], [ 100.6044141, 1.5018841 ], [ 100.6044654, 1.501734 ], [ 100.6044208, 1.5016155 ], [ 100.6042052, 1.5011153 ], [ 100.6041791, 1.5010506 ], [ 100.6041941, 1.5009953 ], [ 100.6042451, 1.5010687 ], [ 100.6043202, 1.5009946 ], [ 100.6043712, 1.500875 ], [ 100.6044748, 1.5007634 ], [ 100.6046293, 1.5005763 ], [ 100.604691, 1.5005602 ], [ 100.6047437, 1.5005783 ], [ 100.6052714, 1.501012 ], [ 100.6052995, 1.5010496 ], [ 100.6053368, 1.5010881 ], [ 100.6053981, 1.501134 ], [ 100.6056171, 1.5013184 ], [ 100.6056751, 1.5013807 ], [ 100.6057679, 1.5013536 ], [ 100.6058209, 1.5012986 ], [ 100.6058098, 1.5012242 ], [ 100.6058417, 1.5011947 ], [ 100.605901, 1.5009812 ], [ 100.6060429, 1.500579 ], [ 100.606353, 1.5000143 ], [ 100.606414, 1.4998537 ], [ 100.6064915, 1.4996962 ], [ 100.6065246, 1.4996741 ], [ 100.6066407, 1.4994281 ], [ 100.6067033, 1.4992809 ], [ 100.6067714, 1.4991405 ], [ 100.6068562, 1.498934 ], [ 100.6069075, 1.4987651 ], [ 100.6069971, 1.4986438 ], [ 100.6070812, 1.498501 ], [ 100.6071536, 1.4983468 ], [ 100.6077276, 1.4975133 ], [ 100.6083294, 1.4972777 ], [ 100.6086044, 1.4972897 ], [ 100.608722, 1.4973202 ], [ 100.6089651, 1.497392 ], [ 100.6092347, 1.4975106 ], [ 100.6093983, 1.4975666 ], [ 100.6096223, 1.4976658 ], [ 100.6099649, 1.4977694 ], [ 100.610213, 1.4978213 ], [ 100.6104209, 1.4978961 ], [ 100.6105724, 1.4979279 ], [ 100.610961, 1.4980455 ], [ 100.6111377, 1.4981186 ], [ 100.6113117, 1.4981823 ], [ 100.6114525, 1.4982406 ], [ 100.6115028, 1.4982818 ], [ 100.6116728, 1.4982661 ], [ 100.6116607, 1.4982902 ] ] ] } },
{ "type": "Feature", "properties": { "Name": null, "description": null, "timestamp": null, "begin": null, "end": null }, "geometry": { "type": "Polygon", "coordinates": [ [ [ 100.6177155, 1.476758 ], [ 100.6171006, 1.4772259 ], [ 100.616717, 1.4774907 ], [ 100.6163549, 1.4777052 ], [ 100.6157732, 1.4778898 ], [ 100.6155546, 1.4781258 ], [ 100.6151828, 1.4786476 ], [ 100.6150433, 1.4788843 ], [ 100.6147674, 1.4796052 ], [ 100.61475, 1.4800268 ], [ 100.6144834, 1.4802323 ], [ 100.6143879, 1.4804062 ], [ 100.6141508, 1.4806764 ], [ 100.6139919, 1.4808493 ], [ 100.6134823, 1.481275 ], [ 100.6130299, 1.4805117 ], [ 100.6137665, 1.4803884 ], [ 100.6142762, 1.4802108 ], [ 100.6143783, 1.4800994 ], [ 100.6143607, 1.4799387 ], [ 100.614292, 1.4797017 ], [ 100.6143001, 1.478596 ], [ 100.6142913, 1.4782256 ], [ 100.6144345, 1.4780714 ], [ 100.614516, 1.477858 ], [ 100.6146392, 1.4777718 ], [ 100.6146891, 1.4776586 ], [ 100.6149552, 1.4773509 ], [ 100.6149555, 1.4773511 ], [ 100.6149557, 1.4773511 ], [ 100.6149557, 1.4773509 ], [ 100.6149557, 1.4773508 ], [ 100.6149557, 1.4773508 ], [ 100.6153097, 1.4766193 ], [ 100.6154953, 1.4764644 ], [ 100.6155637, 1.4764259 ], [ 100.615838, 1.4762764 ], [ 100.616145, 1.4761563 ], [ 100.6164164, 1.4759827 ], [ 100.6169812, 1.4753827 ], [ 100.6174599, 1.4750198 ], [ 100.6176355, 1.4749089 ], [ 100.6179032, 1.4746648 ], [ 100.6179401, 1.4745721 ], [ 100.6182456, 1.4743038 ], [ 100.6183501, 1.4741677 ], [ 100.6184772, 1.4737729 ], [ 100.6184221, 1.4735916 ], [ 100.6181128, 1.4734531 ], [ 100.6175655, 1.4733109 ], [ 100.6174505, 1.473227 ], [ 100.6174302, 1.4731379 ], [ 100.617723, 1.4725647 ], [ 100.6179756, 1.4721078 ], [ 100.6180704, 1.4720739 ], [ 100.6183366, 1.4720882 ], [ 100.6188521, 1.4719945 ], [ 100.6191875, 1.472417 ], [ 100.6196257, 1.4726004 ], [ 100.6199434, 1.4724964 ], [ 100.6202388, 1.4722671 ], [ 100.6204342, 1.4722855 ], [ 100.6205244, 1.4724236 ], [ 100.6204684, 1.4730299 ], [ 100.6204487, 1.473094 ], [ 100.6203695, 1.473223 ], [ 100.6201768, 1.4736145 ], [ 100.6200091, 1.4738913 ], [ 100.6177155, 1.476758 ] ] ] } },
{ "type": "Feature", "properties": { "Name": "Polygon", "description": null, "timestamp": null, "begin": null, "end": null }, "geometry": { "type": "Polygon", "coordinates": [ [ [ 100.6148231, 1.4810591 ], [ 100.6147111, 1.4811007 ], [ 100.6144603, 1.4809472 ], [ 100.6142474, 1.4810186 ], [ 100.6140234, 1.4812244 ], [ 100.6139198, 1.4813863 ], [ 100.6137053, 1.4816249 ], [ 100.6134856, 1.481285 ], [ 100.6138772, 1.480951 ], [ 100.6139947, 1.480855 ], [ 100.614161, 1.4806751 ], [ 100.6143922, 1.4804078 ], [ 100.6144854, 1.480237 ], [ 100.6145998, 1.4801522 ], [ 100.6147533, 1.4800328 ], [ 100.6153042, 1.48043 ], [ 100.6155436, 1.4804475 ], [ 100.6156532, 1.4804062 ], [ 100.6158021, 1.4802997 ], [ 100.6160907, 1.4800369 ], [ 100.6160301, 1.4799357 ], [ 100.615618, 1.4795841 ], [ 100.6152982, 1.4790472 ], [ 100.6150594, 1.4788853 ], [ 100.6151932, 1.4786493 ], [ 100.6155546, 1.4781312 ], [ 100.6156401, 1.4782562 ], [ 100.6160183, 1.4784046 ], [ 100.6161783, 1.4784251 ], [ 100.6164606, 1.4784174 ], [ 100.616645, 1.4783906 ], [ 100.6168123, 1.4786218 ], [ 100.6174298, 1.4789664 ], [ 100.6179395, 1.4792107 ], [ 100.6182989, 1.479378 ], [ 100.6181869, 1.4794085 ], [ 100.6180156, 1.4794936 ], [ 100.6176055, 1.4798056 ], [ 100.6173889, 1.4796116 ], [ 100.6172696, 1.4794195 ], [ 100.6171878, 1.4794232 ], [ 100.6170979, 1.4794698 ], [ 100.6171053, 1.4795395 ], [ 100.6170164, 1.4797208 ], [ 100.6169269, 1.4798204 ], [ 100.6167227, 1.4801435 ], [ 100.6166077, 1.4802424 ], [ 100.6165675, 1.4802517 ], [ 100.6164243, 1.480114 ], [ 100.616303, 1.4800758 ], [ 100.6162436, 1.4800828 ], [ 100.61597, 1.4802373 ], [ 100.6156841, 1.4805075 ], [ 100.6154842, 1.4805108 ], [ 100.6153075, 1.4805872 ], [ 100.6148231, 1.4810591 ] ] ] } },
{ "type": "Feature", "properties": { "Name": "Polygon", "description": null, "timestamp": null, "begin": null, "end": null }, "geometry": { "type": "Polygon", "coordinates": [ [ [ 100.6147533, 1.4800328 ], [ 100.6147761, 1.4796106 ], [ 100.615048, 1.4788919 ], [ 100.6152948, 1.4790522 ], [ 100.6156266, 1.4795891 ], [ 100.6160276, 1.4799316 ], [ 100.6160895, 1.4800371 ], [ 100.6158053, 1.4803068 ], [ 100.6156513, 1.4804091 ], [ 100.6155467, 1.4804459 ], [ 100.6153114, 1.4804348 ], [ 100.6149478, 1.4801837 ], [ 100.6147533, 1.4800328 ] ] ] } },
{ "type": "Feature", "properties": { "Name": "Polygon", "description": null, "timestamp": null, "begin": null, "end": null }, "geometry": { "type": "Polygon", "coordinates": [ [ [ 100.6154663, 1.4782074 ], [ 100.6154545, 1.4782915 ], [ 100.6154085, 1.4783463 ], [ 100.6154663, 1.4782074 ] ] ] } },
{ "type": "Feature", "properties": { "Name": "Polygon", "description": null, "timestamp": null, "begin": null, "end": null }, "geometry": { "type": "Polygon", "coordinates": [ [ [ 100.6163645, 1.4777212 ], [ 100.6166434, 1.4775626 ], [ 100.616902, 1.4773871 ], [ 100.6169447, 1.4773615 ], [ 100.6174263, 1.4770036 ], [ 100.6177195, 1.4767727 ], [ 100.6178996, 1.4767231 ], [ 100.61814, 1.4767419 ], [ 100.618443, 1.4769269 ], [ 100.6186033, 1.4774276 ], [ 100.6185798, 1.477795 ], [ 100.6187022, 1.4780115 ], [ 100.6184742, 1.4782714 ], [ 100.6179763, 1.4781586 ], [ 100.6178074, 1.4777484 ], [ 100.6175415, 1.4775721 ], [ 100.6173296, 1.4776674 ], [ 100.6168599, 1.4783865 ], [ 100.6166486, 1.478406 ], [ 100.616544, 1.4783993 ], [ 100.6164365, 1.4784002 ], [ 100.6163087, 1.4784095 ], [ 100.6161977, 1.4784229 ], [ 100.6160694, 1.478408 ], [ 100.6158814, 1.4783646 ], [ 100.6157441, 1.4783282 ], [ 100.6156554, 1.4782982 ], [ 100.6155525, 1.4781588 ], [ 100.6156837, 1.4780172 ], [ 100.6158094, 1.4779126 ], [ 100.6162252, 1.4777779 ], [ 100.6163645, 1.4777212 ] ] ] } },
{ "type": "Feature", "properties": { "Name": "Polygon", "description": null, "timestamp": null, "begin": null, "end": null }, "geometry": { "type": "Polygon", "coordinates": [ [ [ 100.6180128, 1.4765091 ], [ 100.6180646, 1.4764572 ], [ 100.6182924, 1.4761764 ], [ 100.6186637, 1.4756482 ], [ 100.6188356, 1.4754238 ], [ 100.6190485, 1.4751509 ], [ 100.6190299, 1.4750673 ], [ 100.6188201, 1.4745415 ], [ 100.6187501, 1.4743717 ], [ 100.618561, 1.4738879 ], [ 100.6186215, 1.4736385 ], [ 100.6187331, 1.4734863 ], [ 100.6187942, 1.4734033 ], [ 100.6189024, 1.4732448 ], [ 100.6190352, 1.4730575 ], [ 100.6189798, 1.473161 ], [ 100.6189254, 1.4732279 ], [ 100.6186274, 1.4736552 ], [ 100.6185711, 1.4737393 ], [ 100.6185481, 1.4738343 ], [ 100.6185834, 1.4739515 ], [ 100.6189528, 1.4748933 ], [ 100.6190523, 1.4751358 ], [ 100.6192336, 1.4750016 ], [ 100.6193012, 1.4749261 ], [ 100.6180128, 1.4765091 ] ] ] } },
{ "type": "Feature", "properties": { "Name": "Polygon", "description": null, "timestamp": null, "begin": null, "end": null }, "geometry": { "type": "Polygon", "coordinates": [ [ [ 100.6197771, 1.4743036 ], [ 100.6198556, 1.4741886 ], [ 100.6199754, 1.4739924 ], [ 100.6200145, 1.4739154 ], [ 100.6200596, 1.4738346 ], [ 100.6201871, 1.4736235 ], [ 100.6203736, 1.4732418 ], [ 100.620459, 1.4731051 ], [ 100.6204839, 1.4730501 ], [ 100.6205516, 1.4730688 ], [ 100.6205999, 1.4731483 ], [ 100.6207943, 1.473597 ], [ 100.6207521, 1.4739379 ], [ 100.6206971, 1.474268 ], [ 100.6206002, 1.4744065 ], [ 100.6203504, 1.4745509 ], [ 100.6200866, 1.4744973 ], [ 100.6196966, 1.4744199 ], [ 100.6197771, 1.4743036 ] ] ] } },
{ "type": "Feature", "properties": { "Name": "Polygon", "description": null, "timestamp": null, "begin": null, "end": null }, "geometry": { "type": "Polygon", "coordinates": [ [ [ 100.6221958, 1.4729998 ], [ 100.6222203, 1.4729146 ], [ 100.6223048, 1.4727383 ], [ 100.6223728, 1.4725842 ], [ 100.6223376, 1.4724474 ], [ 100.6221854, 1.4723485 ], [ 100.6219956, 1.4723167 ], [ 100.6217572, 1.4722748 ], [ 100.6220409, 1.4720767 ], [ 100.6227865, 1.471727 ], [ 100.6235507, 1.4714083 ], [ 100.6236288, 1.471539 ], [ 100.6235557, 1.4721093 ], [ 100.6235863, 1.472353 ], [ 100.6235669, 1.4727444 ], [ 100.623495, 1.4736344 ], [ 100.6234453, 1.4740447 ], [ 100.62335, 1.4743079 ], [ 100.6232878, 1.4749109 ], [ 100.6230081, 1.4749016 ], [ 100.6229632, 1.4748621 ], [ 100.6229549, 1.4747653 ], [ 100.6229051, 1.4747406 ], [ 100.622574, 1.4746815 ], [ 100.6223926, 1.4745479 ], [ 100.6221782, 1.4744678 ], [ 100.6220219, 1.4743368 ], [ 100.6218001, 1.4743307 ], [ 100.6216597, 1.4743555 ], [ 100.6216862, 1.4741481 ], [ 100.6217606, 1.4739922 ], [ 100.6218407, 1.4738112 ], [ 100.6219856, 1.4735146 ], [ 100.6220553, 1.4733752 ], [ 100.6221958, 1.4729998 ] ] ] } },
{ "type": "Feature", "properties": { "Name": "Polygon", "description": null, "timestamp": null, "begin": null, "end": null }, "geometry": { "type": "Polygon", "coordinates": [ [ [ 100.6155647, 1.4955348 ], [ 100.6152871, 1.4952657 ], [ 100.6152113, 1.4950827 ], [ 100.6152904, 1.494887 ], [ 100.6154936, 1.4946098 ], [ 100.6157488, 1.4941697 ], [ 100.6158708, 1.4939525 ], [ 100.6159841, 1.4937645 ], [ 100.6160804, 1.4937598 ], [ 100.6178898, 1.4947586 ], [ 100.6178141, 1.4949175 ], [ 100.6177678, 1.4949805 ], [ 100.6176883, 1.4951585 ], [ 100.6176759, 1.4952483 ], [ 100.6178791, 1.4953197 ], [ 100.6181017, 1.4953495 ], [ 100.6182094, 1.4954175 ], [ 100.6182925, 1.4955881 ], [ 100.6183666, 1.4957051 ], [ 100.6183951, 1.4957289 ], [ 100.6184511, 1.4957979 ], [ 100.6183773, 1.4958469 ], [ 100.6183656, 1.4959045 ], [ 100.6183773, 1.4959699 ], [ 100.6184068, 1.496058 ], [ 100.6184672, 1.496183 ], [ 100.6185168, 1.496353 ], [ 100.6186033, 1.4963895 ], [ 100.6187817, 1.4964663 ], [ 100.6189191, 1.4965142 ], [ 100.6190117, 1.4965906 ], [ 100.6191796, 1.4967133 ], [ 100.619356, 1.4968061 ], [ 100.6194063, 1.496855 ], [ 100.619467, 1.4968403 ], [ 100.6195146, 1.4968644 ], [ 100.6196762, 1.496965 ], [ 100.6198167, 1.4970752 ], [ 100.6200115, 1.4971815 ], [ 100.6201466, 1.4972197 ], [ 100.6203001, 1.4973018 ], [ 100.6203863, 1.4974131 ], [ 100.620515, 1.4975197 ], [ 100.6205801, 1.4976071 ], [ 100.6206156, 1.4977077 ], [ 100.6207249, 1.497822 ], [ 100.6208148, 1.4978823 ], [ 100.6210056, 1.4981072 ], [ 100.6210558, 1.4980757 ], [ 100.6211266, 1.4981126 ], [ 100.6211735, 1.4981806 ], [ 100.6211383, 1.4982587 ], [ 100.6211869, 1.4983546 ], [ 100.6211702, 1.4984192 ], [ 100.6210394, 1.498673 ], [ 100.6209593, 1.4988811 ], [ 100.6206974, 1.4986344 ], [ 100.6204755, 1.4984853 ], [ 100.6202686, 1.4983298 ], [ 100.6202227, 1.4982597 ], [ 100.6200775, 1.4981377 ], [ 100.6198851, 1.4980097 ], [ 100.6196185, 1.4977586 ], [ 100.6194894, 1.4976655 ], [ 100.6193121, 1.4975297 ], [ 100.6191568, 1.497393 ], [ 100.6189872, 1.4972696 ], [ 100.6188625, 1.4971818 ], [ 100.6186911, 1.4970826 ], [ 100.6185634, 1.4970106 ], [ 100.6184139, 1.4969516 ], [ 100.6181316, 1.4967632 ], [ 100.6177768, 1.4966469 ], [ 100.6175284, 1.4965031 ], [ 100.6170117, 1.4963228 ], [ 100.6167127, 1.4961616 ], [ 100.616309, 1.495999 ], [ 100.6158544, 1.495749 ], [ 100.6155647, 1.4955348 ] ] ] } },
{ "type": "Feature", "properties": { "Name": "Polygon", "description": null, "timestamp": null, "begin": null, "end": null }, "geometry": { "type": "Polygon", "coordinates": [ [ [ 100.6166443, 1.4993429 ], [ 100.6166859, 1.4992323 ], [ 100.6167268, 1.4991318 ], [ 100.6167864, 1.4990165 ], [ 100.6168448, 1.498867 ], [ 100.6169071, 1.4987564 ], [ 100.6169423, 1.4986371 ], [ 100.6170107, 1.4985007 ], [ 100.6170439, 1.4983686 ], [ 100.6171485, 1.4982118 ], [ 100.6172072, 1.4980455 ], [ 100.6172857, 1.4979081 ], [ 100.6173628, 1.4977194 ], [ 100.6174533, 1.4975066 ], [ 100.61751, 1.4973444 ], [ 100.6175663, 1.4971825 ], [ 100.6176568, 1.4970039 ], [ 100.6177199, 1.4968131 ], [ 100.6177929, 1.4966851 ], [ 100.6179488, 1.496718 ], [ 100.6180967, 1.4967656 ], [ 100.6182509, 1.4968715 ], [ 100.6183948, 1.4969599 ], [ 100.6185259, 1.4970085 ], [ 100.6186425, 1.4970779 ], [ 100.6188306, 1.4971825 ], [ 100.6189617, 1.4972884 ], [ 100.6191394, 1.497394 ], [ 100.6192913, 1.4975337 ], [ 100.6194583, 1.4976732 ], [ 100.6195944, 1.497765 ], [ 100.6197188, 1.4978883 ], [ 100.6198599, 1.4980127 ], [ 100.6200514, 1.4981427 ], [ 100.6201838, 1.4982597 ], [ 100.6202579, 1.4983519 ], [ 100.6203897, 1.4984377 ], [ 100.6205174, 1.4985342 ], [ 100.6206941, 1.4986676 ], [ 100.6208517, 1.4988177 ], [ 100.6209278, 1.498923 ], [ 100.6209331, 1.4991006 ], [ 100.6208828, 1.4992833 ], [ 100.6208416, 1.4994954 ], [ 100.6207729, 1.4996949 ], [ 100.6207434, 1.4998427 ], [ 100.6207149, 1.4999854 ], [ 100.6207078, 1.500084 ], [ 100.6208299, 1.5001865 ], [ 100.6209596, 1.5003655 ], [ 100.6210699, 1.5005291 ], [ 100.6211833, 1.5006625 ], [ 100.6212667, 1.5007902 ], [ 100.6212848, 1.5008589 ], [ 100.6212617, 1.5009464 ], [ 100.6212087, 1.5010198 ], [ 100.6211048, 1.5010767 ], [ 100.6210143, 1.5011287 ], [ 100.6209392, 1.5011961 ], [ 100.6208647, 1.5013003 ], [ 100.6207994, 1.5013985 ], [ 100.6207189, 1.501485 ], [ 100.6206136, 1.5015624 ], [ 100.620557, 1.5016385 ], [ 100.6204594, 1.5017209 ], [ 100.6203789, 1.5017953 ], [ 100.6202951, 1.5018667 ], [ 100.6201955, 1.5019746 ], [ 100.6201342, 1.5020507 ], [ 100.6200708, 1.5021308 ], [ 100.6200165, 1.5022109 ], [ 100.6199669, 1.5022964 ], [ 100.6199095, 1.5023792 ], [ 100.6198408, 1.5025062 ], [ 100.6197808, 1.5025823 ], [ 100.6197335, 1.5026543 ], [ 100.6196695, 1.5027492 ], [ 100.6196222, 1.5028196 ], [ 100.6195588, 1.5028487 ], [ 100.619468, 1.5027633 ], [ 100.6193791, 1.5026466 ], [ 100.6192675, 1.5025169 ], [ 100.6192169, 1.5024613 ], [ 100.619178, 1.50241 ], [ 100.6191213, 1.502351 ], [ 100.6190703, 1.5022887 ], [ 100.6190365, 1.5022367 ], [ 100.6189969, 1.5021838 ], [ 100.61895, 1.5021392 ], [ 100.6189205, 1.5020966 ], [ 100.6188534, 1.5020122 ], [ 100.6188015, 1.5019559 ], [ 100.6187559, 1.5019032 ], [ 100.6187193, 1.5018587 ], [ 100.6186734, 1.501798 ], [ 100.6186318, 1.5017521 ], [ 100.6185845, 1.5016954 ], [ 100.6185332, 1.5016344 ], [ 100.6184806, 1.5015738 ], [ 100.6184323, 1.5015171 ], [ 100.618381, 1.5014628 ], [ 100.618323, 1.5013881 ], [ 100.6182794, 1.5013341 ], [ 100.6182322, 1.5012859 ], [ 100.6181906, 1.5012369 ], [ 100.6181634, 1.5011987 ], [ 100.6181436, 1.5011629 ], [ 100.6181068, 1.5011146 ], [ 100.6180752, 1.5010824 ], [ 100.618037, 1.5010355 ], [ 100.6180005, 1.5009869 ], [ 100.6179643, 1.500936 ], [ 100.6179217, 1.5008797 ], [ 100.617865, 1.5008036 ], [ 100.6178305, 1.5007634 ], [ 100.6177956, 1.5007181 ], [ 100.6177608, 1.5006682 ], [ 100.6177245, 1.5006333 ], [ 100.6176877, 1.5005884 ], [ 100.6176535, 1.5005432 ], [ 100.6176166, 1.5005039 ], [ 100.6175841, 1.5004617 ], [ 100.6175435, 1.5004148 ], [ 100.6174992, 1.5003659 ], [ 100.6174546, 1.5003045 ], [ 100.6174265, 1.5002579 ], [ 100.6173889, 1.5002184 ], [ 100.6173396, 1.5001664 ], [ 100.6172998, 1.5001128 ], [ 100.6172625, 1.5000485 ], [ 100.6172112, 1.5000022 ], [ 100.6171817, 1.4999553 ], [ 100.6171345, 1.4998906 ], [ 100.6170842, 1.499844 ], [ 100.6170446, 1.4997984 ], [ 100.6169943, 1.4997378 ], [ 100.616935, 1.4996841 ], [ 100.6168857, 1.4996262 ], [ 100.616829, 1.4995709 ], [ 100.6167774, 1.4995209 ], [ 100.6167365, 1.4994676 ], [ 100.6166704, 1.499414 ], [ 100.6166443, 1.4993429 ] ] ] } },
{ "type": "Feature", "properties": { "Name": "Polygon", "description": null, "timestamp": null, "begin": null, "end": null }, "geometry": { "type": "Polygon", "coordinates": [ [ [ 100.6142367, 1.4964415 ], [ 100.6142816, 1.4963788 ], [ 100.6143547, 1.4963218 ], [ 100.6144774, 1.4961767 ], [ 100.6145914, 1.4960148 ], [ 100.6146822, 1.495867 ], [ 100.6147952, 1.4957078 ], [ 100.6148687, 1.4955965 ], [ 100.6149525, 1.4954655 ], [ 100.6150283, 1.4953639 ], [ 100.6150755, 1.4952453 ], [ 100.6151483, 1.4951427 ], [ 100.6152066, 1.4951226 ], [ 100.615277, 1.4952081 ], [ 100.6153233, 1.4953086 ], [ 100.6153689, 1.4953719 ], [ 100.6154598, 1.4954185 ], [ 100.6155607, 1.4954956 ], [ 100.6157092, 1.4956263 ], [ 100.615788, 1.4957219 ], [ 100.6159053, 1.4957889 ], [ 100.6160223, 1.4958516 ], [ 100.6161471, 1.4959119 ], [ 100.6162513, 1.4959618 ], [ 100.6163791, 1.4960349 ], [ 100.6164894, 1.4960899 ], [ 100.6166497, 1.4961485 ], [ 100.6167569, 1.4962072 ], [ 100.6169219, 1.496302 ], [ 100.617049, 1.496357 ], [ 100.6172491, 1.4964445 ], [ 100.6174208, 1.496489 ], [ 100.6175717, 1.4965457 ], [ 100.6176642, 1.4965839 ], [ 100.6177195, 1.4966895 ], [ 100.6177034, 1.4967622 ], [ 100.6176612, 1.4968832 ], [ 100.6176049, 1.4969948 ], [ 100.6175653, 1.4971114 ], [ 100.6175207, 1.4972026 ], [ 100.617465, 1.4973514 ], [ 100.6174111, 1.4975002 ], [ 100.6173578, 1.4976142 ], [ 100.6172887, 1.4978079 ], [ 100.617225, 1.4979312 ], [ 100.617174, 1.4980358 ], [ 100.6171247, 1.4981501 ], [ 100.6170677, 1.498251 ], [ 100.6170315, 1.4983432 ], [ 100.6169729, 1.4984548 ], [ 100.6169299, 1.4985895 ], [ 100.6168666, 1.4987413 ], [ 100.6168106, 1.4988586 ], [ 100.6167623, 1.4989796 ], [ 100.6166956, 1.4991331 ], [ 100.6166362, 1.4992655 ], [ 100.6165779, 1.4993483 ], [ 100.616474, 1.4992491 ], [ 100.6163509, 1.4990865 ], [ 100.6162178, 1.4988965 ], [ 100.6160592, 1.4986163 ], [ 100.6159141, 1.4983961 ], [ 100.6158071, 1.4982664 ], [ 100.615623, 1.4980117 ], [ 100.6154715, 1.4978441 ], [ 100.6153096, 1.4976634 ], [ 100.6151734, 1.4975046 ], [ 100.6150229, 1.4973226 ], [ 100.6148707, 1.4971557 ], [ 100.6146953, 1.4969784 ], [ 100.6145341, 1.4967773 ], [ 100.6143735, 1.4966389 ], [ 100.6142367, 1.4964415 ] ] ] } },
{ "type": "Feature", "properties": { "Name": "Polygon", "description": null, "timestamp": null, "begin": null, "end": null }, "geometry": { "type": "Polygon", "coordinates": [ [ [ 100.6196068, 1.5029372 ], [ 100.6197355, 1.5026674 ], [ 100.6198854, 1.5024633 ], [ 100.6200373, 1.5022625 ], [ 100.6201764, 1.5020095 ], [ 100.6203591, 1.5018134 ], [ 100.6205938, 1.5016532 ], [ 100.6207165, 1.5020527 ], [ 100.6207846, 1.5023862 ], [ 100.6208383, 1.5026064 ], [ 100.6208882, 1.5028665 ], [ 100.6210113, 1.5032224 ], [ 100.6210683, 1.5035509 ], [ 100.6210448, 1.5038274 ], [ 100.6209975, 1.5039806 ], [ 100.6209348, 1.5041418 ], [ 100.6208423, 1.5042306 ], [ 100.6207568, 1.5041991 ], [ 100.6206361, 1.5040647 ], [ 100.6205234, 1.5039333 ], [ 100.6204118, 1.5038116 ], [ 100.6203035, 1.503688 ], [ 100.6201727, 1.5035462 ], [ 100.6200597, 1.5034286 ], [ 100.6199337, 1.5033009 ], [ 100.6198368, 1.5031852 ], [ 100.6197372, 1.5030827 ], [ 100.6196068, 1.5029372 ] ] ] } },
{ "type": "Feature", "properties": { "Name": "Polygon", "description": null, "timestamp": null, "begin": null, "end": null }, "geometry": { "type": "Polygon", "coordinates": [ [ [ 100.6231822, 1.5232113 ], [ 100.6231922, 1.5230521 ], [ 100.6229626, 1.5226644 ], [ 100.622688, 1.5225853 ], [ 100.6222571, 1.5224374 ], [ 100.6216171, 1.5222139 ], [ 100.6209905, 1.5220182 ], [ 100.6208104, 1.5217779 ], [ 100.6209053, 1.5210509 ], [ 100.6209372, 1.5207664 ], [ 100.6209673, 1.5195739 ], [ 100.6207454, 1.5188 ], [ 100.6205717, 1.5179557 ], [ 100.6204849, 1.5173146 ], [ 100.6204373, 1.5166895 ], [ 100.6204376, 1.5159605 ], [ 100.6205258, 1.515625 ], [ 100.6205456, 1.5153093 ], [ 100.6207722, 1.5132203 ], [ 100.6206465, 1.5123659 ], [ 100.6213837, 1.5123971 ], [ 100.6214122, 1.5132283 ], [ 100.6213774, 1.5140431 ], [ 100.6213878, 1.5145693 ], [ 100.6214354, 1.5152205 ], [ 100.6214371, 1.5160088 ], [ 100.6214096, 1.5165621 ], [ 100.6214008, 1.5172663 ], [ 100.6213905, 1.5176715 ], [ 100.6212798, 1.5183284 ], [ 100.6212869, 1.5188962 ], [ 100.6212744, 1.5198701 ], [ 100.6214002, 1.5198158 ], [ 100.6214756, 1.5201899 ], [ 100.6217147, 1.5203464 ], [ 100.6221197, 1.5204637 ], [ 100.6224141, 1.5207979 ], [ 100.622354, 1.5212456 ], [ 100.622972, 1.5216257 ], [ 100.6236355, 1.5219746 ], [ 100.6243835, 1.5223986 ], [ 100.6246312, 1.5226664 ], [ 100.6251258, 1.5229315 ], [ 100.6231822, 1.5232113 ] ] ] } },
{ "type": "Feature", "properties": { "Name": "Polygon", "description": null, "timestamp": null, "begin": null, "end": null }, "geometry": { "type": "Polygon", "coordinates": [ [ [ 100.6214786, 1.5230488 ], [ 100.6211343, 1.5229174 ], [ 100.6208976, 1.5226667 ], [ 100.6208269, 1.5227937 ], [ 100.6205925, 1.5223929 ], [ 100.6205348, 1.5222444 ], [ 100.6204581, 1.5220074 ], [ 100.6203843, 1.5217423 ], [ 100.6203347, 1.5216344 ], [ 100.6203286, 1.5215097 ], [ 100.6203511, 1.5214092 ], [ 100.6202954, 1.5208635 ], [ 100.6202904, 1.5208371 ], [ 100.620276, 1.5207154 ], [ 100.6201952, 1.5206946 ], [ 100.6201851, 1.520694 ], [ 100.6200735, 1.5207178 ], [ 100.6199236, 1.5207533 ], [ 100.6197895, 1.5207623 ], [ 100.619765, 1.5207503 ], [ 100.6197677, 1.5206477 ], [ 100.619755, 1.520516 ], [ 100.6195987, 1.5203876 ], [ 100.6195394, 1.5202556 ], [ 100.6194878, 1.5200843 ], [ 100.6194314, 1.5199238 ], [ 100.6192665, 1.5198148 ], [ 100.6192222, 1.519777 ], [ 100.6191223, 1.5197032 ], [ 100.6189644, 1.5195206 ], [ 100.6188467, 1.5192987 ], [ 100.6186623, 1.5190862 ], [ 100.6185936, 1.5190212 ], [ 100.6183448, 1.5187919 ], [ 100.6182881, 1.5186854 ], [ 100.6182778, 1.5184635 ], [ 100.6182828, 1.5183633 ], [ 100.6183649, 1.5180258 ], [ 100.6183904, 1.5177513 ], [ 100.6184135, 1.5173011 ], [ 100.6184031, 1.5171245 ], [ 100.6183495, 1.5169499 ], [ 100.6183492, 1.5169047 ], [ 100.6184528, 1.516663 ], [ 100.6185198, 1.5165175 ], [ 100.6185701, 1.5163459 ], [ 100.6185815, 1.51618 ], [ 100.6185772, 1.5159944 ], [ 100.6185436, 1.5156978 ], [ 100.6185393, 1.5155198 ], [ 100.6185426, 1.5151739 ], [ 100.6185631, 1.5151059 ], [ 100.6185597, 1.5148572 ], [ 100.618499, 1.5146671 ], [ 100.6184591, 1.5145049 ], [ 100.6183777, 1.5139174 ], [ 100.6182633, 1.51342 ], [ 100.6180085, 1.5128472 ], [ 100.6179609, 1.5126592 ], [ 100.6180236, 1.5125432 ], [ 100.6181208, 1.5123237 ], [ 100.6182436, 1.5121776 ], [ 100.618498, 1.5118833 ], [ 100.6189641, 1.5115686 ], [ 100.6190998, 1.5114221 ], [ 100.6194378, 1.5109512 ], [ 100.6194717, 1.5107997 ], [ 100.6180796, 1.5099394 ], [ 100.6182016, 1.5095741 ], [ 100.6183368, 1.5093026 ], [ 100.6185711, 1.5090009 ], [ 100.6187133, 1.5087502 ], [ 100.6189248, 1.5083752 ], [ 100.6191927, 1.5078865 ], [ 100.6194666, 1.5074451 ], [ 100.6195407, 1.5072899 ], [ 100.619702, 1.5068009 ], [ 100.6199089, 1.5062684 ], [ 100.6201496, 1.5056875 ], [ 100.6203739, 1.505278 ], [ 100.6206783, 1.5042678 ], [ 100.6208708, 1.5042118 ], [ 100.6211551, 1.503875 ], [ 100.6218173, 1.5036253 ], [ 100.6218793, 1.5041052 ], [ 100.6217247, 1.5046911 ], [ 100.6215138, 1.5058843 ], [ 100.6216027, 1.5064393 ], [ 100.6212107, 1.5061561 ], [ 100.6210491, 1.5062932 ], [ 100.6207746, 1.5068418 ], [ 100.6206076, 1.507185 ], [ 100.6203477, 1.5074099 ], [ 100.6202294, 1.5076915 ], [ 100.6204031, 1.508217 ], [ 100.6205647, 1.5087147 ], [ 100.620686, 1.5092533 ], [ 100.6207038, 1.5099565 ], [ 100.6206636, 1.5105842 ], [ 100.6205955, 1.5110216 ], [ 100.6205881, 1.5116085 ], [ 100.62063, 1.51237 ], [ 100.6207497, 1.5132243 ], [ 100.6205734, 1.5148478 ], [ 100.6205201, 1.5153113 ], [ 100.6204976, 1.5156475 ], [ 100.6204118, 1.5159712 ], [ 100.6204121, 1.5167143 ], [ 100.6204627, 1.5173243 ], [ 100.6205546, 1.5179745 ], [ 100.6207306, 1.5188271 ], [ 100.6208376, 1.5192035 ], [ 100.6209445, 1.5195799 ], [ 100.6209157, 1.52077 ], [ 100.6207883, 1.5217869 ], [ 100.6209821, 1.5220299 ], [ 100.6229512, 1.5226824 ], [ 100.6231842, 1.5230568 ], [ 100.6231691, 1.5232204 ], [ 100.6228895, 1.5233937 ], [ 100.6223795, 1.5233179 ], [ 100.6221284, 1.5232177 ], [ 100.6214786, 1.5230488 ] ] ] } },
{ "type": "Feature", "properties": { "Name": "Polygon", "description": null, "timestamp": null, "begin": null, "end": null }, "geometry": { "type": "Polygon", "coordinates": [ [ [ 100.61406, 1.5076697 ], [ 100.6141602, 1.5064829 ], [ 100.614245, 1.5056239 ], [ 100.6142011, 1.5052006 ], [ 100.6142424, 1.5047987 ], [ 100.614358, 1.5043875 ], [ 100.6145149, 1.5040912 ], [ 100.6149515, 1.5037272 ], [ 100.6158073, 1.5044344 ], [ 100.6166631, 1.5051416 ], [ 100.6173668, 1.5057505 ], [ 100.6182425, 1.5064363 ], [ 100.6189004, 1.5069702 ], [ 100.6194234, 1.5073999 ], [ 100.6191428, 1.507977 ], [ 100.6186563, 1.5087576 ], [ 100.6182664, 1.5093565 ], [ 100.6180052, 1.5099374 ], [ 100.6173987, 1.5096012 ], [ 100.6169464, 1.5093043 ], [ 100.6165792, 1.5090928 ], [ 100.6159845, 1.5087834 ], [ 100.61573, 1.5085977 ], [ 100.6155721, 1.5085491 ], [ 100.6153619, 1.5084134 ], [ 100.6152261, 1.5083765 ], [ 100.6149595, 1.5082002 ], [ 100.6146789, 1.5080062 ], [ 100.6144435, 1.5079143 ], [ 100.6142514, 1.5077729 ], [ 100.61406, 1.5076697 ] ] ] } },
{ "type": "Feature", "properties": { "Name": "Polygon", "description": null, "timestamp": null, "begin": null, "end": null }, "geometry": { "type": "Polygon", "coordinates": [ [ [ 100.6121901, 1.5103302 ], [ 100.6115048, 1.5099615 ], [ 100.6115994, 1.5096481 ], [ 100.6115991, 1.5093066 ], [ 100.6113895, 1.5092825 ], [ 100.6112722, 1.5093106 ], [ 100.6111981, 1.509314 ], [ 100.6111511, 1.5093022 ], [ 100.6110609, 1.5090475 ], [ 100.6111035, 1.5088799 ], [ 100.6112041, 1.5088287 ], [ 100.6112457, 1.5087442 ], [ 100.6113821, 1.5086607 ], [ 100.6113838, 1.5085475 ], [ 100.6113721, 1.5084523 ], [ 100.6113338, 1.5083678 ], [ 100.6112872, 1.5083986 ], [ 100.6111732, 1.5083735 ], [ 100.6109409, 1.508275 ], [ 100.6108782, 1.5081543 ], [ 100.6107873, 1.5080997 ], [ 100.6107203, 1.5080099 ], [ 100.610728, 1.5078389 ], [ 100.6107233, 1.5077481 ], [ 100.6107059, 1.5076439 ], [ 100.610725, 1.5076023 ], [ 100.6107468, 1.507546 ], [ 100.6107428, 1.5074776 ], [ 100.6107035, 1.5073979 ], [ 100.6107444, 1.5072289 ], [ 100.6107481, 1.5071529 ], [ 100.6107065, 1.5071203 ], [ 100.6106231, 1.5071073 ], [ 100.6105587, 1.5071582 ], [ 100.6104377, 1.5072249 ], [ 100.6103562, 1.5072524 ], [ 100.6102737, 1.5072494 ], [ 100.610211, 1.5072806 ], [ 100.6101175, 1.5072665 ], [ 100.6100263, 1.5072611 ], [ 100.6098958, 1.5072169 ], [ 100.6098429, 1.507184 ], [ 100.6098127, 1.5071197 ], [ 100.6097835, 1.5070262 ], [ 100.6097155, 1.5070108 ], [ 100.6096689, 1.5069591 ], [ 100.6096451, 1.5069109 ], [ 100.6096246, 1.5068619 ], [ 100.6096149, 1.5068606 ], [ 100.6095562, 1.5068167 ], [ 100.6095217, 1.5067098 ], [ 100.6095143, 1.5066009 ], [ 100.6094825, 1.5065667 ], [ 100.6094643, 1.5065616 ], [ 100.609399, 1.5065037 ], [ 100.609352, 1.5064319 ], [ 100.6093014, 1.5063166 ], [ 100.6092186, 1.5062017 ], [ 100.6091787, 1.506073 ], [ 100.6091666, 1.5059862 ], [ 100.6090905, 1.5059416 ], [ 100.6089832, 1.5059292 ], [ 100.6089651, 1.5059352 ], [ 100.6089115, 1.5058702 ], [ 100.6088521, 1.5057878 ], [ 100.608794, 1.5056864 ], [ 100.6086047, 1.5054435 ], [ 100.6085658, 1.5053373 ], [ 100.6085792, 1.5051974 ], [ 100.6085537, 1.5049512 ], [ 100.6084981, 1.5048744 ], [ 100.6084441, 1.5048138 ], [ 100.6084401, 1.5047451 ], [ 100.6084478, 1.5046573 ], [ 100.6084243, 1.5045889 ], [ 100.608432, 1.5044937 ], [ 100.608431, 1.5044183 ], [ 100.6084843, 1.5043358 ], [ 100.6085014, 1.5042477 ], [ 100.608484, 1.5041921 ], [ 100.6084304, 1.5041314 ], [ 100.6083204, 1.5040932 ], [ 100.6082681, 1.5041109 ], [ 100.6081038, 1.5041063 ], [ 100.6080173, 1.5040975 ], [ 100.6079995, 1.5040871 ], [ 100.607858, 1.5039605 ], [ 100.6078044, 1.5038137 ], [ 100.607732, 1.5037185 ], [ 100.6076938, 1.5036253 ], [ 100.6076311, 1.5035187 ], [ 100.6076073, 1.5034426 ], [ 100.607619, 1.5033464 ], [ 100.6075955, 1.5032399 ], [ 100.6075348, 1.5031219 ], [ 100.6075181, 1.5029865 ], [ 100.6075295, 1.50289 ], [ 100.6075261, 1.5028025 ], [ 100.6074701, 1.5027116 ], [ 100.6074242, 1.5026168 ], [ 100.607394, 1.5024914 ], [ 100.6074218, 1.5023678 ], [ 100.6073866, 1.5022361 ], [ 100.6073876, 1.5021375 ], [ 100.6073716, 1.5020226 ], [ 100.6073746, 1.5019233 ], [ 100.6073263, 1.5018329 ], [ 100.6073226, 1.5017608 ], [ 100.6072589, 1.5017122 ], [ 100.6067583, 1.5016026 ], [ 100.6066081, 1.5015406 ], [ 100.6067255, 1.5012262 ], [ 100.6069085, 1.5008019 ], [ 100.6072908, 1.5002462 ], [ 100.6074859, 1.4999352 ], [ 100.6076683, 1.4997069 ], [ 100.60774, 1.4996003 ], [ 100.6078711, 1.4995947 ], [ 100.6080042, 1.4996794 ], [ 100.6084548, 1.4997388 ], [ 100.6086677, 1.4998092 ], [ 100.6091509, 1.4999446 ], [ 100.6093939, 1.4999791 ], [ 100.6097953, 1.50009 ], [ 100.6103186, 1.5002542 ], [ 100.6093819, 1.5045329 ], [ 100.6095337, 1.5046878 ], [ 100.6096836, 1.5048195 ], [ 100.6098583, 1.5049519 ], [ 100.6100865, 1.5051225 ], [ 100.6102378, 1.5052475 ], [ 100.6103599, 1.5053648 ], [ 100.6105255, 1.5055324 ], [ 100.6106311, 1.5055944 ], [ 100.610781, 1.5056986 ], [ 100.6109131, 1.5058109 ], [ 100.6110046, 1.5058709 ], [ 100.6111833, 1.5059882 ], [ 100.6113369, 1.5060629 ], [ 100.6113925, 1.5061018 ], [ 100.6114331, 1.5062804 ], [ 100.6114834, 1.5064557 ], [ 100.6115561, 1.5065348 ], [ 100.6117486, 1.5065864 ], [ 100.6119652, 1.5066863 ], [ 100.6121563, 1.5067714 ], [ 100.6123293, 1.5068549 ], [ 100.6125429, 1.5069176 ], [ 100.6126609, 1.5070262 ], [ 100.6121901, 1.5103302 ] ] ] } },
{ "type": "Feature", "properties": { "Name": "Polygon", "description": null, "timestamp": null, "begin": null, "end": null }, "geometry": { "type": "Polygon", "coordinates": [ [ [ 100.6180524, 1.5099514 ], [ 100.6182814, 1.5094316 ], [ 100.6184266, 1.5091983 ], [ 100.6185299, 1.5090274 ], [ 100.6186754, 1.5088116 ], [ 100.618775, 1.508716 ], [ 100.6193815, 1.5087137 ], [ 100.6194847, 1.5085823 ], [ 100.6195857, 1.5085002 ], [ 100.619708, 1.5083403 ], [ 100.6198666, 1.508158 ], [ 100.6201037, 1.5077823 ], [ 100.6202136, 1.507672 ], [ 100.6203498, 1.5081057 ], [ 100.6204151, 1.5083252 ], [ 100.6204668, 1.5085039 ], [ 100.6205268, 1.5087127 ], [ 100.6206153, 1.5090365 ], [ 100.6206693, 1.5093378 ], [ 100.6206656, 1.5095224 ], [ 100.6206696, 1.5095975 ], [ 100.6206783, 1.5096739 ], [ 100.6206787, 1.509815 ], [ 100.620675, 1.5099592 ], [ 100.6206602, 1.5101797 ], [ 100.6206428, 1.5103151 ], [ 100.6206471, 1.5105527 ], [ 100.6206371, 1.5108041 ], [ 100.6206049, 1.5108798 ], [ 100.620557, 1.5109204 ], [ 100.6204752, 1.5109465 ], [ 100.6203377, 1.5109465 ], [ 100.6200956, 1.5109368 ], [ 100.6198877, 1.5109294 ], [ 100.6197211, 1.5108999 ], [ 100.6195592, 1.5108262 ], [ 100.6180524, 1.5099514 ] ] ] } },
{ "type": "Feature", "properties": { "Name": "Polygon", "description": null, "timestamp": null, "begin": null, "end": null }, "geometry": { "type": "Polygon", "coordinates": [ [ [ 100.6123028, 1.5097004 ], [ 100.6123303, 1.5090817 ], [ 100.6123668, 1.5088491 ], [ 100.6124104, 1.5087707 ], [ 100.6124637, 1.5081868 ], [ 100.6125053, 1.5078419 ], [ 100.6125972, 1.5075326 ], [ 100.6126629, 1.5071317 ], [ 100.6128339, 1.5070664 ], [ 100.612978, 1.5071304 ], [ 100.6131735, 1.5071572 ], [ 100.6134042, 1.5073111 ], [ 100.6137395, 1.5075189 ], [ 100.6139946, 1.5076677 ], [ 100.6142521, 1.5077836 ], [ 100.6144469, 1.5079308 ], [ 100.6146786, 1.5080182 ], [ 100.6152217, 1.5083876 ], [ 100.6153642, 1.5084218 ], [ 100.6155823, 1.5085706 ], [ 100.615734, 1.5086085 ], [ 100.6159895, 1.5087998 ], [ 100.6165611, 1.5091122 ], [ 100.6169373, 1.509327 ], [ 100.6173782, 1.5096233 ], [ 100.6179911, 1.509984 ], [ 100.6178972, 1.5102719 ], [ 100.6176498, 1.5109355 ], [ 100.6175137, 1.5112073 ], [ 100.6173189, 1.5115884 ], [ 100.6170439, 1.5119708 ], [ 100.6167921, 1.5122835 ], [ 100.6165973, 1.5125597 ], [ 100.6164545, 1.5127939 ], [ 100.6161162, 1.5126257 ], [ 100.6157414, 1.5123857 ], [ 100.6153478, 1.5121622 ], [ 100.6151536, 1.5120221 ], [ 100.6151101, 1.5118029 ], [ 100.6149371, 1.5116832 ], [ 100.6147175, 1.5115917 ], [ 100.6143533, 1.511523 ], [ 100.6140409, 1.5112606 ], [ 100.6139279, 1.5111299 ], [ 100.613606, 1.5109824 ], [ 100.6134558, 1.5108959 ], [ 100.6132469, 1.5108554 ], [ 100.6131581, 1.5107478 ], [ 100.6128141, 1.5105846 ], [ 100.6125147, 1.510361 ], [ 100.6122408, 1.5102427 ], [ 100.6122679, 1.5098915 ], [ 100.6123028, 1.5097004 ] ] ] } },
{ "type": "Feature", "properties": { "Name": "Polygon", "description": null, "timestamp": null, "begin": null, "end": null }, "geometry": { "type": "Polygon", "coordinates": [ [ [ 100.6002754, 1.5022535 ], [ 100.6006298, 1.501853 ], [ 100.6011622, 1.5014397 ], [ 100.6013929, 1.5012141 ], [ 100.6014895, 1.5011354 ], [ 100.6015565, 1.5009805 ], [ 100.6017604, 1.5008277 ], [ 100.6019853, 1.5004939 ], [ 100.6022713, 1.4999529 ], [ 100.6024916, 1.4996714 ], [ 100.6026395, 1.4995253 ], [ 100.6029784, 1.4993564 ], [ 100.6033285, 1.4992397 ], [ 100.6034626, 1.4996138 ], [ 100.6036175, 1.5000049 ], [ 100.603772, 1.5003618 ], [ 100.6038897, 1.5006226 ], [ 100.6041656, 1.501117 ], [ 100.604337, 1.501493 ], [ 100.604407, 1.5017347 ], [ 100.6043645, 1.5018975 ], [ 100.6044178, 1.5021687 ], [ 100.6044399, 1.5024318 ], [ 100.6046977, 1.5031081 ], [ 100.6044805, 1.5035375 ], [ 100.6042059, 1.5039336 ], [ 100.6041767, 1.504126 ], [ 100.6020977, 1.5032161 ], [ 100.6020745, 1.5033159 ], [ 100.602036, 1.5034591 ], [ 100.6019894, 1.5036025 ], [ 100.6019223, 1.5037791 ], [ 100.6018207, 1.5039454 ], [ 100.6016457, 1.5043358 ], [ 100.6015562, 1.5046418 ], [ 100.6012712, 1.5042169 ], [ 100.6011562, 1.5040191 ], [ 100.6010325, 1.5038723 ], [ 100.6009363, 1.5037262 ], [ 100.6008535, 1.5036132 ], [ 100.6005933, 1.5031906 ], [ 100.6004867, 1.5030874 ], [ 100.6004347, 1.5029865 ], [ 100.6002432, 1.5026661 ], [ 100.6002054, 1.5025129 ], [ 100.6002754, 1.5022535 ] ] ] } },
{ "type": "Feature", "properties": { "Name": "Polygon", "description": null, "timestamp": null, "begin": null, "end": null }, "geometry": { "type": "Polygon", "coordinates": [ [ [ 100.5974729, 1.5071673 ], [ 100.5975758, 1.5069337 ], [ 100.5975721, 1.5068204 ], [ 100.5977461, 1.506576 ], [ 100.597891, 1.5061698 ], [ 100.5979127, 1.5060204 ], [ 100.5980294, 1.5059651 ], [ 100.5980807, 1.5058434 ], [ 100.5981649, 1.5054864 ], [ 100.5983047, 1.5052703 ], [ 100.5983392, 1.5050943 ], [ 100.5984294, 1.5050454 ], [ 100.5987737, 1.5050266 ], [ 100.5989125, 1.5049197 ], [ 100.599167, 1.5045115 ], [ 100.5992656, 1.5041277 ], [ 100.5991801, 1.5040349 ], [ 100.5990855, 1.5039353 ], [ 100.5990352, 1.5038033 ], [ 100.599106, 1.5036974 ], [ 100.5992629, 1.5035123 ], [ 100.5993712, 1.5034128 ], [ 100.5994969, 1.5032566 ], [ 100.5996156, 1.5031336 ], [ 100.5997447, 1.5029449 ], [ 100.5999164, 1.5027974 ], [ 100.6000572, 1.5026798 ], [ 100.6001527, 1.5026912 ], [ 100.6002493, 1.5028119 ], [ 100.6003247, 1.5028786 ], [ 100.6003814, 1.5029727 ], [ 100.600426, 1.5030786 ], [ 100.6004796, 1.5031782 ], [ 100.6005832, 1.5032389 ], [ 100.6006835, 1.5033873 ], [ 100.6007612, 1.5035351 ], [ 100.6008377, 1.5036685 ], [ 100.6009316, 1.5037671 ], [ 100.6010177, 1.5039021 ], [ 100.6011193, 1.5040278 ], [ 100.6011807, 1.5041535 ], [ 100.601243, 1.5042712 ], [ 100.6013269, 1.5043814 ], [ 100.6014006, 1.5044984 ], [ 100.6014633, 1.5046164 ], [ 100.6014888, 1.5046874 ], [ 100.6015317, 1.5047766 ], [ 100.6015337, 1.5048681 ], [ 100.6014482, 1.5049867 ], [ 100.6014127, 1.5051312 ], [ 100.6013349, 1.5053008 ], [ 100.6013027, 1.505525 ], [ 100.6012829, 1.5056503 ], [ 100.6012109, 1.5058645 ], [ 100.601182, 1.5059912 ], [ 100.6011512, 1.5061383 ], [ 100.6011089, 1.5063005 ], [ 100.6010851, 1.5064648 ], [ 100.6010318, 1.5065948 ], [ 100.6009758, 1.5067369 ], [ 100.600947, 1.5068546 ], [ 100.6009094, 1.5069672 ], [ 100.6008722, 1.5071036 ], [ 100.600838, 1.5072249 ], [ 100.60083, 1.5073288 ], [ 100.6007998, 1.5074951 ], [ 100.6007663, 1.5075882 ], [ 100.6007452, 1.5076824 ], [ 100.600659, 1.5076945 ], [ 100.6005215, 1.5076462 ], [ 100.6004394, 1.5076026 ], [ 100.6003562, 1.5075494 ], [ 100.6002416, 1.5075004 ], [ 100.6001316, 1.5074337 ], [ 100.6000448, 1.5073781 ], [ 100.5999616, 1.5073459 ], [ 100.5998651, 1.5072806 ], [ 100.5997655, 1.507243 ], [ 100.5996619, 1.50724 ], [ 100.5995268, 1.5071968 ], [ 100.5994332, 1.5071817 ], [ 100.5992699, 1.5071803 ], [ 100.5991499, 1.5071679 ], [ 100.598991, 1.5071592 ], [ 100.5987637, 1.5071649 ], [ 100.5985424, 1.5071632 ], [ 100.5983794, 1.5071606 ], [ 100.5981089, 1.5071797 ], [ 100.5978601, 1.5071713 ], [ 100.5976727, 1.5071757 ], [ 100.5974729, 1.5071673 ] ] ] } },
{ "type": "Feature", "properties": { "Name": "Polygon", "description": null, "timestamp": null, "begin": null, "end": null }, "geometry": { "type": "Polygon", "coordinates": [ [ [ 100.5961422, 1.5089704 ], [ 100.5961247, 1.5089141 ], [ 100.5961103, 1.508824 ], [ 100.5961053, 1.5087553 ], [ 100.5961378, 1.5086343 ], [ 100.5961747, 1.5085471 ], [ 100.5961981, 1.508461 ], [ 100.596227, 1.5083484 ], [ 100.5962558, 1.5082649 ], [ 100.5962846, 1.5081694 ], [ 100.5963084, 1.508089 ], [ 100.596353, 1.5079646 ], [ 100.5963973, 1.5078577 ], [ 100.5964181, 1.5077444 ], [ 100.5964533, 1.5076268 ], [ 100.5964751, 1.5075142 ], [ 100.5965032, 1.5074327 ], [ 100.5965291, 1.5073077 ], [ 100.5965616, 1.507231 ], [ 100.5966102, 1.5072041 ], [ 100.5966927, 1.5072061 ], [ 100.5967849, 1.5072068 ], [ 100.5969062, 1.5072135 ], [ 100.5970447, 1.5072159 ], [ 100.5971664, 1.5072142 ], [ 100.5972724, 1.5072246 ], [ 100.5973837, 1.5072196 ], [ 100.5974645, 1.5072179 ], [ 100.5975584, 1.5072192 ], [ 100.5976663, 1.5072286 ], [ 100.5977739, 1.5072236 ], [ 100.5978698, 1.5072263 ], [ 100.5979768, 1.5072343 ], [ 100.598065, 1.507236 ], [ 100.5981686, 1.5072279 ], [ 100.5982772, 1.5072229 ], [ 100.5983892, 1.5072242 ], [ 100.5984914, 1.5072323 ], [ 100.598583, 1.5072239 ], [ 100.5987094, 1.5072206 ], [ 100.5988415, 1.5072172 ], [ 100.5989578, 1.5072182 ], [ 100.5990634, 1.5072112 ], [ 100.5991382, 1.5072212 ], [ 100.5992622, 1.5072326 ], [ 100.5993873, 1.5072313 ], [ 100.5995087, 1.5072326 ], [ 100.5996481, 1.5072785 ], [ 100.5997548, 1.5072698 ], [ 100.5998734, 1.5073281 ], [ 100.5999479, 1.5073757 ], [ 100.6000414, 1.5074186 ], [ 100.6001249, 1.5074656 ], [ 100.6002278, 1.5075135 ], [ 100.6003143, 1.5075644 ], [ 100.6004189, 1.5076231 ], [ 100.6004736, 1.5076499 ], [ 100.6005426, 1.5076861 ], [ 100.6006127, 1.5077273 ], [ 100.6006345, 1.5077903 ], [ 100.6006459, 1.5078892 ], [ 100.6006493, 1.5080045 ], [ 100.6006406, 1.5080876 ], [ 100.6006275, 1.5081439 ], [ 100.6006154, 1.5082522 ], [ 100.6006074, 1.5083313 ], [ 100.6005832, 1.5084033 ], [ 100.6005644, 1.5085163 ], [ 100.6005416, 1.5086018 ], [ 100.6005272, 1.5086949 ], [ 100.6005021, 1.5087965 ], [ 100.6004689, 1.5088876 ], [ 100.6004337, 1.5090093 ], [ 100.6004203, 1.5090753 ], [ 100.6003747, 1.5092007 ], [ 100.600371, 1.5092624 ], [ 100.6003505, 1.5093589 ], [ 100.600321, 1.509448 ], [ 100.6003086, 1.5095198 ], [ 100.6002909, 1.5096022 ], [ 100.6002704, 1.5096944 ], [ 100.6002627, 1.5097768 ], [ 100.6002322, 1.5098643 ], [ 100.6002124, 1.5099632 ], [ 100.6001883, 1.5100393 ], [ 100.6001695, 1.5101036 ], [ 100.600146, 1.5101519 ], [ 100.6000884, 1.5101817 ], [ 100.5999982, 1.5102367 ], [ 100.5999043, 1.5103 ], [ 100.5998201, 1.5103567 ], [ 100.5997356, 1.5104069 ], [ 100.5996696, 1.5104461 ], [ 100.5995895, 1.5104991 ], [ 100.5994942, 1.5105524 ], [ 100.5993162, 1.5106472 ], [ 100.5992193, 1.5106476 ], [ 100.5991385, 1.5106379 ], [ 100.5990751, 1.5105889 ], [ 100.5989487, 1.5105242 ], [ 100.5988552, 1.5104817 ], [ 100.598769, 1.5104559 ], [ 100.5986426, 1.510424 ], [ 100.5985471, 1.5103791 ], [ 100.598422, 1.5103124 ], [ 100.5983265, 1.5102595 ], [ 100.598237, 1.5102105 ], [ 100.5981307, 1.5101438 ], [ 100.5980616, 1.5100969 ], [ 100.5979808, 1.5100386 ], [ 100.5978839, 1.5099739 ], [ 100.5977984, 1.5099293 ], [ 100.5976941, 1.5098677 ], [ 100.597613, 1.5098204 ], [ 100.5975168, 1.5097671 ], [ 100.5974544, 1.5097359 ], [ 100.5973619, 1.509692 ], [ 100.5972844, 1.5096454 ], [ 100.5971825, 1.5096086 ], [ 100.5970662, 1.5095684 ], [ 100.5969585, 1.5095177 ], [ 100.5968952, 1.5094725 ], [ 100.5968228, 1.5094376 ], [ 100.5967205, 1.5093528 ], [ 100.5966578, 1.5093156 ], [ 100.5965626, 1.509253 ], [ 100.5964825, 1.5092114 ], [ 100.5963721, 1.5091494 ], [ 100.5963064, 1.5091115 ], [ 100.5962112, 1.5090532 ], [ 100.5961422, 1.5089704 ] ] ] } },
{ "type": "Feature", "properties": { "Name": "Polygon", "description": null, "timestamp": null, "begin": null, "end": null }, "geometry": { "type": "Polygon", "coordinates": [ [ [ 100.601588, 1.5046345 ], [ 100.6016367, 1.5044236 ], [ 100.6017175, 1.5042319 ], [ 100.6018231, 1.5039983 ], [ 100.6019119, 1.5038311 ], [ 100.6019984, 1.5036156 ], [ 100.602042, 1.5034788 ], [ 100.6020765, 1.5033283 ], [ 100.6021101, 1.5032492 ], [ 100.6021681, 1.503262 ], [ 100.6022391, 1.5032905 ], [ 100.6023498, 1.5033367 ], [ 100.6024675, 1.50339 ], [ 100.6025734, 1.5034309 ], [ 100.6026603, 1.5034792 ], [ 100.6027655, 1.5035231 ], [ 100.6029325, 1.5035888 ], [ 100.6030659, 1.5036484 ], [ 100.6031736, 1.5036937 ], [ 100.6032772, 1.5037486 ], [ 100.6033891, 1.5037878 ], [ 100.6035159, 1.5038405 ], [ 100.6036409, 1.5038968 ], [ 100.603761, 1.5039497 ], [ 100.6038746, 1.5040024 ], [ 100.6040144, 1.50406 ], [ 100.6040999, 1.5040932 ], [ 100.6041945, 1.5041327 ], [ 100.6043329, 1.5041666 ], [ 100.6044697, 1.5042001 ], [ 100.6046106, 1.5042303 ], [ 100.604743, 1.5042685 ], [ 100.6048288, 1.5042785 ], [ 100.604974, 1.5043191 ], [ 100.6051101, 1.5043516 ], [ 100.605207, 1.5043707 ], [ 100.6052647, 1.5043901 ], [ 100.6053257, 1.5044314 ], [ 100.605312, 1.5045148 ], [ 100.6052643, 1.5045956 ], [ 100.6052446, 1.5046867 ], [ 100.6052379, 1.5047873 ], [ 100.6052117, 1.5049039 ], [ 100.6052023, 1.5050179 ], [ 100.6051902, 1.5051255 ], [ 100.6051731, 1.5052595 ], [ 100.6051661, 1.5054107 ], [ 100.6051644, 1.5055562 ], [ 100.6051554, 1.5056587 ], [ 100.6051668, 1.5057948 ], [ 100.6051782, 1.5059087 ], [ 100.6052043, 1.5060348 ], [ 100.6051886, 1.5060901 ], [ 100.6051366, 1.5060924 ], [ 100.6050672, 1.506087 ], [ 100.6049951, 1.5060971 ], [ 100.6048925, 1.5060944 ], [ 100.6047886, 1.5060981 ], [ 100.6047148, 1.5061172 ], [ 100.6045868, 1.506135 ], [ 100.6044929, 1.506146 ], [ 100.6043769, 1.5061628 ], [ 100.60428, 1.5061487 ], [ 100.6041827, 1.5061273 ], [ 100.6040882, 1.5061149 ], [ 100.6039172, 1.5060505 ], [ 100.6038186, 1.5060267 ], [ 100.6036815, 1.5059855 ], [ 100.6035917, 1.50596 ], [ 100.603471, 1.5059329 ], [ 100.6033335, 1.5058776 ], [ 100.6031645, 1.5058601 ], [ 100.6029845, 1.5058015 ], [ 100.6028584, 1.5057097 ], [ 100.6027528, 1.5056751 ], [ 100.6026271, 1.5056138 ], [ 100.6024802, 1.5055501 ], [ 100.6023515, 1.5054868 ], [ 100.6022505, 1.5054489 ], [ 100.6020464, 1.5053125 ], [ 100.6019625, 1.5052036 ], [ 100.6017399, 1.5049197 ], [ 100.601702, 1.5048178 ], [ 100.6016403, 1.5047105 ], [ 100.601588, 1.5046345 ] ] ] } },
{ "type": "Feature", "properties": { "Name": "Polygon", "description": null, "timestamp": null, "begin": null, "end": null }, "geometry": { "type": "Polygon", "coordinates": [ [ [ 100.6002479, 1.5100342 ], [ 100.6002365, 1.5099568 ], [ 100.6002654, 1.5098522 ], [ 100.60031, 1.5096458 ], [ 100.6003576, 1.5094269 ], [ 100.6004106, 1.5092352 ], [ 100.6004612, 1.5090834 ], [ 100.6005098, 1.5088984 ], [ 100.6005581, 1.5087529 ], [ 100.6006, 1.5085726 ], [ 100.6006449, 1.5083263 ], [ 100.6006781, 1.5081004 ], [ 100.6007157, 1.5079153 ], [ 100.600725, 1.5077773 ], [ 100.6007555, 1.5076941 ], [ 100.6007794, 1.5076057 ], [ 100.6008058, 1.5074723 ], [ 100.6008417, 1.5073456 ], [ 100.6008826, 1.5071911 ], [ 100.6009299, 1.507004 ], [ 100.6009688, 1.5068794 ], [ 100.6010157, 1.5067188 ], [ 100.6010657, 1.5065781 ], [ 100.6011428, 1.5063314 ], [ 100.6011743, 1.5061266 ], [ 100.6011911, 1.5059972 ], [ 100.6012199, 1.5058742 ], [ 100.6013309, 1.5057495 ], [ 100.6013476, 1.5056517 ], [ 100.6013825, 1.5054898 ], [ 100.6014238, 1.5053249 ], [ 100.6014771, 1.5050722 ], [ 100.6015089, 1.5048875 ], [ 100.6015361, 1.5047253 ], [ 100.6016175, 1.504726 ], [ 100.6016759, 1.5048309 ], [ 100.6016994, 1.5049304 ], [ 100.6017979, 1.5050507 ], [ 100.6018673, 1.5051452 ], [ 100.6019391, 1.5052411 ], [ 100.6020132, 1.5053256 ], [ 100.6021124, 1.5053949 ], [ 100.6022174, 1.505469 ], [ 100.6023183, 1.5055096 ], [ 100.602447, 1.5055806 ], [ 100.6025694, 1.5056383 ], [ 100.6027354, 1.5057157 ], [ 100.6028433, 1.5057422 ], [ 100.6029764, 1.5058293 ], [ 100.6031578, 1.5058789 ], [ 100.6033057, 1.5058994 ], [ 100.6034217, 1.5059516 ], [ 100.6035611, 1.5059714 ], [ 100.6036698, 1.5060204 ], [ 100.6038317, 1.5060653 ], [ 100.6039782, 1.5061119 ], [ 100.6040882, 1.5061326 ], [ 100.6042743, 1.5061685 ], [ 100.6043775, 1.5061869 ], [ 100.6044791, 1.5061792 ], [ 100.6046226, 1.5061541 ], [ 100.6047339, 1.5061403 ], [ 100.6048989, 1.5061102 ], [ 100.605028, 1.5061005 ], [ 100.6051406, 1.5061031 ], [ 100.6052154, 1.5061869 ], [ 100.6052513, 1.5063243 ], [ 100.6052563, 1.5064202 ], [ 100.6052821, 1.50656 ], [ 100.6053297, 1.5066572 ], [ 100.605376, 1.5067711 ], [ 100.6054179, 1.5068596 ], [ 100.605489, 1.5069504 ], [ 100.6055228, 1.5070389 ], [ 100.6055534, 1.5071555 ], [ 100.6056097, 1.5072722 ], [ 100.605604, 1.5073556 ], [ 100.6056285, 1.5074488 ], [ 100.6056285, 1.5075664 ], [ 100.6056325, 1.5076667 ], [ 100.6056046, 1.5077675 ], [ 100.6055218, 1.5078564 ], [ 100.6054353, 1.5078611 ], [ 100.6053378, 1.5078577 ], [ 100.6051879, 1.5078148 ], [ 100.6050843, 1.5077987 ], [ 100.6049395, 1.5077374 ], [ 100.6048315, 1.5077002 ], [ 100.6047078, 1.5076791 ], [ 100.6045938, 1.5076301 ], [ 100.6044932, 1.5075966 ], [ 100.6043688, 1.5075688 ], [ 100.6042421, 1.5075319 ], [ 100.6040949, 1.5075071 ], [ 100.603995, 1.5074656 ], [ 100.6038327, 1.50743 ], [ 100.6037338, 1.5074156 ], [ 100.6035591, 1.5073871 ], [ 100.6034227, 1.5073697 ], [ 100.6033268, 1.5073412 ], [ 100.6031752, 1.507302 ], [ 100.603072, 1.507356 ], [ 100.6029898, 1.5074398 ], [ 100.6029399, 1.5075259 ], [ 100.6029218, 1.5076278 ], [ 100.6028721, 1.5077307 ], [ 100.6028383, 1.5078627 ], [ 100.6028158, 1.5079958 ], [ 100.6027756, 1.508155 ], [ 100.6027286, 1.5082797 ], [ 100.6027126, 1.5083966 ], [ 100.6026673, 1.5085206 ], [ 100.6026633, 1.5086041 ], [ 100.6026271, 1.5087114 ], [ 100.6026063, 1.5088196 ], [ 100.6025845, 1.5089064 ], [ 100.602556, 1.5090388 ], [ 100.6025258, 1.5091135 ], [ 100.6025231, 1.5091819 ], [ 100.6024816, 1.5092704 ], [ 100.6024688, 1.5093498 ], [ 100.602442, 1.5094313 ], [ 100.6024202, 1.5095208 ], [ 100.6024014, 1.5096022 ], [ 100.6023692, 1.5097148 ], [ 100.6023625, 1.5097865 ], [ 100.6023337, 1.5098831 ], [ 100.6023126, 1.5099565 ], [ 100.6022827, 1.5100577 ], [ 100.6022643, 1.5101281 ], [ 100.6022415, 1.5102316 ], [ 100.6022076, 1.5103007 ], [ 100.6021915, 1.5104009 ], [ 100.6021604, 1.510476 ], [ 100.6021526, 1.510544 ], [ 100.6021315, 1.5106037 ], [ 100.6020933, 1.5106553 ], [ 100.6020179, 1.5106382 ], [ 100.6019505, 1.510613 ], [ 100.6018408, 1.5105812 ], [ 100.6017332, 1.5105373 ], [ 100.6015958, 1.5105041 ], [ 100.6014704, 1.5104579 ], [ 100.6013342, 1.510415 ], [ 100.6012125, 1.5103634 ], [ 100.6010737, 1.5103201 ], [ 100.6009081, 1.5102742 ], [ 100.6007763, 1.5102259 ], [ 100.6006131, 1.510183 ], [ 100.6004605, 1.5101445 ], [ 100.6003344, 1.5101157 ], [ 100.6002479, 1.5100342 ] ] ] } },
{ "type": "Feature", "properties": { "Name": "Polygon", "description": null, "timestamp": null, "begin": null, "end": null }, "geometry": { "type": "Polygon", "coordinates": [ [ [ 100.6021647, 1.5106613 ], [ 100.6022123, 1.5104679 ], [ 100.6022479, 1.5103634 ], [ 100.6023079, 1.5101314 ], [ 100.6023786, 1.5098831 ], [ 100.6024262, 1.5096438 ], [ 100.6024859, 1.5094222 ], [ 100.6025476, 1.5092205 ], [ 100.6025986, 1.5089785 ], [ 100.6026582, 1.5087385 ], [ 100.6027146, 1.5085284 ], [ 100.6027763, 1.5083293 ], [ 100.6028158, 1.5081107 ], [ 100.6028601, 1.5079438 ], [ 100.602901, 1.5077799 ], [ 100.6029586, 1.5075762 ], [ 100.6030545, 1.5074217 ], [ 100.6031709, 1.50737 ], [ 100.6032926, 1.5073513 ], [ 100.6034418, 1.5073891 ], [ 100.6036245, 1.507426 ], [ 100.6037861, 1.5074867 ], [ 100.60394, 1.5075209 ], [ 100.6041167, 1.5075765 ], [ 100.6043048, 1.5076241 ], [ 100.6044754, 1.507659 ], [ 100.6046303, 1.5077042 ], [ 100.6048258, 1.5077709 ], [ 100.6049834, 1.5078202 ], [ 100.6051366, 1.5078704 ], [ 100.6052861, 1.5078939 ], [ 100.6054461, 1.5079361 ], [ 100.6055228, 1.508032 ], [ 100.6054977, 1.5081741 ], [ 100.6054471, 1.5083015 ], [ 100.6053928, 1.5084097 ], [ 100.6053602, 1.5085602 ], [ 100.6052895, 1.5087087 ], [ 100.6052275, 1.5088518 ], [ 100.6051715, 1.5090147 ], [ 100.605094, 1.5092081 ], [ 100.6050414, 1.5093602 ], [ 100.6049867, 1.5094886 ], [ 100.6049435, 1.5096471 ], [ 100.604868, 1.509804 ], [ 100.6047903, 1.5099977 ], [ 100.6047128, 1.5101824 ], [ 100.6046434, 1.5103898 ], [ 100.6045455, 1.5106281 ], [ 100.6044949, 1.510794 ], [ 100.6044305, 1.5109271 ], [ 100.6043524, 1.5109864 ], [ 100.6042354, 1.5110156 ], [ 100.6040037, 1.5110018 ], [ 100.6040071, 1.5108835 ], [ 100.6040493, 1.5106546 ], [ 100.6041211, 1.5104642 ], [ 100.6041998, 1.5103084 ], [ 100.6042632, 1.5101214 ], [ 100.6043105, 1.5099655 ], [ 100.6043142, 1.5098486 ], [ 100.6042934, 1.5097299 ], [ 100.6044791, 1.5095915 ], [ 100.6046052, 1.509385 ], [ 100.6046032, 1.5092339 ], [ 100.60446, 1.5091621 ], [ 100.6043578, 1.509067 ], [ 100.6042052, 1.5090321 ], [ 100.6040734, 1.5090854 ], [ 100.6040349, 1.5092711 ], [ 100.6040007, 1.5094165 ], [ 100.6040064, 1.5095767 ], [ 100.6038743, 1.5098231 ], [ 100.6038223, 1.5099719 ], [ 100.6037516, 1.5101137 ], [ 100.6037117, 1.5102682 ], [ 100.6036668, 1.5104311 ], [ 100.6036014, 1.5106258 ], [ 100.6035548, 1.5108101 ], [ 100.6035051, 1.5109596 ], [ 100.6033727, 1.5109589 ], [ 100.6032242, 1.5109432 ], [ 100.6030857, 1.5109408 ], [ 100.6029251, 1.5108942 ], [ 100.6027451, 1.510848 ], [ 100.602496, 1.5107773 ], [ 100.6023407, 1.5107374 ], [ 100.6021647, 1.5106613 ] ] ] } },
{ "type": "Feature", "properties": { "Name": "Polygon", "description": null, "timestamp": null, "begin": null, "end": null }, "geometry": { "type": "Polygon", "coordinates": [ [ [ 100.6052761, 1.5064319 ], [ 100.6052677, 1.5063079 ], [ 100.6052318, 1.5061739 ], [ 100.6052432, 1.506074 ], [ 100.6053867, 1.5060777 ], [ 100.6057421, 1.5062436 ], [ 100.6060154, 1.5063686 ], [ 100.6065924, 1.5066913 ], [ 100.6070145, 1.5068918 ], [ 100.6074343, 1.5070657 ], [ 100.6078242, 1.5073107 ], [ 100.6084293, 1.5077954 ], [ 100.6089899, 1.5082415 ], [ 100.6093597, 1.508582 ], [ 100.6095844, 1.5087325 ], [ 100.6100484, 1.5090576 ], [ 100.6105416, 1.5094531 ], [ 100.6114143, 1.5099303 ], [ 100.6119216, 1.5101978 ], [ 100.612164, 1.5103781 ], [ 100.6121583, 1.5105876 ], [ 100.6121653, 1.5107682 ], [ 100.6121761, 1.5110173 ], [ 100.6121791, 1.5112247 ], [ 100.6121844, 1.5113675 ], [ 100.6122129, 1.5114734 ], [ 100.6121995, 1.5116286 ], [ 100.6119524, 1.5115294 ], [ 100.6117265, 1.5113879 ], [ 100.6115461, 1.5112871 ], [ 100.6113335, 1.5112157 ], [ 100.6111159, 1.5111212 ], [ 100.6108182, 1.510964 ], [ 100.6106432, 1.5108316 ], [ 100.6104678, 1.510726 ], [ 100.6102875, 1.51061 ], [ 100.6100735, 1.51048 ], [ 100.6097973, 1.510354 ], [ 100.6095438, 1.5102383 ], [ 100.6093899, 1.5101586 ], [ 100.6092568, 1.5100858 ], [ 100.609063, 1.509998 ], [ 100.6089071, 1.5098988 ], [ 100.6086647, 1.5097644 ], [ 100.6085718, 1.5097098 ], [ 100.6084428, 1.5096344 ], [ 100.6083144, 1.5095647 ], [ 100.6079167, 1.5093619 ], [ 100.6076693, 1.5092288 ], [ 100.6075932, 1.5091735 ], [ 100.6074889, 1.5090978 ], [ 100.6072656, 1.5090026 ], [ 100.6070785, 1.5088856 ], [ 100.6069203, 1.5088025 ], [ 100.606818, 1.5087489 ], [ 100.6064519, 1.5085089 ], [ 100.6061864, 1.5083534 ], [ 100.6060254, 1.5082334 ], [ 100.6056975, 1.5080642 ], [ 100.6056164, 1.5078661 ], [ 100.6056523, 1.5076529 ], [ 100.6056546, 1.5074455 ], [ 100.6056248, 1.5073543 ], [ 100.6056264, 1.5072611 ], [ 100.6055808, 1.5071522 ], [ 100.6055148, 1.5069464 ], [ 100.6054363, 1.5068459 ], [ 100.6053515, 1.5066478 ], [ 100.6052959, 1.5065506 ], [ 100.6052761, 1.5064319 ] ] ] } },
{ "type": "Feature", "properties": { "Name": null, "description": null, "timestamp": null, "begin": null, "end": null }, "geometry": { "type": "Polygon", "coordinates": [ [ [ 100.604511, 1.5109006 ], [ 100.6047966, 1.5101103 ], [ 100.6049666, 1.5097239 ], [ 100.6050856, 1.5093699 ], [ 100.6051939, 1.5090941 ], [ 100.6052804, 1.5088337 ], [ 100.6053716, 1.5086158 ], [ 100.6054575, 1.5083903 ], [ 100.6055316, 1.508149 ], [ 100.6055862, 1.5080246 ], [ 100.6056985, 1.5080668 ], [ 100.605841, 1.5081456 ], [ 100.6060281, 1.5082472 ], [ 100.6061803, 1.5083547 ], [ 100.606464, 1.50852 ], [ 100.6066373, 1.5086309 ], [ 100.6068163, 1.5087492 ], [ 100.6070758, 1.5088856 ], [ 100.6072633, 1.509006 ], [ 100.6074876, 1.5091005 ], [ 100.6076653, 1.5092335 ], [ 100.6078805, 1.5093485 ], [ 100.6081018, 1.5094554 ], [ 100.6083348, 1.5095767 ], [ 100.6085762, 1.5097235 ], [ 100.6088397, 1.5098636 ], [ 100.6090573, 1.5099947 ], [ 100.6093195, 1.5101224 ], [ 100.6095321, 1.5102393 ], [ 100.609757, 1.5103449 ], [ 100.6099777, 1.5104532 ], [ 100.6101312, 1.510541 ], [ 100.610317, 1.510656 ], [ 100.6104826, 1.5107652 ], [ 100.6106623, 1.5108664 ], [ 100.6108112, 1.510967 ], [ 100.6109855, 1.5110585 ], [ 100.6111424, 1.5111376 ], [ 100.6113322, 1.5112318 ], [ 100.6115736, 1.5113467 ], [ 100.6117556, 1.5114402 ], [ 100.6119239, 1.5115515 ], [ 100.6120872, 1.5116406 ], [ 100.6121834, 1.5116976 ], [ 100.6121922, 1.5117968 ], [ 100.6121248, 1.5119081 ], [ 100.6120668, 1.5119993 ], [ 100.6119662, 1.5121635 ], [ 100.6118964, 1.5122389 ], [ 100.6117902, 1.5124125 ], [ 100.6116648, 1.5125995 ], [ 100.6116118, 1.5127235 ], [ 100.6114073, 1.5129354 ], [ 100.6113499, 1.5130688 ], [ 100.6112108, 1.5132712 ], [ 100.6109443, 1.5136251 ], [ 100.6106381, 1.5137461 ], [ 100.6104457, 1.5137877 ], [ 100.6102693, 1.5138383 ], [ 100.6100233, 1.513719 ], [ 100.6096726, 1.5135383 ], [ 100.6092706, 1.5133131 ], [ 100.6089514, 1.5131291 ], [ 100.6085946, 1.5129183 ], [ 100.6083117, 1.5127504 ], [ 100.6079868, 1.5125888 ], [ 100.607855, 1.5124863 ], [ 100.607626, 1.5123679 ], [ 100.6074869, 1.5122831 ], [ 100.6071798, 1.5121199 ], [ 100.6069015, 1.5119805 ], [ 100.6065143, 1.5117556 ], [ 100.6062108, 1.5116534 ], [ 100.6059121, 1.5115974 ], [ 100.6057123, 1.5115562 ], [ 100.605435, 1.5113953 ], [ 100.6051001, 1.511276 ], [ 100.6048459, 1.511146 ], [ 100.6045572, 1.5110605 ], [ 100.604511, 1.5109006 ] ] ] } },
{ "type": "Feature", "properties": { "Name": null, "description": null, "timestamp": null, "begin": null, "end": null }, "geometry": { "type": "Polygon", "coordinates": [ [ [ 100.6061133, 1.5192759 ], [ 100.6060566, 1.5192669 ], [ 100.606012, 1.51923 ], [ 100.60596, 1.5191459 ], [ 100.6059362, 1.5190855 ], [ 100.6058916, 1.5190007 ], [ 100.6058749, 1.518932 ], [ 100.6057894, 1.5187705 ], [ 100.605775, 1.5186998 ], [ 100.6057408, 1.5186327 ], [ 100.6057317, 1.5185744 ], [ 100.6057274, 1.5185439 ], [ 100.6056399, 1.5184269 ], [ 100.605604, 1.5183676 ], [ 100.6055396, 1.5182879 ], [ 100.6056043, 1.5182064 ], [ 100.6056895, 1.5181561 ], [ 100.6058226, 1.5179423 ], [ 100.60595, 1.5177285 ], [ 100.6060623, 1.5175488 ], [ 100.6061954, 1.5172837 ], [ 100.6062739, 1.5171406 ], [ 100.6063811, 1.5170612 ], [ 100.6064894, 1.5170572 ], [ 100.6066078, 1.5171168 ], [ 100.6069132, 1.5172271 ], [ 100.6070832, 1.5172901 ], [ 100.6071945, 1.5172877 ], [ 100.607326, 1.5172331 ], [ 100.6078316, 1.5168587 ], [ 100.6079462, 1.5166033 ], [ 100.6081377, 1.516165 ], [ 100.6082369, 1.5160587 ], [ 100.6086309, 1.5160098 ], [ 100.6089061, 1.5160088 ], [ 100.6091871, 1.5158928 ], [ 100.6110753, 1.5166214 ], [ 100.6109349, 1.5169479 ], [ 100.611418, 1.5172797 ], [ 100.6113838, 1.5175834 ], [ 100.6113442, 1.5176839 ], [ 100.6113583, 1.5177436 ], [ 100.6113399, 1.5178066 ], [ 100.6113164, 1.5179219 ], [ 100.6113265, 1.5179902 ], [ 100.6113144, 1.5180144 ], [ 100.611307, 1.5180723 ], [ 100.6112655, 1.5184169 ], [ 100.6112138, 1.5186284 ], [ 100.6104732, 1.5185268 ], [ 100.6104048, 1.5185154 ], [ 100.6102898, 1.5184936 ], [ 100.610148, 1.5184678 ], [ 100.6100159, 1.518443 ], [ 100.609983, 1.5184343 ], [ 100.6099368, 1.5184259 ], [ 100.6098637, 1.5184212 ], [ 100.6096759, 1.5184001 ], [ 100.6095267, 1.5183847 ], [ 100.6093021, 1.5183619 ], [ 100.6087539, 1.5181652 ], [ 100.608656, 1.5181541 ], [ 100.6084947, 1.5182838 ], [ 100.6079985, 1.5184286 ], [ 100.6078718, 1.5184414 ], [ 100.6077501, 1.5184678 ], [ 100.6076435, 1.5185074 ], [ 100.6075992, 1.5185178 ], [ 100.6074641, 1.5186032 ], [ 100.6072214, 1.5187329 ], [ 100.6070815, 1.5188244 ], [ 100.6069625, 1.5188918 ], [ 100.6067677, 1.5189903 ], [ 100.6067114, 1.5190249 ], [ 100.606694, 1.5190356 ], [ 100.6066856, 1.5190527 ], [ 100.6066769, 1.5191224 ], [ 100.6066732, 1.5192112 ], [ 100.6066645, 1.5192602 ], [ 100.6066068, 1.5192558 ], [ 100.6064462, 1.5192776 ], [ 100.6063775, 1.5192756 ], [ 100.6063161, 1.5192796 ], [ 100.6062809, 1.5192749 ], [ 100.6062407, 1.5192779 ], [ 100.6061133, 1.5192759 ] ] ] } },
{ "type": "Feature", "properties": { "Name": null, "description": null, "timestamp": null, "begin": null, "end": null }, "geometry": { "type": "Polygon", "coordinates": [ [ [ 100.6095156, 1.5135004 ], [ 100.6080029, 1.5126505 ], [ 100.608655, 1.5130088 ], [ 100.6095156, 1.5135004 ] ] ] } },
{ "type": "Feature", "properties": { "Name": null, "description": null, "timestamp": null, "begin": null, "end": null }, "geometry": { "type": "Polygon", "coordinates": [ [ [ 100.6080029, 1.5126505 ], [ 100.6099428, 1.5137324 ], [ 100.6101503, 1.5138614 ], [ 100.6100685, 1.5139372 ], [ 100.6097141, 1.5140521 ], [ 100.6076378, 1.5145656 ], [ 100.6074175, 1.5145934 ], [ 100.6067982, 1.5146055 ], [ 100.6064221, 1.5146118 ], [ 100.6060563, 1.5146132 ], [ 100.6058487, 1.5146115 ], [ 100.6053572, 1.5145867 ], [ 100.6050474, 1.5145803 ], [ 100.6047795, 1.5145626 ], [ 100.6045408, 1.5145354 ], [ 100.6037603, 1.5144788 ], [ 100.6032306, 1.5144644 ], [ 100.6028497, 1.5144469 ], [ 100.6025821, 1.5144191 ], [ 100.6021647, 1.5144034 ], [ 100.6016035, 1.5145887 ], [ 100.6011183, 1.514765 ], [ 100.6008625, 1.514642 ], [ 100.6006523, 1.5142083 ], [ 100.600202, 1.5131639 ], [ 100.5995586, 1.5119275 ], [ 100.5998074, 1.5111443 ], [ 100.5996247, 1.5108721 ], [ 100.5994929, 1.5107629 ], [ 100.5993611, 1.5106536 ], [ 100.600205, 1.5101251 ], [ 100.601806, 1.5106023 ], [ 100.6025624, 1.5108319 ], [ 100.6032581, 1.5109981 ], [ 100.6037673, 1.511029 ], [ 100.6042984, 1.5110484 ], [ 100.6045039, 1.5111084 ], [ 100.6048835, 1.5112556 ], [ 100.6052684, 1.5114409 ], [ 100.6058162, 1.5116711 ], [ 100.6060891, 1.511706 ], [ 100.6065069, 1.51182 ], [ 100.6080029, 1.5126505 ] ] ] } },
{ "type": "Feature", "properties": { "Name": "polygon", "description": null, "timestamp": null, "begin": null, "end": null }, "geometry": { "type": "Polygon", "coordinates": [ [ [ 100.6031213, 1.518491 ], [ 100.6030488, 1.5184038 ], [ 100.6026438, 1.5180878 ], [ 100.6018606, 1.5172965 ], [ 100.6014455, 1.5170434 ], [ 100.6008826, 1.516915 ], [ 100.6006664, 1.516599 ], [ 100.6004367, 1.5164448 ], [ 100.599628, 1.5162531 ], [ 100.5991804, 1.5160899 ], [ 100.5990369, 1.5160735 ], [ 100.5993581, 1.5149557 ], [ 100.5994775, 1.5143722 ], [ 100.5997048, 1.5138128 ], [ 100.5992096, 1.5136519 ], [ 100.5987814, 1.5135762 ], [ 100.598246, 1.5134281 ], [ 100.5986252, 1.5127051 ], [ 100.5990681, 1.5119373 ], [ 100.5998225, 1.5111815 ], [ 100.5995419, 1.511945 ], [ 100.6002191, 1.5131985 ], [ 100.6004049, 1.5136513 ], [ 100.6006342, 1.5142043 ], [ 100.6008169, 1.5145606 ], [ 100.6008789, 1.5146524 ], [ 100.6011153, 1.514772 ], [ 100.6016913, 1.5145582 ], [ 100.6021644, 1.5144198 ], [ 100.6025828, 1.5144262 ], [ 100.6028483, 1.514455 ], [ 100.603245, 1.5144677 ], [ 100.6037818, 1.5144895 ], [ 100.6049006, 1.5145773 ], [ 100.6058678, 1.5146269 ], [ 100.6074222, 1.5145934 ], [ 100.6076341, 1.5145679 ], [ 100.6087489, 1.5142938 ], [ 100.6097161, 1.5140682 ], [ 100.6109278, 1.5136536 ], [ 100.6106381, 1.5141299 ], [ 100.6092058, 1.5157836 ], [ 100.6090392, 1.5158911 ], [ 100.6089222, 1.5159568 ], [ 100.6086701, 1.5159786 ], [ 100.6084572, 1.5159481 ], [ 100.6081796, 1.5160473 ], [ 100.6080696, 1.516181 ], [ 100.6078124, 1.5168239 ], [ 100.6072985, 1.5171952 ], [ 100.6071774, 1.5172375 ], [ 100.6070577, 1.5172355 ], [ 100.6069173, 1.5171942 ], [ 100.6066269, 1.5170987 ], [ 100.6064968, 1.5170226 ], [ 100.6063674, 1.5170327 ], [ 100.6062343, 1.5171456 ], [ 100.6061116, 1.5173598 ], [ 100.6059879, 1.517583 ], [ 100.6058061, 1.5178699 ], [ 100.6056563, 1.5180995 ], [ 100.6055352, 1.5182587 ], [ 100.6053837, 1.5182741 ], [ 100.6050752, 1.5182014 ], [ 100.6045576, 1.5179128 ], [ 100.6041965, 1.5177724 ], [ 100.6040047, 1.5177647 ], [ 100.6037113, 1.5180821 ], [ 100.6032252, 1.5183613 ], [ 100.6031213, 1.518491 ] ] ] } },
{ "type": "Feature", "properties": { "Name": "polygon", "description": null, "timestamp": null, "begin": null, "end": null }, "geometry": { "type": "Polygon", "coordinates": [ [ [ 100.6220865, 1.5282943 ], [ 100.6220349, 1.5281817 ], [ 100.6220161, 1.5279595 ], [ 100.6220211, 1.5278834 ], [ 100.6219209, 1.5276776 ], [ 100.6217697, 1.5275235 ], [ 100.6213663, 1.5273318 ], [ 100.6213127, 1.5271005 ], [ 100.6212299, 1.5270241 ], [ 100.6211303, 1.527011 ], [ 100.6208376, 1.5271648 ], [ 100.6206277, 1.5270385 ], [ 100.6205851, 1.5269852 ], [ 100.6205623, 1.5267231 ], [ 100.620562, 1.5264972 ], [ 100.6205439, 1.5263306 ], [ 100.6203186, 1.5261054 ], [ 100.620166, 1.525975 ], [ 100.6201446, 1.5259697 ], [ 100.6201362, 1.5259067 ], [ 100.6201711, 1.525851 ], [ 100.620159, 1.5257625 ], [ 100.6201553, 1.5256526 ], [ 100.6201721, 1.5254834 ], [ 100.620168, 1.5253067 ], [ 100.6201533, 1.5251656 ], [ 100.6201489, 1.5251107 ], [ 100.6201399, 1.5250366 ], [ 100.6199833, 1.5251113 ], [ 100.6193201, 1.5254964 ], [ 100.6184675, 1.525966 ], [ 100.6184404, 1.5244777 ], [ 100.6184373, 1.524488 ], [ 100.618439, 1.5244871 ], [ 100.6183765, 1.5240427 ], [ 100.618891, 1.522988 ], [ 100.618891, 1.522988 ], [ 100.6198608, 1.5244995 ], [ 100.6211693, 1.5246373 ], [ 100.6211693, 1.5246373 ], [ 100.6211693, 1.5246373 ], [ 100.6211942, 1.5246495 ], [ 100.621191, 1.524441 ], [ 100.6214498, 1.5241739 ], [ 100.621522, 1.5237582 ], [ 100.6212455, 1.5234105 ], [ 100.6207381, 1.5229584 ], [ 100.6209047, 1.5226817 ], [ 100.6209047, 1.5226817 ], [ 100.6209047, 1.5226817 ], [ 100.6211314, 1.5229315 ], [ 100.6214645, 1.523047 ], [ 100.6218699, 1.5231469 ], [ 100.6221186, 1.5232214 ], [ 100.6223737, 1.5233268 ], [ 100.6228885, 1.5233949 ], [ 100.6231781, 1.5232159 ], [ 100.6231781, 1.5232159 ], [ 100.6251172, 1.5229382 ], [ 100.6251172, 1.5229382 ], [ 100.6250154, 1.5239251 ], [ 100.6249068, 1.5248766 ], [ 100.6247912, 1.5255488 ], [ 100.62483, 1.5256858 ], [ 100.6250632, 1.5259462 ], [ 100.6254052, 1.5265434 ], [ 100.6256495, 1.5268905 ], [ 100.6256267, 1.5269467 ], [ 100.6256267, 1.5269467 ], [ 100.6265295, 1.5311208 ], [ 100.6247452, 1.5332627 ], [ 100.6233099, 1.5302647 ], [ 100.6231651, 1.5289063 ], [ 100.6230256, 1.5289231 ], [ 100.6226565, 1.5288316 ], [ 100.6225854, 1.5287987 ], [ 100.6225324, 1.5285296 ], [ 100.6224687, 1.5282384 ], [ 100.6223299, 1.5282699 ], [ 100.6220865, 1.5282943 ] ] ] } },
{ "type": "Feature", "properties": { "Name": "polygon", "description": null, "timestamp": null, "begin": null, "end": null }, "geometry": { "type": "Polygon", "coordinates": [ [ [ 100.5675579, 1.5019526 ], [ 100.5675679, 1.5019766 ], [ 100.5675568, 1.5019938 ], [ 100.5675309, 1.5020169 ], [ 100.5674797, 1.5020386 ], [ 100.5674284, 1.5020789 ], [ 100.5673833, 1.5021365 ], [ 100.5672935, 1.5021902 ], [ 100.5672318, 1.5022448 ], [ 100.5671889, 1.5022839 ], [ 100.5671339, 1.5023255 ], [ 100.5670594, 1.5023427 ], [ 100.5670331, 1.5023412 ], [ 100.5669773, 1.5023514 ], [ 100.5669119, 1.5023414 ], [ 100.566842, 1.5023402 ], [ 100.5668276, 1.5023435 ], [ 100.5667811, 1.5023369 ], [ 100.5666897, 1.502356 ], [ 100.5665473, 1.5023519 ], [ 100.5665083, 1.5023587 ], [ 100.5664586, 1.5024181 ], [ 100.5664248, 1.5024514 ], [ 100.5663618, 1.502515 ], [ 100.5663413, 1.5025763 ], [ 100.5662976, 1.502639 ], [ 100.5662362, 1.5026923 ], [ 100.5662375, 1.5026778 ], [ 100.5662136, 1.5026154 ], [ 100.5661892, 1.5025699 ], [ 100.5661509, 1.5025082 ], [ 100.5661246, 1.5024274 ], [ 100.5660971, 1.5023614 ], [ 100.5660567, 1.5023074 ], [ 100.5660002, 1.5022318 ], [ 100.5659446, 1.5021147 ], [ 100.5658987, 1.5020107 ], [ 100.5658614, 1.5019494 ], [ 100.5658225, 1.5018883 ], [ 100.5657759, 1.5018242 ], [ 100.5656877, 1.5017329 ], [ 100.5654926, 1.5015165 ], [ 100.5654294, 1.5014383 ], [ 100.5653697, 1.5013372 ], [ 100.565336, 1.5012681 ], [ 100.5652935, 1.5012004 ], [ 100.5652568, 1.5011492 ], [ 100.5652344, 1.5011248 ], [ 100.5652537, 1.5010927 ], [ 100.5653082, 1.5009801 ], [ 100.5653262, 1.500943 ], [ 100.5654433, 1.5007555 ], [ 100.5654749, 1.5006897 ], [ 100.5655289, 1.5006683 ], [ 100.5657495, 1.5007685 ], [ 100.5658064, 1.500786 ], [ 100.5659524, 1.5008358 ], [ 100.5662653, 1.5010005 ], [ 100.5666398, 1.5012168 ], [ 100.5667004, 1.5012853 ], [ 100.5668114, 1.5013822 ], [ 100.5668703, 1.5014263 ], [ 100.5669263, 1.5014662 ], [ 100.5670055, 1.501523 ], [ 100.5670941, 1.5016019 ], [ 100.5671475, 1.5016537 ], [ 100.5671495, 1.5016703 ], [ 100.5671718, 1.5016888 ], [ 100.567187, 1.5016936 ], [ 100.5672325, 1.5017179 ], [ 100.5673437, 1.5018017 ], [ 100.5674312, 1.5018683 ], [ 100.5675391, 1.5019414 ], [ 100.5675579, 1.5019526 ] ] ] } },
{ "type": "Feature", "properties": { "Name": "Polygon", "description": null, "timestamp": null, "begin": null, "end": null }, "geometry": { "type": "Polygon", "coordinates": [ [ [ 100.6229669, 1.4800703 ], [ 100.622951, 1.4801276 ], [ 100.6228713, 1.4805976 ], [ 100.6225851, 1.4815565 ], [ 100.621826, 1.4817244 ], [ 100.6215635, 1.4817403 ], [ 100.6213698, 1.4817548 ], [ 100.6210771, 1.4817596 ], [ 100.6209238, 1.4817642 ], [ 100.6207528, 1.4817697 ], [ 100.6204739, 1.4817725 ], [ 100.6199388, 1.4817953 ], [ 100.6195223, 1.4816327 ], [ 100.6193805, 1.4815485 ], [ 100.6192686, 1.481481 ], [ 100.6191919, 1.4814265 ], [ 100.619094, 1.4813684 ], [ 100.6190398, 1.4813333 ], [ 100.6186998, 1.481125 ], [ 100.618728, 1.4810162 ], [ 100.6187606, 1.4810037 ], [ 100.61934, 1.4807981 ], [ 100.6193406, 1.4808001 ], [ 100.620165, 1.4805022 ], [ 100.6202742, 1.4804892 ], [ 100.6206176, 1.4804333 ], [ 100.6208077, 1.4804048 ], [ 100.6208694, 1.480396 ], [ 100.6212132, 1.4803382 ], [ 100.6216589, 1.4799895 ], [ 100.621755, 1.4796985 ], [ 100.6217363, 1.4796488 ], [ 100.622344, 1.4778666 ], [ 100.6223439, 1.4778681 ], [ 100.6223447, 1.4778706 ], [ 100.6223488, 1.4778733 ], [ 100.6230793, 1.4778916 ], [ 100.6235573, 1.4779843 ], [ 100.6235573, 1.4779843 ], [ 100.6235512, 1.4779666 ], [ 100.6235484, 1.4780071 ], [ 100.6234963, 1.4781236 ], [ 100.6234287, 1.4783035 ], [ 100.623411, 1.4783452 ], [ 100.6233128, 1.4785027 ], [ 100.6232325, 1.4788939 ], [ 100.623158, 1.4792815 ], [ 100.6230496, 1.4797137 ], [ 100.6229669, 1.4800703 ] ] ] } },
{ "type": "Feature", "properties": { "Name": "Polygon", "description": null, "timestamp": null, "begin": null, "end": null }, "geometry": { "type": "Polygon", "coordinates": [ [ [ 100.6144238, 1.4839044 ], [ 100.6142936, 1.4837683 ], [ 100.6154213, 1.4831982 ], [ 100.6157763, 1.4837192 ], [ 100.6159248, 1.4839377 ], [ 100.6160082, 1.4839824 ], [ 100.6164878, 1.4840655 ], [ 100.6165336, 1.4840739 ], [ 100.6168701, 1.4840973 ], [ 100.6170497, 1.4841207 ], [ 100.617092, 1.4841278 ], [ 100.6175981, 1.484192 ], [ 100.617731, 1.4842211 ], [ 100.6177847, 1.484237 ], [ 100.6180929, 1.4842844 ], [ 100.6185486, 1.4843688 ], [ 100.6188225, 1.484448 ], [ 100.6190827, 1.4844697 ], [ 100.6198306, 1.4846024 ], [ 100.6203788, 1.4846878 ], [ 100.6205326, 1.4847042 ], [ 100.6203594, 1.4850928 ], [ 100.6205326, 1.4847042 ], [ 100.6203594, 1.4850928 ], [ 100.6201103, 1.4856625 ], [ 100.6199108, 1.4860993 ], [ 100.6196286, 1.48671 ], [ 100.619456, 1.4871047 ], [ 100.6194308, 1.4871847 ], [ 100.6193065, 1.4875795 ], [ 100.6192939, 1.4876654 ], [ 100.6192828, 1.4877484 ], [ 100.6191584, 1.4881975 ], [ 100.6190978, 1.4882847 ], [ 100.6190978, 1.4882847 ], [ 100.6187723, 1.4881979 ], [ 100.6187723, 1.4881979 ], [ 100.6184759, 1.487959 ], [ 100.6180372, 1.4875467 ], [ 100.6179341, 1.4874235 ], [ 100.6178217, 1.4873053 ], [ 100.6174851, 1.486885 ], [ 100.6174526, 1.48685 ], [ 100.6171226, 1.4864763 ], [ 100.6170676, 1.4864052 ], [ 100.616893, 1.4862475 ], [ 100.6165953, 1.4859501 ], [ 100.6162238, 1.4855813 ], [ 100.6157405, 1.4851484 ], [ 100.615179, 1.4846403 ], [ 100.6147383, 1.4842097 ], [ 100.6144238, 1.4839044 ] ] ] } },
{ "type": "Feature", "properties": { "Name": "Polygon", "description": null, "timestamp": null, "begin": null, "end": null }, "geometry": { "type": "Polygon", "coordinates": [ [ [ 100.6296211, 1.4817019 ], [ 100.6296542, 1.4821744 ], [ 100.629672, 1.4824822 ], [ 100.6296881, 1.4826198 ], [ 100.6298385, 1.4831075 ], [ 100.6299687, 1.4834046 ], [ 100.6299927, 1.4835772 ], [ 100.6300164, 1.48366 ], [ 100.6297004, 1.483669 ], [ 100.6295828, 1.483734 ], [ 100.6296294, 1.4839175 ], [ 100.6296584, 1.4839699 ], [ 100.6297526, 1.4843522 ], [ 100.6297823, 1.4848433 ], [ 100.6298556, 1.4850202 ], [ 100.6299604, 1.4852103 ], [ 100.6299769, 1.4857582 ], [ 100.6298962, 1.4861928 ], [ 100.6299268, 1.4862424 ], [ 100.6298651, 1.4862339 ], [ 100.6298571, 1.4862275 ], [ 100.629561, 1.4861978 ], [ 100.6294554, 1.4861766 ], [ 100.6293402, 1.4861576 ], [ 100.6289662, 1.4860997 ], [ 100.6287265, 1.4860662 ], [ 100.6284178, 1.4860438 ], [ 100.6283498, 1.4860351 ], [ 100.6281847, 1.4859755 ], [ 100.6272776, 1.4858368 ], [ 100.6272264, 1.4858296 ], [ 100.6267517, 1.4857195 ], [ 100.626252, 1.4856596 ], [ 100.6261578, 1.4856294 ], [ 100.6260202, 1.4856119 ], [ 100.6258484, 1.4855933 ], [ 100.6255496, 1.4855496 ], [ 100.625142, 1.4855053 ], [ 100.625012, 1.4855178 ], [ 100.6205181, 1.4848511 ], [ 100.6205181, 1.4848511 ], [ 100.6210953, 1.4840552 ], [ 100.621517, 1.4834142 ], [ 100.6222048, 1.4822019 ], [ 100.6225851, 1.4815565 ], [ 100.624385, 1.4817247 ], [ 100.6243525, 1.481706 ], [ 100.625041, 1.4817241 ], [ 100.6251372, 1.4817248 ], [ 100.6251865, 1.4817229 ], [ 100.6254112, 1.481707 ], [ 100.6260948, 1.4817176 ], [ 100.6267998, 1.4817081 ], [ 100.6271501, 1.481701 ], [ 100.6277697, 1.4816695 ], [ 100.6280635, 1.4816689 ], [ 100.6283737, 1.4816643 ], [ 100.6286021, 1.4816704 ], [ 100.6286614, 1.4816752 ], [ 100.6287829, 1.4816767 ], [ 100.6292578, 1.4816559 ], [ 100.6296434, 1.4816105 ], [ 100.6296211, 1.4817019 ] ] ] } },
{ "type": "Feature", "properties": { "Name": "Polygon", "description": null, "timestamp": null, "begin": null, "end": null }, "geometry": { "type": "Polygon", "coordinates": [ [ [ 100.6296533, 1.4814955 ], [ 100.6296434, 1.4816105 ], [ 100.6292578, 1.4816559 ], [ 100.6287829, 1.4816767 ], [ 100.6286614, 1.4816752 ], [ 100.6286021, 1.4816704 ], [ 100.6283737, 1.4816643 ], [ 100.6280635, 1.4816689 ], [ 100.6277697, 1.4816695 ], [ 100.6271501, 1.481701 ], [ 100.6267998, 1.4817081 ], [ 100.6260948, 1.4817176 ], [ 100.6254112, 1.481707 ], [ 100.6251865, 1.4817229 ], [ 100.6251372, 1.4817248 ], [ 100.625041, 1.4817241 ], [ 100.624552, 1.4817415 ], [ 100.6243525, 1.481706 ], [ 100.6242701, 1.4817109 ], [ 100.6239374, 1.4817277 ], [ 100.6237047, 1.4817301 ], [ 100.6232649, 1.4817658 ], [ 100.6231486, 1.4817712 ], [ 100.6228154, 1.4817794 ], [ 100.6224772, 1.481792 ], [ 100.6227626, 1.4811658 ], [ 100.6229089, 1.4802828 ], [ 100.6229243, 1.4802208 ], [ 100.6230496, 1.4797137 ], [ 100.623158, 1.4792815 ], [ 100.6232325, 1.4788939 ], [ 100.6233128, 1.4785027 ], [ 100.623411, 1.4783452 ], [ 100.6234287, 1.4783035 ], [ 100.6234963, 1.4781236 ], [ 100.6235484, 1.4780071 ], [ 100.6235324, 1.4779808 ], [ 100.6235512, 1.4779666 ], [ 100.6235573, 1.4779843 ], [ 100.6239572, 1.4780369 ], [ 100.6244092, 1.4780433 ], [ 100.6248052, 1.4781602 ], [ 100.6249238, 1.4783956 ], [ 100.6249622, 1.4788161 ], [ 100.6250771, 1.4792494 ], [ 100.6250631, 1.4793548 ], [ 100.6252221, 1.4794004 ], [ 100.6254878, 1.4793942 ], [ 100.6258478, 1.4792668 ], [ 100.6263758, 1.479087 ], [ 100.626417, 1.4791057 ], [ 100.6268955, 1.4788921 ], [ 100.6273184, 1.4787576 ], [ 100.6275368, 1.478817 ], [ 100.6278196, 1.4787171 ], [ 100.6279495, 1.4787213 ], [ 100.6281204, 1.4786193 ], [ 100.6283195, 1.4785738 ], [ 100.6283955, 1.4784801 ], [ 100.6284687, 1.4781968 ], [ 100.6285393, 1.4774248 ], [ 100.6287482, 1.4771993 ], [ 100.6288608, 1.4771778 ], [ 100.629171, 1.4769385 ], [ 100.6292875, 1.4767756 ], [ 100.629487, 1.476569 ], [ 100.6296409, 1.4764297 ], [ 100.6298609, 1.4761004 ], [ 100.6302354, 1.4755754 ], [ 100.6304888, 1.4756473 ], [ 100.6310954, 1.476026 ], [ 100.6311431, 1.4764619 ], [ 100.6312912, 1.4769392 ], [ 100.6310846, 1.4769631 ], [ 100.6310068, 1.4770007 ], [ 100.6308716, 1.4769939 ], [ 100.6306039, 1.4770093 ], [ 100.63049, 1.4770166 ], [ 100.6303205, 1.4769949 ], [ 100.6302079, 1.4770254 ], [ 100.6299624, 1.4770424 ], [ 100.6299307, 1.4770497 ], [ 100.6298418, 1.477042 ], [ 100.6298226, 1.477047 ], [ 100.629866, 1.477071 ], [ 100.6297841, 1.4771063 ], [ 100.6297828, 1.4771209 ], [ 100.6297169, 1.4772399 ], [ 100.6296288, 1.4775606 ], [ 100.6293338, 1.4779427 ], [ 100.6291464, 1.4783488 ], [ 100.6290058, 1.4785295 ], [ 100.6289393, 1.4788862 ], [ 100.6288317, 1.4794331 ], [ 100.6287613, 1.4798323 ], [ 100.6289482, 1.479962 ], [ 100.6295458, 1.4800606 ], [ 100.6296886, 1.480125 ], [ 100.6297154, 1.4802692 ], [ 100.6297072, 1.4803509 ], [ 100.6296813, 1.4808871 ], [ 100.6296569, 1.481243 ], [ 100.6296533, 1.4814955 ] ] ] } },
{ "type": "Feature", "properties": { "Name": "Polygon", "description": null, "timestamp": null, "begin": null, "end": null }, "geometry": { "type": "Polygon", "coordinates": [ [ [ 100.6301964, 1.4862993 ], [ 100.6302099, 1.4863035 ], [ 100.6303897, 1.4863528 ], [ 100.6303951, 1.4864346 ], [ 100.6303795, 1.4865397 ], [ 100.6304349, 1.4866735 ], [ 100.6304658, 1.486811 ], [ 100.6304979, 1.4869208 ], [ 100.6305297, 1.4870167 ], [ 100.6305246, 1.4870773 ], [ 100.6305053, 1.4871225 ], [ 100.6304198, 1.4872645 ], [ 100.6303653, 1.4873395 ], [ 100.6303317, 1.4874231 ], [ 100.6302749, 1.4875333 ], [ 100.6302377, 1.4875942 ], [ 100.6302146, 1.4876741 ], [ 100.6301968, 1.48777 ], [ 100.6301464, 1.4878639 ], [ 100.6299686, 1.488192 ], [ 100.6290769, 1.4901294 ], [ 100.6287789, 1.4900765 ], [ 100.628775, 1.4900589 ], [ 100.6285502, 1.4900467 ], [ 100.6282505, 1.4900156 ], [ 100.627795, 1.489977 ], [ 100.6275292, 1.4899566 ], [ 100.6272544, 1.489932 ], [ 100.6271523, 1.489926 ], [ 100.6270586, 1.4899178 ], [ 100.6267129, 1.489904 ], [ 100.626253, 1.4898529 ], [ 100.6261477, 1.4898543 ], [ 100.6257397, 1.48981 ], [ 100.6255776, 1.4897984 ], [ 100.6252414, 1.4897592 ], [ 100.6249669, 1.4897342 ], [ 100.6246067, 1.4896753 ], [ 100.624012, 1.4896051 ], [ 100.623803, 1.4895839 ], [ 100.6236054, 1.4895702 ], [ 100.6231961, 1.4895373 ], [ 100.6229533, 1.4895135 ], [ 100.622654, 1.489492 ], [ 100.6224094, 1.4894965 ], [ 100.6221855, 1.4895405 ], [ 100.6210044, 1.4901358 ], [ 100.6207621, 1.4903093 ], [ 100.6200032, 1.4892867 ], [ 100.6191712, 1.4881269 ], [ 100.6191712, 1.4881269 ], [ 100.6194092, 1.4872998 ], [ 100.6195805, 1.4868766 ], [ 100.6197839, 1.4864186 ], [ 100.6200841, 1.4857745 ], [ 100.6205181, 1.4848511 ], [ 100.625012, 1.4855178 ], [ 100.625142, 1.4855053 ], [ 100.6255496, 1.4855496 ], [ 100.6258484, 1.4855933 ], [ 100.6260202, 1.4856119 ], [ 100.6261578, 1.4856294 ], [ 100.626252, 1.4856596 ], [ 100.6267517, 1.4857195 ], [ 100.6272264, 1.4858296 ], [ 100.6272776, 1.4858368 ], [ 100.6281847, 1.4859755 ], [ 100.6283498, 1.4860351 ], [ 100.6284178, 1.4860438 ], [ 100.6287265, 1.4860662 ], [ 100.6289662, 1.4860997 ], [ 100.6293402, 1.4861576 ], [ 100.6294554, 1.4861766 ], [ 100.629561, 1.4861978 ], [ 100.6298571, 1.4862275 ], [ 100.6298651, 1.4862339 ], [ 100.6299268, 1.4862424 ], [ 100.6300824, 1.4862687 ], [ 100.6300846, 1.4862709 ], [ 100.6301964, 1.4862993 ] ] ] } },
{ "type": "Feature", "properties": { "Name": "polygon", "description": null, "timestamp": null, "begin": null, "end": null }, "geometry": { "type": "Polygon", "coordinates": [ [ [ 100.6026653, 1.489022 ], [ 100.6027069, 1.4890055 ], [ 100.6029127, 1.4888861 ], [ 100.603, 1.4888511 ], [ 100.6033167, 1.4890614 ], [ 100.6034876, 1.4895317 ], [ 100.6038249, 1.4908128 ], [ 100.6036866, 1.4909055 ], [ 100.6035171, 1.4909401 ], [ 100.6031326, 1.4911463 ], [ 100.6032631, 1.4913634 ], [ 100.603551, 1.4916138 ], [ 100.6037253, 1.4917873 ], [ 100.6038563, 1.491887 ], [ 100.6039107, 1.4919468 ], [ 100.603686, 1.4923252 ], [ 100.6035451, 1.4924699 ], [ 100.6033934, 1.492378 ], [ 100.6030281, 1.4921 ], [ 100.6028721, 1.4922565 ], [ 100.6028163, 1.492347 ], [ 100.6027718, 1.4923797 ], [ 100.6027093, 1.4924796 ], [ 100.6026645, 1.4925272 ], [ 100.6025933, 1.4926958 ], [ 100.6025323, 1.4927645 ], [ 100.6024599, 1.4929072 ], [ 100.6027493, 1.493175 ], [ 100.6028598, 1.4933049 ], [ 100.6029496, 1.4933521 ], [ 100.6030431, 1.4934774 ], [ 100.6033397, 1.4937689 ], [ 100.6036522, 1.4940484 ], [ 100.6041282, 1.4945061 ], [ 100.6041008, 1.4946161 ], [ 100.6039387, 1.4948601 ], [ 100.6039308, 1.4949108 ], [ 100.6038574, 1.4949812 ], [ 100.6036943, 1.4952204 ], [ 100.6037249, 1.4953915 ], [ 100.6037366, 1.4954614 ], [ 100.6037057, 1.4955793 ], [ 100.6035947, 1.4957924 ], [ 100.6035289, 1.4958023 ], [ 100.6033952, 1.495724 ], [ 100.6030392, 1.4954925 ], [ 100.6028788, 1.4953863 ], [ 100.6027456, 1.4952816 ], [ 100.6023381, 1.4949528 ], [ 100.6018556, 1.4946014 ], [ 100.601478, 1.4943834 ], [ 100.6013022, 1.4943172 ], [ 100.6009022, 1.4942967 ], [ 100.6007368, 1.4943752 ], [ 100.6005825, 1.4944036 ], [ 100.6005759, 1.4944299 ], [ 100.6005121, 1.4944772 ], [ 100.6005033, 1.494488 ], [ 100.6004845, 1.494622 ], [ 100.6004829, 1.4947725 ], [ 100.6005155, 1.4948497 ], [ 100.6004924, 1.4952801 ], [ 100.6005493, 1.4956099 ], [ 100.6005763, 1.4956806 ], [ 100.6006591, 1.4957593 ], [ 100.600899, 1.4959214 ], [ 100.6011849, 1.4960892 ], [ 100.6013733, 1.4961886 ], [ 100.6016249, 1.4963218 ], [ 100.6022811, 1.4966667 ], [ 100.6026826, 1.496849 ], [ 100.603215, 1.497023 ], [ 100.6034087, 1.4971034 ], [ 100.6037851, 1.4971828 ], [ 100.6033057, 1.4978635 ], [ 100.6028503, 1.4984016 ], [ 100.6028012, 1.4984382 ], [ 100.6028012, 1.4984382 ], [ 100.6026471, 1.4985173 ], [ 100.6024991, 1.4985649 ], [ 100.6023297, 1.498616 ], [ 100.6020604, 1.4987083 ], [ 100.6017632, 1.4988165 ], [ 100.60168, 1.4988523 ], [ 100.6016538, 1.498872 ], [ 100.6016278, 1.4988923 ], [ 100.6003422, 1.4974071 ], [ 100.6002287, 1.4973108 ], [ 100.5999147, 1.4970097 ], [ 100.599893, 1.4969332 ], [ 100.5998191, 1.4966837 ], [ 100.5993539, 1.4962939 ], [ 100.5993101, 1.4961422 ], [ 100.5993066, 1.4961311 ], [ 100.5992859, 1.496082 ], [ 100.5992422, 1.4959362 ], [ 100.5992155, 1.4958882 ], [ 100.5991803, 1.4957905 ], [ 100.5991234, 1.495692 ], [ 100.599107, 1.495508 ], [ 100.5990252, 1.4951075 ], [ 100.5989196, 1.4949031 ], [ 100.5988519, 1.4942907 ], [ 100.598755, 1.4933785 ], [ 100.5981527, 1.492895 ], [ 100.598314, 1.4928029 ], [ 100.5983637, 1.4927723 ], [ 100.5984577, 1.4927031 ], [ 100.5985002, 1.4926673 ], [ 100.5985441, 1.4926345 ], [ 100.5987422, 1.4925025 ], [ 100.5988639, 1.4922725 ], [ 100.5988263, 1.4919949 ], [ 100.5988004, 1.4918728 ], [ 100.5987551, 1.4917089 ], [ 100.5987286, 1.4914629 ], [ 100.5987115, 1.4913536 ], [ 100.5986234, 1.4907486 ], [ 100.598694, 1.4897762 ], [ 100.598753, 1.4897778 ], [ 100.5988748, 1.4897494 ], [ 100.5989248, 1.4897383 ], [ 100.5991978, 1.4896902 ], [ 100.5992396, 1.4896836 ], [ 100.5994268, 1.4896623 ], [ 100.5996176, 1.4896489 ], [ 100.5996815, 1.4896421 ], [ 100.6001634, 1.4895694 ], [ 100.6011138, 1.4894592 ], [ 100.6012741, 1.4894215 ], [ 100.6018339, 1.4892741 ], [ 100.602606, 1.489053 ], [ 100.6026653, 1.489022 ] ] ] } },
{ "type": "Feature", "properties": { "Name": "polygon", "description": null, "timestamp": null, "begin": null, "end": null }, "geometry": { "type": "Polygon", "coordinates": [ [ [ 100.5968704, 1.4858092 ], [ 100.5969502, 1.4856897 ], [ 100.5969347, 1.4857026 ], [ 100.5970019, 1.485515 ], [ 100.5972527, 1.4848417 ], [ 100.5972928, 1.4847055 ], [ 100.597516, 1.4842744 ], [ 100.5977353, 1.4835672 ], [ 100.5979762, 1.4831021 ], [ 100.5982762, 1.4826904 ], [ 100.5983463, 1.4825682 ], [ 100.5987073, 1.4818122 ], [ 100.5988004, 1.4815247 ], [ 100.5988278, 1.4814503 ], [ 100.5989518, 1.4811218 ], [ 100.5990512, 1.4807567 ], [ 100.5990705, 1.4806862 ], [ 100.5991533, 1.4804034 ], [ 100.5991765, 1.4803139 ], [ 100.5992425, 1.4799173 ], [ 100.5992885, 1.4796859 ], [ 100.5993833, 1.4791841 ], [ 100.5993901, 1.4791311 ], [ 100.5997574, 1.4792434 ], [ 100.5998409, 1.4792794 ], [ 100.5999116, 1.4793269 ], [ 100.6000099, 1.4794038 ], [ 100.5997943, 1.4831264 ], [ 100.6001239, 1.4834904 ], [ 100.6006737, 1.4839898 ], [ 100.602534, 1.4858284 ], [ 100.6025426, 1.4858223 ], [ 100.6024887, 1.4858653 ], [ 100.602361, 1.4879591 ], [ 100.6024132, 1.488086 ], [ 100.6027337, 1.4884173 ], [ 100.6029442, 1.4889198 ], [ 100.6029357, 1.4889201 ], [ 100.6029186, 1.4888996 ], [ 100.602606, 1.489053 ], [ 100.6018339, 1.4892741 ], [ 100.6012741, 1.4894215 ], [ 100.6011138, 1.4894592 ], [ 100.6001634, 1.4895694 ], [ 100.5996815, 1.4896421 ], [ 100.5996176, 1.4896489 ], [ 100.5994268, 1.4896623 ], [ 100.5992396, 1.4896836 ], [ 100.5991978, 1.4896902 ], [ 100.5989248, 1.4897383 ], [ 100.5988748, 1.4897494 ], [ 100.598753, 1.4897778 ], [ 100.598694, 1.4897762 ], [ 100.5986234, 1.4907486 ], [ 100.5983841, 1.4905781 ], [ 100.5977546, 1.490231 ], [ 100.5973485, 1.4900068 ], [ 100.5970512, 1.4898384 ], [ 100.5968813, 1.489745 ], [ 100.5964432, 1.4894681 ], [ 100.5963495, 1.4894136 ], [ 100.5961637, 1.4893116 ], [ 100.5958713, 1.4891266 ], [ 100.5956941, 1.4890341 ], [ 100.5957198, 1.4884372 ], [ 100.5957297, 1.4884039 ], [ 100.5958039, 1.4882336 ], [ 100.596027, 1.4877426 ], [ 100.5965413, 1.486536 ], [ 100.5968423, 1.4858785 ], [ 100.5968704, 1.4858092 ] ] ] } },
{ "type": "Feature", "properties": { "Name": "Polygon", "description": null, "timestamp": null, "begin": null, "end": null }, "geometry": { "type": "Polygon", "coordinates": [ [ [ 100.6291283, 1.4902493 ], [ 100.6289503, 1.490619 ], [ 100.6286586, 1.49128 ], [ 100.6285566, 1.491525 ], [ 100.6284715, 1.4916681 ], [ 100.6283169, 1.4915048 ], [ 100.6277828, 1.4913446 ], [ 100.6275344, 1.49116 ], [ 100.6276135, 1.491108 ], [ 100.6272722, 1.4903562 ], [ 100.6254352, 1.49068 ], [ 100.6253475, 1.4906842 ], [ 100.6248059, 1.4908463 ], [ 100.6247348, 1.4908271 ], [ 100.6244483, 1.4910423 ], [ 100.6241694, 1.4911676 ], [ 100.6237245, 1.4911374 ], [ 100.6229957, 1.4910838 ], [ 100.6229034, 1.4914479 ], [ 100.623049, 1.492386 ], [ 100.6229335, 1.4929983 ], [ 100.6227157, 1.4933986 ], [ 100.6227157, 1.4933986 ], [ 100.6223487, 1.493353 ], [ 100.6223128, 1.4933329 ], [ 100.6220831, 1.4932054 ], [ 100.6217441, 1.4930111 ], [ 100.6216842, 1.4929502 ], [ 100.6216995, 1.4924099 ], [ 100.621757, 1.4911382 ], [ 100.6212863, 1.4909728 ], [ 100.6211059, 1.4907585 ], [ 100.6207621, 1.4903093 ], [ 100.6210044, 1.4901358 ], [ 100.6221855, 1.4895405 ], [ 100.6224094, 1.4894965 ], [ 100.622654, 1.489492 ], [ 100.6229533, 1.4895135 ], [ 100.6231961, 1.4895373 ], [ 100.6236054, 1.4895702 ], [ 100.623803, 1.4895839 ], [ 100.624012, 1.4896051 ], [ 100.6246067, 1.4896753 ], [ 100.6249669, 1.4897342 ], [ 100.6252414, 1.4897592 ], [ 100.6255776, 1.4897984 ], [ 100.6257397, 1.48981 ], [ 100.6261477, 1.4898543 ], [ 100.626253, 1.4898529 ], [ 100.6267129, 1.489904 ], [ 100.6270586, 1.4899178 ], [ 100.6271523, 1.489926 ], [ 100.6272544, 1.489932 ], [ 100.6275292, 1.4899566 ], [ 100.627795, 1.489977 ], [ 100.6282505, 1.4900156 ], [ 100.6285502, 1.4900467 ], [ 100.6290877, 1.4901364 ], [ 100.6291283, 1.4902493 ] ] ] } },
{ "type": "Feature", "properties": { "Name": null, "description": null, "timestamp": null, "begin": null, "end": null }, "geometry": { "type": "Polygon", "coordinates": [ [ [ 100.617621, 1.4907321 ], [ 100.6176028, 1.4907769 ], [ 100.617898, 1.4902773 ], [ 100.6182404, 1.4897053 ], [ 100.6182404, 1.4897053 ], [ 100.6186415, 1.4890304 ], [ 100.6188083, 1.4887579 ], [ 100.6191712, 1.4881269 ], [ 100.6200291, 1.4892779 ], [ 100.6203028, 1.4896551 ], [ 100.6204783, 1.4898774 ], [ 100.6205232, 1.4899388 ], [ 100.6207621, 1.4903093 ], [ 100.6211059, 1.4907585 ], [ 100.6212863, 1.4909728 ], [ 100.621757, 1.4911382 ], [ 100.6216995, 1.4924099 ], [ 100.6216842, 1.4929502 ], [ 100.6217441, 1.4930111 ], [ 100.6220831, 1.4932054 ], [ 100.6223128, 1.4933329 ], [ 100.6223487, 1.493353 ], [ 100.6227157, 1.4933986 ], [ 100.6225963, 1.4937435 ], [ 100.6220628, 1.4948615 ], [ 100.621781, 1.4953257 ], [ 100.6219344, 1.4970039 ], [ 100.6217691, 1.4967477 ], [ 100.6194239, 1.4954967 ], [ 100.6189469, 1.4953159 ], [ 100.6175487, 1.4945376 ], [ 100.6159548, 1.4937959 ], [ 100.6175321, 1.4907851 ], [ 100.617621, 1.4907321 ] ] ] } },
{ "type": "Feature", "properties": { "Name": "polygon", "description": null, "timestamp": null, "begin": null, "end": null }, "geometry": { "type": "Polygon", "coordinates": [ [ [ 100.5842476, 1.501389 ], [ 100.5841124, 1.501215 ], [ 100.5846008, 1.501358 ], [ 100.5850548, 1.5014365 ], [ 100.5853872, 1.5015475 ], [ 100.5856495, 1.5016341 ], [ 100.5858831, 1.5017007 ], [ 100.5861859, 1.5017438 ], [ 100.5861859, 1.5017438 ], [ 100.586378, 1.5017317 ], [ 100.586522, 1.5017242 ], [ 100.5867484, 1.5017304 ], [ 100.5871444, 1.5017121 ], [ 100.5872681, 1.501691 ], [ 100.5878157, 1.5016147 ], [ 100.5881509, 1.5016098 ], [ 100.5889015, 1.5015911 ], [ 100.5901857, 1.5015496 ], [ 100.590243, 1.5014376 ], [ 100.5903797, 1.5015254 ], [ 100.5909575, 1.5027019 ], [ 100.5910232, 1.5046076 ], [ 100.5910725, 1.5059547 ], [ 100.590626, 1.5058905 ], [ 100.5905621, 1.5058801 ], [ 100.5896663, 1.5057687 ], [ 100.5893415, 1.5057538 ], [ 100.5889546, 1.5057482 ], [ 100.588688, 1.5056766 ], [ 100.5883506, 1.5055124 ], [ 100.5881968, 1.5053966 ], [ 100.5880758, 1.5052091 ], [ 100.5879918, 1.5047756 ], [ 100.5878139, 1.5044281 ], [ 100.587697, 1.5042793 ], [ 100.5875908, 1.5042111 ], [ 100.5869593, 1.5038792 ], [ 100.5867132, 1.5037688 ], [ 100.5865324, 1.5036857 ], [ 100.5863947, 1.503625 ], [ 100.586321, 1.5035919 ], [ 100.586176, 1.5035303 ], [ 100.5859747, 1.5034812 ], [ 100.5852479, 1.5033809 ], [ 100.5851718, 1.5033686 ], [ 100.5847951, 1.5032923 ], [ 100.5847593, 1.503284 ], [ 100.584262, 1.5030201 ], [ 100.5841514, 1.5029005 ], [ 100.5840962, 1.502722 ], [ 100.5841412, 1.5024654 ], [ 100.5841926, 1.502301 ], [ 100.5842928, 1.5020038 ], [ 100.5843124, 1.5018446 ], [ 100.584321, 1.5017237 ], [ 100.5842476, 1.501389 ] ] ] } },
{ "type": "Feature", "properties": { "Name": "Polygon", "description": null, "timestamp": null, "begin": null, "end": null }, "geometry": { "type": "Polygon", "coordinates": [ [ [ 100.6138747, 1.4926581 ], [ 100.6112134, 1.4912843 ], [ 100.6109448, 1.4911454 ], [ 100.6104148, 1.490881 ], [ 100.6104559, 1.4903772 ], [ 100.6104698, 1.4900216 ], [ 100.6105028, 1.4896385 ], [ 100.6105426, 1.4893204 ], [ 100.6105879, 1.4892422 ], [ 100.61058, 1.4892382 ], [ 100.6103399, 1.4891532 ], [ 100.6100579, 1.489056 ], [ 100.6098711, 1.4889832 ], [ 100.6094038, 1.4887839 ], [ 100.6092339, 1.488735 ], [ 100.6092344, 1.4887351 ], [ 100.6092281, 1.4887299 ], [ 100.6092276, 1.4887294 ], [ 100.6092193, 1.4887169 ], [ 100.6092187, 1.4887172 ], [ 100.6092151, 1.488718 ], [ 100.6092151, 1.488718 ], [ 100.6092058, 1.4887278 ], [ 100.6080637, 1.4879854 ], [ 100.6081749, 1.4878463 ], [ 100.6091757, 1.487252 ], [ 100.6097798, 1.4865371 ], [ 100.6100658, 1.4862537 ], [ 100.610511, 1.4858062 ], [ 100.6108812, 1.4854125 ], [ 100.6109618, 1.4854321 ], [ 100.610996, 1.4854411 ], [ 100.6110437, 1.4854258 ], [ 100.6112254, 1.485367 ], [ 100.6113064, 1.4853129 ], [ 100.6113863, 1.4852774 ], [ 100.6115327, 1.4852472 ], [ 100.6116762, 1.4851721 ], [ 100.6118214, 1.4851134 ], [ 100.6118615, 1.4850614 ], [ 100.6119576, 1.4850376 ], [ 100.6121016, 1.4849941 ], [ 100.6121864, 1.484937 ], [ 100.6122941, 1.4848893 ], [ 100.612416, 1.4848317 ], [ 100.6125045, 1.4848311 ], [ 100.6126071, 1.484807 ], [ 100.6127107, 1.4847572 ], [ 100.6128636, 1.484734 ], [ 100.6128769, 1.4847147 ], [ 100.6129869, 1.4846411 ], [ 100.6130842, 1.4845754 ], [ 100.6131493, 1.484612 ], [ 100.6132583, 1.4846665 ], [ 100.6133863, 1.4847541 ], [ 100.6134971, 1.4848407 ], [ 100.6135041, 1.4848469 ], [ 100.6135572, 1.4849593 ], [ 100.6136065, 1.4850518 ], [ 100.6136522, 1.4850654 ], [ 100.6137864, 1.4852328 ], [ 100.6139591, 1.485437 ], [ 100.6140974, 1.4855921 ], [ 100.6142259, 1.4857706 ], [ 100.6143886, 1.4859418 ], [ 100.6145492, 1.4861185 ], [ 100.6147022, 1.4862315 ], [ 100.6149733, 1.4863594 ], [ 100.6152239, 1.4864505 ], [ 100.6154593, 1.4865447 ], [ 100.6156751, 1.4866662 ], [ 100.615916, 1.4867588 ], [ 100.6161011, 1.4869467 ], [ 100.6161781, 1.4871053 ], [ 100.6162466, 1.4872032 ], [ 100.6163274, 1.4872994 ], [ 100.6163705, 1.4873121 ], [ 100.6164533, 1.4873986 ], [ 100.616516, 1.4874814 ], [ 100.6165786, 1.48754 ], [ 100.6166615, 1.4875826 ], [ 100.6166907, 1.4876356 ], [ 100.6167515, 1.4877063 ], [ 100.6168081, 1.4878129 ], [ 100.6168522, 1.487886 ], [ 100.616949, 1.4878991 ], [ 100.6170107, 1.4878172 ], [ 100.6171165, 1.4877901 ], [ 100.6171719, 1.4878264 ], [ 100.6171484, 1.4879 ], [ 100.6171909, 1.4879761 ], [ 100.6172923, 1.4880198 ], [ 100.6173759, 1.4880675 ], [ 100.6174436, 1.4881321 ], [ 100.6175244, 1.4882642 ], [ 100.6175663, 1.4883837 ], [ 100.6175519, 1.488478 ], [ 100.6178684, 1.4891463 ], [ 100.6181547, 1.4897499 ], [ 100.6175321, 1.4907851 ], [ 100.6173315, 1.4912215 ], [ 100.6170112, 1.491803 ], [ 100.616979, 1.4918618 ], [ 100.6167256, 1.4923264 ], [ 100.6160192, 1.4937503 ], [ 100.6159168, 1.4936904 ], [ 100.6153422, 1.4934075 ], [ 100.6146517, 1.4930684 ], [ 100.6143305, 1.4928914 ], [ 100.6139305, 1.4926874 ], [ 100.6138747, 1.4926581 ] ] ] } },
{ "type": "Feature", "properties": { "Name": "polygon", "description": null, "timestamp": null, "begin": null, "end": null }, "geometry": { "type": "Polygon", "coordinates": [ [ [ 100.5835906, 1.4976618 ], [ 100.5835906, 1.4976618 ], [ 100.5834535, 1.4972953 ], [ 100.5828944, 1.4951469 ], [ 100.5828726, 1.4946695 ], [ 100.5827358, 1.4941953 ], [ 100.5827349, 1.4940044 ], [ 100.58265, 1.4934944 ], [ 100.58265, 1.4934944 ], [ 100.5826178, 1.493231 ], [ 100.5824542, 1.4925021 ], [ 100.582382, 1.4921248 ], [ 100.5823212, 1.4918077 ], [ 100.582174, 1.4910535 ], [ 100.5820798, 1.4910208 ], [ 100.5824941, 1.4909931 ], [ 100.5828115, 1.4910604 ], [ 100.5840814, 1.4917033 ], [ 100.5848322, 1.4920664 ], [ 100.5848735, 1.4920851 ], [ 100.584992, 1.4921394 ], [ 100.5851071, 1.4921366 ], [ 100.5853949, 1.491665 ], [ 100.5855909, 1.4914074 ], [ 100.5857491, 1.4912785 ], [ 100.5860534, 1.4913133 ], [ 100.5862813, 1.4913365 ], [ 100.5862735, 1.4913602 ], [ 100.5862602, 1.4913949 ], [ 100.5862659, 1.4914158 ], [ 100.5864492, 1.4915706 ], [ 100.5864492, 1.4915706 ], [ 100.5868117, 1.4919082 ], [ 100.5871188, 1.4921973 ], [ 100.5876265, 1.4927217 ], [ 100.5877334, 1.4928563 ], [ 100.588, 1.493136 ], [ 100.5884435, 1.4936303 ], [ 100.5887061, 1.4939369 ], [ 100.5889128, 1.4941621 ], [ 100.589255, 1.4945301 ], [ 100.5897607, 1.4951118 ], [ 100.5897976, 1.4951584 ], [ 100.5899349, 1.4953014 ], [ 100.5902791, 1.4955861 ], [ 100.5904993, 1.4957137 ], [ 100.5908538, 1.4959364 ], [ 100.5914489, 1.49633 ], [ 100.5916141, 1.496475 ], [ 100.591619, 1.496756 ], [ 100.591619, 1.496756 ], [ 100.5915558, 1.4971869 ], [ 100.5915237, 1.4975132 ], [ 100.5914903, 1.4977211 ], [ 100.5914826, 1.497862 ], [ 100.591438, 1.4978935 ], [ 100.5914135, 1.4981095 ], [ 100.5914593, 1.4983786 ], [ 100.5916332, 1.4985743 ], [ 100.5920136, 1.4988574 ], [ 100.5921773, 1.4991145 ], [ 100.5921544, 1.4993116 ], [ 100.5920411, 1.499736 ], [ 100.5919914, 1.4998724 ], [ 100.5919064, 1.5002313 ], [ 100.5916323, 1.5004115 ], [ 100.591384, 1.5004747 ], [ 100.5912978, 1.5004859 ], [ 100.5911702, 1.5004912 ], [ 100.5911341, 1.5004707 ], [ 100.5910247, 1.500553 ], [ 100.5909672, 1.5006068 ], [ 100.5909345, 1.500675 ], [ 100.5908776, 1.5007808 ], [ 100.5906975, 1.500968 ], [ 100.5904503, 1.501201 ], [ 100.590421, 1.5012301 ], [ 100.5903107, 1.5013209 ], [ 100.5901903, 1.5012299 ], [ 100.590129, 1.5010716 ], [ 100.5900501, 1.5008222 ], [ 100.589788, 1.5002051 ], [ 100.5895159, 1.4997854 ], [ 100.5894037, 1.4995789 ], [ 100.5891426, 1.4991409 ], [ 100.5888226, 1.4986824 ], [ 100.5887833, 1.498613 ], [ 100.5887393, 1.4985424 ], [ 100.5886941, 1.4984642 ], [ 100.5885315, 1.4981586 ], [ 100.58839, 1.497901 ], [ 100.5882895, 1.4977532 ], [ 100.5881778, 1.4975519 ], [ 100.587955, 1.4973758 ], [ 100.5878961, 1.4973716 ], [ 100.587735, 1.4973761 ], [ 100.587681, 1.4973748 ], [ 100.5872334, 1.4974001 ], [ 100.5870828, 1.4973874 ], [ 100.5868298, 1.4974089 ], [ 100.586388, 1.497447 ], [ 100.5862129, 1.4974592 ], [ 100.5857249, 1.497465 ], [ 100.5850501, 1.4974597 ], [ 100.5848836, 1.4974713 ], [ 100.5847272, 1.4974737 ], [ 100.5846198, 1.4974729 ], [ 100.584515, 1.4974603 ], [ 100.5844599, 1.4974531 ], [ 100.5842942, 1.4974728 ], [ 100.5842383, 1.4974786 ], [ 100.5840853, 1.4974877 ], [ 100.5837885, 1.4975199 ], [ 100.5836001, 1.4975464 ], [ 100.5835799, 1.4976255 ], [ 100.5836136, 1.4976023 ], [ 100.5836054, 1.4976023 ], [ 100.5836183, 1.4975899 ], [ 100.5836123, 1.4975923 ], [ 100.5836056, 1.4975945 ], [ 100.5836016, 1.4976039 ], [ 100.5836411, 1.4975951 ], [ 100.5836379, 1.4976001 ], [ 100.5835906, 1.4976618 ] ] ] } },
{ "type": "Feature", "properties": { "Name": "polygon", "description": null, "timestamp": null, "begin": null, "end": null }, "geometry": { "type": "Polygon", "coordinates": [ [ [ 100.5948269, 1.4854809 ], [ 100.5950859, 1.4854092 ], [ 100.5954003, 1.4852945 ], [ 100.5954387, 1.4852759 ], [ 100.5958394, 1.485153 ], [ 100.5962721, 1.4853316 ], [ 100.596744, 1.4855721 ], [ 100.5968138, 1.485611 ], [ 100.5968688, 1.4858027 ], [ 100.596662, 1.4862895 ], [ 100.5964841, 1.486716 ], [ 100.5960322, 1.4877097 ], [ 100.5959712, 1.4878465 ], [ 100.5959034, 1.487976 ], [ 100.5958379, 1.4881134 ], [ 100.5958055, 1.4881838 ], [ 100.5955428, 1.4887656 ], [ 100.5954344, 1.4889027 ], [ 100.5952211, 1.4887288 ], [ 100.5950021, 1.4886178 ], [ 100.5944949, 1.4883263 ], [ 100.5944519, 1.488299 ], [ 100.594135, 1.4881279 ], [ 100.5939627, 1.4880267 ], [ 100.5933357, 1.4876446 ], [ 100.5929518, 1.487423 ], [ 100.5928631, 1.4873675 ], [ 100.5924964, 1.4871493 ], [ 100.5923385, 1.4870382 ], [ 100.5921275, 1.4868791 ], [ 100.5920048, 1.486822 ], [ 100.5917551, 1.4866863 ], [ 100.5915443, 1.4865589 ], [ 100.5912483, 1.4863881 ], [ 100.5911299, 1.4863584 ], [ 100.5911174, 1.4862943 ], [ 100.5911299, 1.4862629 ], [ 100.5911299, 1.4862629 ], [ 100.5911481, 1.4861946 ], [ 100.5911491, 1.4859088 ], [ 100.5911522, 1.4856016 ], [ 100.5911549, 1.4855082 ], [ 100.5911733, 1.4852808 ], [ 100.5912039, 1.4847669 ], [ 100.5912369, 1.4847029 ], [ 100.591474, 1.4847895 ], [ 100.5919909, 1.485095 ], [ 100.5920411, 1.485123 ], [ 100.5920976, 1.4851551 ], [ 100.5922413, 1.485239 ], [ 100.5925758, 1.4851652 ], [ 100.5926808, 1.4852554 ], [ 100.5927268, 1.4852794 ], [ 100.5934892, 1.4856228 ], [ 100.5937983, 1.4857667 ], [ 100.5941717, 1.4859465 ], [ 100.5944247, 1.4860811 ], [ 100.594566, 1.4861585 ], [ 100.5947589, 1.4861677 ], [ 100.5948433, 1.486063 ], [ 100.5948433, 1.486063 ], [ 100.5948343, 1.4858436 ], [ 100.5948195, 1.4856595 ], [ 100.5948227, 1.4855208 ], [ 100.5948269, 1.4854809 ], [ 100.5948269, 1.4854809 ] ] ] } },
{ "type": "Feature", "properties": { "Name": "polygon", "description": null, "timestamp": null, "begin": null, "end": null }, "geometry": { "type": "Polygon", "coordinates": [ [ [ 100.5929165, 1.4843651 ], [ 100.5929199, 1.4840699 ], [ 100.5929036, 1.4839072 ], [ 100.5929248, 1.4836896 ], [ 100.5929217, 1.48341 ], [ 100.5929316, 1.4832411 ], [ 100.5929318, 1.4830544 ], [ 100.592958, 1.482884 ], [ 100.5933423, 1.4813475 ], [ 100.5933851, 1.4811773 ], [ 100.5936602, 1.4798479 ], [ 100.59364, 1.4797807 ], [ 100.593663, 1.4796977 ], [ 100.5936671, 1.4796568 ], [ 100.593703, 1.4795663 ], [ 100.5937267, 1.4794778 ], [ 100.5937718, 1.4793694 ], [ 100.5937907, 1.4792715 ], [ 100.5938117, 1.4791637 ], [ 100.5938034, 1.4790618 ], [ 100.5938189, 1.4789914 ], [ 100.5938308, 1.4788994 ], [ 100.5938736, 1.4788287 ], [ 100.5939958, 1.4787912 ], [ 100.5940805, 1.4787176 ], [ 100.5942015, 1.4786436 ], [ 100.594351, 1.4785888 ], [ 100.5945185, 1.4785666 ], [ 100.594661, 1.478595 ], [ 100.5946807, 1.4785888 ], [ 100.5947239, 1.4785578 ], [ 100.5947554, 1.478523 ], [ 100.5948554, 1.4784655 ], [ 100.5949453, 1.4784061 ], [ 100.5950717, 1.4783272 ], [ 100.5951313, 1.4782871 ], [ 100.5952045, 1.4782505 ], [ 100.5952784, 1.4782635 ], [ 100.5953656, 1.4782706 ], [ 100.5954796, 1.478248 ], [ 100.5955438, 1.4782424 ], [ 100.5955942, 1.4782609 ], [ 100.5956929, 1.4783192 ], [ 100.5958039, 1.4783728 ], [ 100.5958648, 1.4784029 ], [ 100.5959575, 1.4784593 ], [ 100.5982692, 1.4785194 ], [ 100.5982671, 1.4785644 ], [ 100.5982428, 1.478551 ], [ 100.5994479, 1.4790078 ], [ 100.5993901, 1.4791311 ], [ 100.5993833, 1.4791841 ], [ 100.5992885, 1.4796859 ], [ 100.5992425, 1.4799173 ], [ 100.5991765, 1.4803139 ], [ 100.5991533, 1.4804034 ], [ 100.5990705, 1.4806862 ], [ 100.5990512, 1.4807567 ], [ 100.5989518, 1.4811218 ], [ 100.5988278, 1.4814503 ], [ 100.5988004, 1.4815247 ], [ 100.5987073, 1.4818122 ], [ 100.5983463, 1.4825682 ], [ 100.5982762, 1.4826904 ], [ 100.5979762, 1.4831021 ], [ 100.5977353, 1.4835672 ], [ 100.597516, 1.4842744 ], [ 100.5972928, 1.4847055 ], [ 100.5972527, 1.4848417 ], [ 100.5970019, 1.485515 ], [ 100.5969347, 1.4857026 ], [ 100.5969502, 1.4856897 ], [ 100.5968704, 1.4858092 ], [ 100.5968688, 1.4858027 ], [ 100.5968138, 1.485611 ], [ 100.596744, 1.4855721 ], [ 100.5962721, 1.4853316 ], [ 100.5958394, 1.485153 ], [ 100.5954387, 1.4852759 ], [ 100.5954003, 1.4852945 ], [ 100.5950859, 1.4854092 ], [ 100.5948269, 1.4854809 ], [ 100.5948269, 1.4854809 ], [ 100.5948227, 1.4855208 ], [ 100.5948195, 1.4856595 ], [ 100.5948343, 1.4858436 ], [ 100.5948433, 1.486063 ], [ 100.5948433, 1.486063 ], [ 100.5947589, 1.4861677 ], [ 100.594566, 1.4861585 ], [ 100.5944247, 1.4860811 ], [ 100.5941717, 1.4859465 ], [ 100.5937983, 1.4857667 ], [ 100.5934892, 1.4856228 ], [ 100.5927268, 1.4852794 ], [ 100.5926808, 1.4852554 ], [ 100.5925758, 1.4851652 ], [ 100.5925758, 1.4851652 ], [ 100.5927273, 1.4850818 ], [ 100.5929415, 1.4849313 ], [ 100.5929502, 1.4845664 ], [ 100.5929165, 1.4843651 ] ] ] } },
{ "type": "Feature", "properties": { "Name": "polygon", "description": null, "timestamp": null, "begin": null, "end": null }, "geometry": { "type": "Polygon", "coordinates": [ [ [ 100.5930486, 1.4937293 ], [ 100.5929708, 1.4936412 ], [ 100.5929181, 1.4935825 ], [ 100.5927468, 1.4934692 ], [ 100.592601, 1.4933717 ], [ 100.5924303, 1.4932598 ], [ 100.5922509, 1.4931481 ], [ 100.5920746, 1.4930459 ], [ 100.5919153, 1.4929494 ], [ 100.5917916, 1.4928676 ], [ 100.5914252, 1.4926618 ], [ 100.5912424, 1.4925445 ], [ 100.5910879, 1.492448 ], [ 100.5909031, 1.4923354 ], [ 100.5905789, 1.4921413 ], [ 100.5904123, 1.4920498 ], [ 100.5900659, 1.4918484 ], [ 100.5898631, 1.4917398 ], [ 100.5895949, 1.4915886 ], [ 100.5893632, 1.4914495 ], [ 100.5888824, 1.4911241 ], [ 100.5886635, 1.490987 ], [ 100.588584, 1.4909465 ], [ 100.5884231, 1.4908419 ], [ 100.5883352, 1.4907926 ], [ 100.5882591, 1.4907413 ], [ 100.5881736, 1.4906827 ], [ 100.5879839, 1.4905738 ], [ 100.587726, 1.4904069 ], [ 100.5874102, 1.4902104 ], [ 100.5868295, 1.4898592 ], [ 100.5866817, 1.4898508 ], [ 100.5867115, 1.4895994 ], [ 100.5867484, 1.489464 ], [ 100.5869586, 1.4888142 ], [ 100.5870454, 1.4884887 ], [ 100.5873217, 1.487743 ], [ 100.5874179, 1.4874185 ], [ 100.587507, 1.4871876 ], [ 100.5887956, 1.4879216 ], [ 100.5926757, 1.4899373 ], [ 100.5927106, 1.4900016 ], [ 100.5928575, 1.4901079 ], [ 100.593641, 1.4905188 ], [ 100.5944648, 1.4908871 ], [ 100.59451, 1.4909485 ], [ 100.5930486, 1.4937293 ] ] ] } },
{ "type": "Feature", "properties": { "Name": "polygon", "description": null, "timestamp": null, "begin": null, "end": null }, "geometry": { "type": "Polygon", "coordinates": [ [ [ 100.5838, 1.4898123 ], [ 100.5837104, 1.4897965 ], [ 100.5836189, 1.4897711 ], [ 100.5835817, 1.4898458 ], [ 100.5835509, 1.4899953 ], [ 100.5835395, 1.4900864 ], [ 100.5835113, 1.4901702 ], [ 100.5834449, 1.490255 ], [ 100.5834107, 1.490376 ], [ 100.5833276, 1.490496 ], [ 100.5833044, 1.4905657 ], [ 100.5832649, 1.490624 ], [ 100.5832347, 1.4907199 ], [ 100.5831938, 1.4907903 ], [ 100.5831294, 1.4908747 ], [ 100.5830489, 1.4909542 ], [ 100.5829987, 1.4909686 ], [ 100.5829225, 1.4909639 ], [ 100.582822, 1.4909552 ], [ 100.5827878, 1.4909491 ], [ 100.5827569, 1.4910447 ], [ 100.5824941, 1.4909931 ], [ 100.5863712, 1.483499 ], [ 100.5863712, 1.483499 ], [ 100.5863712, 1.483499 ], [ 100.5863712, 1.483499 ], [ 100.5863712, 1.483499 ], [ 100.5863712, 1.483499 ], [ 100.5863712, 1.483499 ], [ 100.5863712, 1.483499 ], [ 100.5863712, 1.483499 ], [ 100.5863712, 1.483499 ], [ 100.5863712, 1.483499 ], [ 100.5863712, 1.483499 ], [ 100.5863712, 1.483499 ], [ 100.5863712, 1.483499 ], [ 100.5863712, 1.483499 ], [ 100.5863712, 1.483499 ], [ 100.5863712, 1.483499 ], [ 100.5863712, 1.483499 ], [ 100.5863712, 1.483499 ], [ 100.5863712, 1.483499 ], [ 100.5863712, 1.483499 ], [ 100.5863712, 1.483499 ], [ 100.5863712, 1.483499 ], [ 100.587061, 1.4834105 ], [ 100.587806, 1.4821181 ], [ 100.5880426, 1.4819987 ], [ 100.588396, 1.481703 ], [ 100.5887904, 1.4814894 ], [ 100.588794, 1.4814944 ], [ 100.5887786, 1.4817191 ], [ 100.588757, 1.4822392 ], [ 100.5887391, 1.4824117 ], [ 100.5887341, 1.4824538 ], [ 100.5887085, 1.4826193 ], [ 100.5886832, 1.4827639 ], [ 100.5886775, 1.4827996 ], [ 100.5885819, 1.4831856 ], [ 100.5885767, 1.4832116 ], [ 100.5885088, 1.4835232 ], [ 100.5884838, 1.4836164 ], [ 100.5884514, 1.4837387 ], [ 100.5884481, 1.4837606 ], [ 100.5883166, 1.4842704 ], [ 100.588101, 1.4849268 ], [ 100.5877541, 1.4862511 ], [ 100.5877789, 1.4862724 ], [ 100.58776, 1.4863512 ], [ 100.5877001, 1.4865226 ], [ 100.5876712, 1.4866199 ], [ 100.5876131, 1.4868096 ], [ 100.5875834, 1.4869008 ], [ 100.587506, 1.4871611 ], [ 100.5874022, 1.4874201 ], [ 100.5873391, 1.4876208 ], [ 100.587294, 1.4877712 ], [ 100.5872049, 1.4880176 ], [ 100.5871149, 1.4882679 ], [ 100.5870491, 1.4884427 ], [ 100.5870039, 1.4885843 ], [ 100.5869386, 1.4888162 ], [ 100.5868033, 1.4892399 ], [ 100.5867481, 1.4894189 ], [ 100.5866904, 1.4896193 ], [ 100.5866572, 1.4898287 ], [ 100.5865392, 1.4901934 ], [ 100.5863672, 1.4902135 ], [ 100.5862465, 1.4902242 ], [ 100.5859115, 1.490182 ], [ 100.5855072, 1.4903036 ], [ 100.5854448, 1.4903603 ], [ 100.5854036, 1.490366 ], [ 100.585356, 1.4903938 ], [ 100.5853503, 1.490368 ], [ 100.5852567, 1.4903133 ], [ 100.5850797, 1.4903844 ], [ 100.585014, 1.4904206 ], [ 100.5849436, 1.4904347 ], [ 100.5848722, 1.4904628 ], [ 100.5847746, 1.4904635 ], [ 100.5847159, 1.4904296 ], [ 100.5846432, 1.4904196 ], [ 100.5845289, 1.4903211 ], [ 100.584494, 1.4902641 ], [ 100.5844413, 1.4901987 ], [ 100.5844149, 1.4901776 ], [ 100.5843807, 1.4901682 ], [ 100.5843518, 1.4901143 ], [ 100.5842663, 1.4899162 ], [ 100.5842157, 1.4898964 ], [ 100.584145, 1.4898827 ], [ 100.5840679, 1.4898277 ], [ 100.583926, 1.4898381 ], [ 100.5838734, 1.4898445 ], [ 100.5838, 1.4898123 ] ] ] } },
{ "type": "Feature", "properties": { "Name": "polygon", "description": null, "timestamp": null, "begin": null, "end": null }, "geometry": { "type": "Polygon", "coordinates": [ [ [ 100.588794, 1.4814944 ], [ 100.5891214, 1.4813859 ], [ 100.5893643, 1.4813306 ], [ 100.5894986, 1.4816109 ], [ 100.5895386, 1.4817141 ], [ 100.5895402, 1.4818664 ], [ 100.5895262, 1.482108 ], [ 100.5895356, 1.4822813 ], [ 100.5896936, 1.4823667 ], [ 100.5898706, 1.4824614 ], [ 100.5900297, 1.4825339 ], [ 100.5902854, 1.4827479 ], [ 100.590412, 1.4829596 ], [ 100.5904306, 1.4831018 ], [ 100.5904988, 1.4835209 ], [ 100.5905216, 1.4837269 ], [ 100.5905477, 1.4840445 ], [ 100.5905975, 1.4844901 ], [ 100.590942, 1.4845376 ], [ 100.5912093, 1.4846754 ], [ 100.5912168, 1.4846621 ], [ 100.5912188, 1.4846666 ], [ 100.591191, 1.4850352 ], [ 100.5911833, 1.4853431 ], [ 100.5911697, 1.4856846 ], [ 100.5911633, 1.4858092 ], [ 100.5911608, 1.4859497 ], [ 100.5911397, 1.4862358 ], [ 100.5910526, 1.4863912 ], [ 100.5909139, 1.4864305 ], [ 100.5907182, 1.4863697 ], [ 100.5903149, 1.4861999 ], [ 100.5900343, 1.4862253 ], [ 100.5899357, 1.486237 ], [ 100.5894935, 1.4861741 ], [ 100.5893617, 1.4861357 ], [ 100.5891776, 1.4861108 ], [ 100.5885424, 1.4859649 ], [ 100.5881389, 1.485814 ], [ 100.5880113, 1.4857338 ], [ 100.587997, 1.4856719 ], [ 100.5880237, 1.4854491 ], [ 100.5880382, 1.4852198 ], [ 100.588101, 1.4849268 ], [ 100.5883166, 1.4842704 ], [ 100.5884481, 1.4837606 ], [ 100.5884514, 1.4837387 ], [ 100.5884838, 1.4836164 ], [ 100.5885088, 1.4835232 ], [ 100.5885767, 1.4832116 ], [ 100.5885819, 1.4831856 ], [ 100.5886775, 1.4827996 ], [ 100.5886832, 1.4827639 ], [ 100.5887085, 1.4826193 ], [ 100.5887341, 1.4824538 ], [ 100.5887391, 1.4824117 ], [ 100.588757, 1.4822392 ], [ 100.5887786, 1.4817191 ], [ 100.588794, 1.4814944 ], [ 100.588794, 1.4814944 ] ] ] } },
{ "type": "Feature", "properties": { "Name": "polygon", "description": null, "timestamp": null, "begin": null, "end": null }, "geometry": { "type": "Polygon", "coordinates": [ [ [ 100.5875204, 1.4871058 ], [ 100.5876177, 1.4868235 ], [ 100.5876861, 1.4866231 ], [ 100.5877131, 1.4865163 ], [ 100.5878726, 1.4860377 ], [ 100.5879152, 1.485927 ], [ 100.5879333, 1.4858808 ], [ 100.588249, 1.4857993 ], [ 100.5883996, 1.4858834 ], [ 100.5888153, 1.4860259 ], [ 100.5890754, 1.4860857 ], [ 100.5895125, 1.4861686 ], [ 100.5897711, 1.4862244 ], [ 100.5899816, 1.4862335 ], [ 100.5903124, 1.4862005 ], [ 100.5906884, 1.4863481 ], [ 100.5907759, 1.4863869 ], [ 100.5908751, 1.4864195 ], [ 100.5910568, 1.4863983 ], [ 100.5912483, 1.4863881 ], [ 100.5915443, 1.4865589 ], [ 100.5917551, 1.4866863 ], [ 100.5920048, 1.486822 ], [ 100.5921275, 1.4868791 ], [ 100.5923385, 1.4870382 ], [ 100.5924964, 1.4871493 ], [ 100.5928631, 1.4873675 ], [ 100.5929518, 1.487423 ], [ 100.5933357, 1.4876446 ], [ 100.5939627, 1.4880267 ], [ 100.594135, 1.4881279 ], [ 100.5944519, 1.488299 ], [ 100.5944949, 1.4883263 ], [ 100.5950021, 1.4886178 ], [ 100.5952211, 1.4887288 ], [ 100.5954344, 1.4889027 ], [ 100.5954325, 1.4890376 ], [ 100.5952793, 1.4893665 ], [ 100.5949953, 1.4899898 ], [ 100.5946159, 1.4908188 ], [ 100.5945974, 1.4908598 ], [ 100.5944694, 1.4908843 ], [ 100.5938347, 1.4906 ], [ 100.593638, 1.4905088 ], [ 100.5935784, 1.4904863 ], [ 100.5928674, 1.4901026 ], [ 100.5927593, 1.4900233 ], [ 100.5927124, 1.4899908 ], [ 100.5926896, 1.4899432 ], [ 100.5875795, 1.4872645 ], [ 100.5875251, 1.4871836 ], [ 100.5875204, 1.4871058 ] ] ] } },
{ "type": "Feature", "properties": { "Name": "polygon", "description": null, "timestamp": null, "begin": null, "end": null }, "geometry": { "type": "Polygon", "coordinates": [ [ [ 100.6183765, 1.5240427 ], [ 100.6181212, 1.5222839 ], [ 100.6179636, 1.5219474 ], [ 100.6177162, 1.5218094 ], [ 100.6173333, 1.521688 ], [ 100.6167512, 1.5216257 ], [ 100.6158155, 1.5214585 ], [ 100.6145237, 1.5213804 ], [ 100.613668, 1.5212869 ], [ 100.6127973, 1.5212088 ], [ 100.6126894, 1.5212255 ], [ 100.6125794, 1.5212165 ], [ 100.6120497, 1.5211561 ], [ 100.6120218, 1.5211635 ], [ 100.6119256, 1.5211695 ], [ 100.6118582, 1.5211533 ], [ 100.6118039, 1.521135 ], [ 100.6115042, 1.5211401 ], [ 100.6112376, 1.5211126 ], [ 100.6104769, 1.5210787 ], [ 100.6097983, 1.5211364 ], [ 100.609058, 1.5211695 ], [ 100.6085346, 1.5212724 ], [ 100.6082523, 1.5213777 ], [ 100.6077269, 1.5217561 ], [ 100.6073786, 1.5219806 ], [ 100.6072674, 1.5220514 ], [ 100.6071702, 1.5220548 ], [ 100.6069862, 1.5220336 ], [ 100.6067674, 1.522023 ], [ 100.6067568, 1.5220207 ], [ 100.6066917, 1.5221141 ], [ 100.6066977, 1.5223498 ], [ 100.6066822, 1.5225423 ], [ 100.6066516, 1.5227818 ], [ 100.6066319, 1.5228673 ], [ 100.6065873, 1.5229226 ], [ 100.6064734, 1.5229857 ], [ 100.6063453, 1.5230595 ], [ 100.6062393, 1.5231086 ], [ 100.6061271, 1.5231747 ], [ 100.6060425, 1.523209 ], [ 100.6059331, 1.5232621 ], [ 100.605791, 1.5233213 ], [ 100.6057149, 1.523355 ], [ 100.6055749, 1.5234163 ], [ 100.6054927, 1.5234802 ], [ 100.6054701, 1.5235089 ], [ 100.6054347, 1.5235816 ], [ 100.605404, 1.5237218 ], [ 100.6053946, 1.5237635 ], [ 100.6053767, 1.5237796 ], [ 100.6053687, 1.5238133 ], [ 100.6053498, 1.5239062 ], [ 100.6053345, 1.5239427 ], [ 100.6053037, 1.5239924 ], [ 100.6052762, 1.524036 ], [ 100.6051302, 1.5241944 ], [ 100.6050436, 1.5243338 ], [ 100.6051177, 1.5246679 ], [ 100.6051237, 1.5246757 ], [ 100.6048721, 1.5245948 ], [ 100.6044684, 1.5245382 ], [ 100.6041763, 1.5243005 ], [ 100.6040485, 1.5240722 ], [ 100.6036598, 1.5236335 ], [ 100.6035849, 1.5235348 ], [ 100.6049689, 1.5233553 ], [ 100.6057239, 1.5228355 ], [ 100.6072627, 1.521281 ], [ 100.6079603, 1.521007 ], [ 100.6082517, 1.520765 ], [ 100.6086691, 1.5204255 ], [ 100.609124, 1.5202103 ], [ 100.6095378, 1.5201128 ], [ 100.6123494, 1.5196359 ], [ 100.6126934, 1.5195769 ], [ 100.6135148, 1.519542 ], [ 100.6138161, 1.5195805 ], [ 100.614098, 1.5196205 ], [ 100.6142642, 1.5196343 ], [ 100.61455, 1.5196881 ], [ 100.6147742, 1.5198383 ], [ 100.6153643, 1.5203254 ], [ 100.6156777, 1.5205952 ], [ 100.6162487, 1.520945 ], [ 100.616383, 1.5209538 ], [ 100.6164823, 1.5209492 ], [ 100.6168473, 1.5209226 ], [ 100.6169868, 1.5208926 ], [ 100.6174405, 1.5210307 ], [ 100.6178608, 1.5214042 ], [ 100.6186476, 1.522574 ], [ 100.6187331, 1.5227354 ], [ 100.6188494, 1.5229533 ], [ 100.6187622, 1.5231909 ], [ 100.6186402, 1.5234624 ], [ 100.6183765, 1.5240427 ] ] ] } },
{ "type": "Feature", "properties": { "Name": "polygon", "description": null, "timestamp": null, "begin": null, "end": null }, "geometry": { "type": "Polygon", "coordinates": [ [ [ 100.5809267, 1.4896725 ], [ 100.5807915, 1.490211 ], [ 100.5807915, 1.490211 ], [ 100.5805095, 1.4909887 ], [ 100.5805039, 1.4910283 ], [ 100.5805041, 1.4910281 ], [ 100.5805063, 1.4910251 ], [ 100.5814477, 1.4911654 ], [ 100.5814477, 1.4911654 ], [ 100.5814846, 1.4911714 ], [ 100.5820798, 1.4910208 ], [ 100.582174, 1.4910535 ], [ 100.5823212, 1.4918077 ], [ 100.582382, 1.4921248 ], [ 100.5824542, 1.4925021 ], [ 100.5826178, 1.493231 ], [ 100.58265, 1.4934944 ], [ 100.58265, 1.4934944 ], [ 100.5827349, 1.4940044 ], [ 100.5826294, 1.4942965 ], [ 100.5824346, 1.4944513 ], [ 100.58206, 1.4946755 ], [ 100.5815451, 1.4950241 ], [ 100.5812602, 1.4952086 ], [ 100.5806329, 1.4957953 ], [ 100.5800293, 1.496434 ], [ 100.5797026, 1.4967771 ], [ 100.5795212, 1.496973 ], [ 100.5792105, 1.4972404 ], [ 100.5788922, 1.4973894 ], [ 100.578838, 1.4973547 ], [ 100.5785535, 1.4967988 ], [ 100.5785535, 1.4967988 ], [ 100.5783158, 1.4963317 ], [ 100.5783158, 1.4963317 ], [ 100.5777669, 1.4957355 ], [ 100.5772378, 1.4952595 ], [ 100.576822, 1.494928 ], [ 100.5772378, 1.4952595 ], [ 100.5769124, 1.4949872 ], [ 100.576822, 1.494928 ], [ 100.5766121, 1.4947609 ], [ 100.5764218, 1.4946277 ], [ 100.5763376, 1.4944951 ], [ 100.5763198, 1.4941773 ], [ 100.5763174, 1.49385 ], [ 100.5763258, 1.4937681 ], [ 100.5762499, 1.4936557 ], [ 100.5760426, 1.4934386 ], [ 100.5764568, 1.4933536 ], [ 100.5764599, 1.4933386 ], [ 100.5765845, 1.4930206 ], [ 100.5767328, 1.4926553 ], [ 100.5767867, 1.4923994 ], [ 100.5779218, 1.4910319 ], [ 100.5782973, 1.4906065 ], [ 100.5787339, 1.4899726 ], [ 100.5788083, 1.4898311 ], [ 100.5789412, 1.4895959 ], [ 100.5789515, 1.48957 ], [ 100.5790871, 1.4892883 ], [ 100.5791981, 1.4891773 ], [ 100.5809267, 1.4896725 ], [ 100.5809267, 1.4896725 ] ] ] } },
{ "type": "Feature", "properties": { "Name": "polygon", "description": null, "timestamp": null, "begin": null, "end": null }, "geometry": { "type": "Polygon", "coordinates": [ [ [ 100.5743857, 1.487126 ], [ 100.574313, 1.4872814 ], [ 100.574313, 1.4872814 ], [ 100.5740465, 1.4877857 ], [ 100.5736932, 1.4883859 ], [ 100.573487, 1.48875 ], [ 100.5734616, 1.4887942 ], [ 100.5731582, 1.4893193 ], [ 100.5730512, 1.4895147 ], [ 100.572616, 1.4891289 ], [ 100.5723884, 1.4889823 ], [ 100.572189, 1.48886 ], [ 100.5719113, 1.4887217 ], [ 100.5713932, 1.4883994 ], [ 100.5711787, 1.4883886 ], [ 100.571063, 1.4884139 ], [ 100.5716625, 1.4876058 ], [ 100.5719915, 1.4873668 ], [ 100.572164, 1.4872272 ], [ 100.5722105, 1.4870171 ], [ 100.5723226, 1.4867484 ], [ 100.5723152, 1.4862217 ], [ 100.5722146, 1.4859094 ], [ 100.5720682, 1.4856344 ], [ 100.5717806, 1.4853028 ], [ 100.5715315, 1.4851525 ], [ 100.5710503, 1.4854653 ], [ 100.5707027, 1.4856364 ], [ 100.5706377, 1.4856359 ], [ 100.5705609, 1.4855917 ], [ 100.5703837, 1.4853683 ], [ 100.5702852, 1.4853028 ], [ 100.5703138, 1.4851816 ], [ 100.5706115, 1.4846889 ], [ 100.5706097, 1.4845459 ], [ 100.570532, 1.4844606 ], [ 100.5705318, 1.4844605 ], [ 100.5705346, 1.4844629 ], [ 100.5705377, 1.4844631 ], [ 100.5705375, 1.4844629 ], [ 100.5707596, 1.4842574 ], [ 100.5711555, 1.4839738 ], [ 100.5711046, 1.4838469 ], [ 100.5712921, 1.4837014 ], [ 100.5715974, 1.4834471 ], [ 100.571694, 1.4833712 ], [ 100.5717336, 1.4833442 ], [ 100.571951, 1.4833421 ], [ 100.5721395, 1.4835663 ], [ 100.5722182, 1.4836017 ], [ 100.5724534, 1.4835202 ], [ 100.5725005, 1.483141 ], [ 100.57254, 1.4830668 ], [ 100.5728814, 1.4831757 ], [ 100.573487, 1.4834731 ], [ 100.5736311, 1.4835333 ], [ 100.5737632, 1.4835856 ], [ 100.57428, 1.4839381 ], [ 100.5745592, 1.4840952 ], [ 100.5749709, 1.4843688 ], [ 100.5757969, 1.4847071 ], [ 100.575256, 1.4856989 ], [ 100.5752005, 1.4858094 ], [ 100.5751554, 1.485913 ], [ 100.5750058, 1.486166 ], [ 100.5749131, 1.4863294 ], [ 100.5748518, 1.486464 ], [ 100.5747986, 1.4865352 ], [ 100.5746866, 1.4866796 ], [ 100.5745317, 1.4869287 ], [ 100.5744858, 1.4869967 ], [ 100.5744267, 1.4870656 ], [ 100.5743857, 1.487126 ], [ 100.5743857, 1.487126 ] ] ] } },
{ "type": "Feature", "properties": { "Name": "polygon", "description": null, "timestamp": null, "begin": null, "end": null }, "geometry": { "type": "Polygon", "coordinates": [ [ [ 100.5708608, 1.4886775 ], [ 100.5706228, 1.4887361 ], [ 100.5706232, 1.4887364 ], [ 100.5706233, 1.488736 ], [ 100.5706229, 1.4887365 ], [ 100.5705947, 1.488707 ], [ 100.5696909, 1.4882103 ], [ 100.5693847, 1.4879597 ], [ 100.5692465, 1.4879475 ], [ 100.569255, 1.4879327 ], [ 100.5691084, 1.4883206 ], [ 100.5691124, 1.4883256 ], [ 100.5691125, 1.4883259 ], [ 100.5691957, 1.4884455 ], [ 100.5694241, 1.488587 ], [ 100.5703041, 1.4893682 ], [ 100.5711958, 1.4899509 ], [ 100.5714627, 1.4900872 ], [ 100.571682, 1.4902207 ], [ 100.5716251, 1.4902764 ], [ 100.5711953, 1.4909315 ], [ 100.5709047, 1.4914637 ], [ 100.5708151, 1.4918098 ], [ 100.5707564, 1.4918545 ], [ 100.5702386, 1.4919295 ], [ 100.5699153, 1.4920488 ], [ 100.5691067, 1.4927859 ], [ 100.5687633, 1.493083 ], [ 100.5683271, 1.4935391 ], [ 100.5683447, 1.493612 ], [ 100.5682927, 1.493863 ], [ 100.5679024, 1.4945812 ], [ 100.5679707, 1.4945765 ], [ 100.5686815, 1.4949728 ], [ 100.5688, 1.4960463 ], [ 100.5688995, 1.4966205 ], [ 100.5689062, 1.4970264 ], [ 100.5689088, 1.4972439 ], [ 100.5688921, 1.4975996 ], [ 100.5689257, 1.4979736 ], [ 100.5689901, 1.4983606 ], [ 100.5690377, 1.4983904 ], [ 100.5690377, 1.4983904 ], [ 100.5692158, 1.4982317 ], [ 100.569502, 1.4980612 ], [ 100.5697215, 1.4980233 ], [ 100.569808, 1.4980313 ], [ 100.5697081, 1.4979307 ], [ 100.5695116, 1.4976096 ], [ 100.5694772, 1.4973278 ], [ 100.569609, 1.4969145 ], [ 100.569609, 1.4969145 ], [ 100.5698327, 1.4966245 ], [ 100.5700824, 1.4963637 ], [ 100.5696484, 1.4954946 ], [ 100.5698773, 1.4959608 ], [ 100.5693984, 1.4949869 ], [ 100.5692626, 1.4946601 ], [ 100.5694209, 1.4941896 ], [ 100.569531, 1.494111 ], [ 100.5698702, 1.4940022 ], [ 100.5702167, 1.4939987 ], [ 100.5703318, 1.4939927 ], [ 100.5707955, 1.4937954 ], [ 100.5712682, 1.4935659 ], [ 100.5714703, 1.4934969 ], [ 100.5716786, 1.4933235 ], [ 100.5716848, 1.4932706 ], [ 100.5716746, 1.4928378 ], [ 100.5716789, 1.4921881 ], [ 100.5716836, 1.4921326 ], [ 100.5717421, 1.4919198 ], [ 100.5716777, 1.4918626 ], [ 100.5719942, 1.4912292 ], [ 100.572344, 1.4906231 ], [ 100.572709, 1.4900679 ], [ 100.5730512, 1.4895147 ], [ 100.572616, 1.4891289 ], [ 100.5723884, 1.4889823 ], [ 100.572189, 1.48886 ], [ 100.5719113, 1.4887217 ], [ 100.5713932, 1.4883994 ], [ 100.5711787, 1.4883886 ], [ 100.5710967, 1.4884423 ], [ 100.5708608, 1.4886775 ] ] ] } },
{ "type": "Feature", "properties": { "Name": "polygon", "description": null, "timestamp": null, "begin": null, "end": null }, "geometry": { "type": "Polygon", "coordinates": [ [ [ 100.5700523, 1.4963037 ], [ 100.5700151, 1.4962192 ], [ 100.5699795, 1.4961502 ], [ 100.569936, 1.4960674 ], [ 100.5699028, 1.4959997 ], [ 100.5698599, 1.4959116 ], [ 100.5697962, 1.4957845 ], [ 100.5696949, 1.4955838 ], [ 100.569602, 1.4953941 ], [ 100.5695085, 1.4952127 ], [ 100.5693984, 1.4949869 ], [ 100.5692626, 1.4946601 ], [ 100.5694209, 1.4941896 ], [ 100.569531, 1.494111 ], [ 100.5698702, 1.4940022 ], [ 100.5702167, 1.4939987 ], [ 100.5703318, 1.4939927 ], [ 100.5707955, 1.4937954 ], [ 100.5712682, 1.4935659 ], [ 100.5714703, 1.4934969 ], [ 100.5716786, 1.4933235 ], [ 100.5716848, 1.4932706 ], [ 100.5716746, 1.4928378 ], [ 100.5716789, 1.4921881 ], [ 100.5716836, 1.4921326 ], [ 100.5717421, 1.4919198 ], [ 100.5717875, 1.4918061 ], [ 100.5722104, 1.4909243 ], [ 100.5726757, 1.4901481 ], [ 100.5727068, 1.4900799 ], [ 100.5728215, 1.4898814 ], [ 100.5730617, 1.4895056 ], [ 100.5731582, 1.4893193 ], [ 100.5734616, 1.4887942 ], [ 100.573487, 1.48875 ], [ 100.5736932, 1.4883859 ], [ 100.5740465, 1.4877857 ], [ 100.574313, 1.4872814 ], [ 100.5746441, 1.4871541 ], [ 100.5751679, 1.4873306 ], [ 100.5751782, 1.4873551 ], [ 100.5750932, 1.4875582 ], [ 100.5750343, 1.4877005 ], [ 100.5748707, 1.4880428 ], [ 100.5747375, 1.4882661 ], [ 100.5744724, 1.4886598 ], [ 100.5743434, 1.4887615 ], [ 100.5742506, 1.4889837 ], [ 100.5743746, 1.4892846 ], [ 100.5745038, 1.4894531 ], [ 100.5747101, 1.4897156 ], [ 100.5750071, 1.4901045 ], [ 100.5750581, 1.4901755 ], [ 100.5751068, 1.4902374 ], [ 100.5750136, 1.4904598 ], [ 100.5749409, 1.4905439 ], [ 100.574758, 1.4907583 ], [ 100.5746378, 1.4909065 ], [ 100.5745835, 1.4909765 ], [ 100.5744303, 1.4911417 ], [ 100.5744073, 1.491161 ], [ 100.5743889, 1.4912718 ], [ 100.5744732, 1.4914306 ], [ 100.575012, 1.4917593 ], [ 100.5752496, 1.4919611 ], [ 100.5753378, 1.4920782 ], [ 100.5756393, 1.4923773 ], [ 100.5759077, 1.4925954 ], [ 100.5760028, 1.4928165 ], [ 100.5760126, 1.49301 ], [ 100.5760225, 1.4933428 ], [ 100.5757817, 1.4934173 ], [ 100.5754346, 1.4936012 ], [ 100.5751074, 1.4937841 ], [ 100.5747082, 1.4940367 ], [ 100.5744925, 1.4941418 ], [ 100.5742448, 1.494277 ], [ 100.5738926, 1.4944651 ], [ 100.5734172, 1.4947189 ], [ 100.5728071, 1.4950724 ], [ 100.5723768, 1.4953182 ], [ 100.5721286, 1.4954346 ], [ 100.5713743, 1.4957603 ], [ 100.5712545, 1.4958079 ], [ 100.5712192, 1.4958217 ], [ 100.5709152, 1.4959495 ], [ 100.5706214, 1.4960875 ], [ 100.5705916, 1.4961032 ], [ 100.5702216, 1.4962805 ], [ 100.5700788, 1.4963496 ], [ 100.5700523, 1.4963037 ] ] ] } },
{ "type": "Feature", "properties": { "Name": "polygon", "description": null, "timestamp": null, "begin": null, "end": null }, "geometry": { "type": "Polygon", "coordinates": [ [ [ 100.5700824, 1.4963637 ], [ 100.5700623, 1.4963608 ], [ 100.5702216, 1.4962805 ], [ 100.5705916, 1.4961032 ], [ 100.5706214, 1.4960875 ], [ 100.5709152, 1.4959495 ], [ 100.5712192, 1.4958217 ], [ 100.5712545, 1.4958079 ], [ 100.5713743, 1.4957603 ], [ 100.5721286, 1.4954346 ], [ 100.5723768, 1.4953182 ], [ 100.5728071, 1.4950724 ], [ 100.5734172, 1.4947189 ], [ 100.5738926, 1.4944651 ], [ 100.5742448, 1.494277 ], [ 100.5744925, 1.4941418 ], [ 100.5747082, 1.4940367 ], [ 100.5751074, 1.4937841 ], [ 100.5754346, 1.4936012 ], [ 100.5757817, 1.4934173 ], [ 100.5760426, 1.4934386 ], [ 100.5762499, 1.4936557 ], [ 100.5763258, 1.4937681 ], [ 100.5763174, 1.49385 ], [ 100.5763198, 1.4941773 ], [ 100.5763376, 1.4944951 ], [ 100.5764218, 1.4946277 ], [ 100.5766121, 1.4947609 ], [ 100.576822, 1.494928 ], [ 100.5769124, 1.4949872 ], [ 100.5768265, 1.494945 ], [ 100.5766313, 1.4949591 ], [ 100.5764609, 1.495025 ], [ 100.5763125, 1.4950951 ], [ 100.5760195, 1.4952775 ], [ 100.5756456, 1.4955645 ], [ 100.5755719, 1.4956157 ], [ 100.5755228, 1.495635 ], [ 100.5754824, 1.4956732 ], [ 100.5754061, 1.4956898 ], [ 100.5753775, 1.4957088 ], [ 100.5754136, 1.4957115 ], [ 100.5752818, 1.4957914 ], [ 100.5749132, 1.4959761 ], [ 100.5743913, 1.4963586 ], [ 100.5738485, 1.4968015 ], [ 100.5731771, 1.4971486 ], [ 100.5722671, 1.4974994 ], [ 100.5722017, 1.4975239 ], [ 100.5716381, 1.4977074 ], [ 100.5715471, 1.4977142 ], [ 100.5712197, 1.4977716 ], [ 100.570826, 1.4978121 ], [ 100.5701068, 1.4979535 ], [ 100.5699701, 1.4980313 ], [ 100.569808, 1.4980313 ], [ 100.5697081, 1.4979307 ], [ 100.5695116, 1.4976096 ], [ 100.5694772, 1.4973278 ], [ 100.569609, 1.4969145 ], [ 100.5698327, 1.4966245 ], [ 100.5700824, 1.4963637 ] ] ] } },
{ "type": "Feature", "properties": { "Name": "popygon", "description": null, "timestamp": null, "begin": null, "end": null }, "geometry": { "type": "Polygon", "coordinates": [ [ [ 100.5728101, 1.502257 ], [ 100.5729181, 1.5016294 ], [ 100.5729181, 1.5016294 ], [ 100.5728989, 1.5012144 ], [ 100.5728007, 1.5006715 ], [ 100.5726846, 1.5004152 ], [ 100.5725686, 1.5002966 ], [ 100.572118, 1.5001095 ], [ 100.5711584, 1.4998681 ], [ 100.5708607, 1.4995877 ], [ 100.5704424, 1.4990796 ], [ 100.5702544, 1.4986063 ], [ 100.5701366, 1.4984281 ], [ 100.5698599, 1.4980958 ], [ 100.5698122, 1.4980341 ], [ 100.5698907, 1.4980341 ], [ 100.5699701, 1.4980313 ], [ 100.5701068, 1.4979535 ], [ 100.570826, 1.4978121 ], [ 100.5712197, 1.4977716 ], [ 100.5715471, 1.4977142 ], [ 100.5716381, 1.4977074 ], [ 100.5722017, 1.4975239 ], [ 100.5722671, 1.4974994 ], [ 100.5731771, 1.4971486 ], [ 100.5738485, 1.4968015 ], [ 100.5743913, 1.4963586 ], [ 100.5749132, 1.4959761 ], [ 100.5752818, 1.4957914 ], [ 100.5754136, 1.4957115 ], [ 100.5753775, 1.4957088 ], [ 100.5754061, 1.4956898 ], [ 100.5754824, 1.4956732 ], [ 100.5755228, 1.495635 ], [ 100.5755719, 1.4956157 ], [ 100.5756456, 1.4955645 ], [ 100.5760195, 1.4952775 ], [ 100.5763125, 1.4950951 ], [ 100.5764609, 1.495025 ], [ 100.5766313, 1.4949591 ], [ 100.5768265, 1.494945 ], [ 100.5769124, 1.4949872 ], [ 100.5773316, 1.4952989 ], [ 100.5774006, 1.4953532 ], [ 100.577621, 1.4955406 ], [ 100.5776736, 1.4955913 ], [ 100.5781564, 1.496035 ], [ 100.5783778, 1.496396 ], [ 100.5785276, 1.4966495 ], [ 100.5785944, 1.4968196 ], [ 100.5786656, 1.4970072 ], [ 100.5788238, 1.4973164 ], [ 100.57611, 1.498715 ], [ 100.5729931, 1.5024067 ], [ 100.5728101, 1.502257 ], [ 100.5728101, 1.502257 ] ] ] } },
{ "type": "Feature", "properties": { "Name": "popygon", "description": null, "timestamp": null, "begin": null, "end": null }, "geometry": { "type": "Polygon", "coordinates": [ [ [ 100.5762445, 1.4986921 ], [ 100.5788168, 1.4974531 ], [ 100.5787285, 1.4974685 ], [ 100.5787343, 1.4974806 ], [ 100.5784115, 1.4976597 ], [ 100.5783623, 1.4976925 ], [ 100.5781823, 1.4977741 ], [ 100.5780423, 1.4978375 ], [ 100.5779943, 1.497866 ], [ 100.5776887, 1.4980182 ], [ 100.5773627, 1.4981675 ], [ 100.577302, 1.4981847 ], [ 100.5785716, 1.4975621 ], [ 100.5788528, 1.4974243 ], [ 100.5791896, 1.4972409 ], [ 100.5793344, 1.4971357 ], [ 100.5794777, 1.4969917 ], [ 100.5795762, 1.4968917 ], [ 100.5797217, 1.4967404 ], [ 100.5797985, 1.4966643 ], [ 100.5799186, 1.4965332 ], [ 100.5802409, 1.4961883 ], [ 100.5809962, 1.4953956 ], [ 100.5813403, 1.4951227 ], [ 100.5814131, 1.4950605 ], [ 100.581857, 1.4947533 ], [ 100.5825967, 1.4942384 ], [ 100.5827904, 1.4942379 ], [ 100.5828221, 1.4944015 ], [ 100.582895, 1.4952045 ], [ 100.5828998, 1.4956872 ], [ 100.5829799, 1.496199 ], [ 100.5831328, 1.4965766 ], [ 100.5834535, 1.4972953 ], [ 100.5836932, 1.4978747 ], [ 100.5838196, 1.4981058 ], [ 100.5838354, 1.4984327 ], [ 100.5831453, 1.4993154 ], [ 100.5829904, 1.499497 ], [ 100.5824639, 1.5001121 ], [ 100.5824502, 1.5001176 ], [ 100.5822424, 1.5000607 ], [ 100.5817643, 1.5000976 ], [ 100.5813886, 1.5002681 ], [ 100.5808924, 1.5003916 ], [ 100.5799574, 1.500374 ], [ 100.5789074, 1.5002373 ], [ 100.5782833, 1.5001281 ], [ 100.5780618, 1.5002176 ], [ 100.5776606, 1.5007032 ], [ 100.5771652, 1.5012213 ], [ 100.5763878, 1.501808 ], [ 100.576155, 1.5020204 ], [ 100.5757667, 1.5025038 ], [ 100.5756621, 1.5027527 ], [ 100.573234, 1.5025453 ], [ 100.5729931, 1.5024067 ], [ 100.57611, 1.498715 ], [ 100.5762445, 1.4986921 ] ] ] } },
{ "type": "Feature", "properties": { "Name": "polygon", "description": null, "timestamp": null, "begin": null, "end": null }, "geometry": { "type": "Polygon", "coordinates": [ [ [ 100.5689946, 1.5032975 ], [ 100.5690777, 1.5032918 ], [ 100.569229, 1.5031744 ], [ 100.5693978, 1.5030229 ], [ 100.569445, 1.5029501 ], [ 100.5699147, 1.5024085 ], [ 100.5700226, 1.5022966 ], [ 100.5704591, 1.5020094 ], [ 100.5706644, 1.5018956 ], [ 100.5708486, 1.5018242 ], [ 100.5708969, 1.5018133 ], [ 100.5710486, 1.5018085 ], [ 100.5711594, 1.5018194 ], [ 100.5719551, 1.5020366 ], [ 100.5728745, 1.5022955 ], [ 100.573239, 1.5025461 ], [ 100.5732889, 1.5025587 ], [ 100.5734492, 1.5025937 ], [ 100.5735543, 1.5026144 ], [ 100.5737822, 1.5026351 ], [ 100.5740628, 1.5026246 ], [ 100.5743439, 1.5025985 ], [ 100.5747466, 1.5025898 ], [ 100.5751176, 1.5026237 ], [ 100.5753877, 1.5026995 ], [ 100.5756788, 1.5028024 ], [ 100.5759066, 1.502857 ], [ 100.5767445, 1.50294 ], [ 100.5771747, 1.5028901 ], [ 100.577547, 1.502875 ], [ 100.5781443, 1.5029192 ], [ 100.5787344, 1.5029659 ], [ 100.5789726, 1.5030312 ], [ 100.5805467, 1.5033465 ], [ 100.5801109, 1.5035263 ], [ 100.5800377, 1.5036626 ], [ 100.5799594, 1.5036857 ], [ 100.5795767, 1.5041386 ], [ 100.5794726, 1.5042091 ], [ 100.5794146, 1.50424 ], [ 100.5793473, 1.5042867 ], [ 100.5783811, 1.5042016 ], [ 100.5776402, 1.5041982 ], [ 100.576982, 1.504209 ], [ 100.5765251, 1.5041983 ], [ 100.5759537, 1.5041586 ], [ 100.5753604, 1.5041263 ], [ 100.5753265, 1.5041341 ], [ 100.5751864, 1.5040966 ], [ 100.5751098, 1.5040878 ], [ 100.5748515, 1.5040671 ], [ 100.574606, 1.5040065 ], [ 100.5745671, 1.5040001 ], [ 100.5742407, 1.5039406 ], [ 100.5739609, 1.5038635 ], [ 100.5738714, 1.5038252 ], [ 100.5738387, 1.5038178 ], [ 100.5735063, 1.5037237 ], [ 100.5731337, 1.5036596 ], [ 100.5728047, 1.5036251 ], [ 100.5727015, 1.5036219 ], [ 100.572328, 1.5035776 ], [ 100.5720841, 1.5035864 ], [ 100.5719091, 1.5035635 ], [ 100.5718397, 1.5035477 ], [ 100.5717506, 1.5035507 ], [ 100.5717009, 1.5035397 ], [ 100.5716834, 1.5035461 ], [ 100.5716509, 1.5035582 ], [ 100.5716276, 1.5035733 ], [ 100.5715584, 1.5036192 ], [ 100.5715442, 1.5036325 ], [ 100.571485, 1.5036507 ], [ 100.5714524, 1.5036987 ], [ 100.5714085, 1.5037225 ], [ 100.5713806, 1.5037288 ], [ 100.5713374, 1.5037724 ], [ 100.571283, 1.5038154 ], [ 100.5712144, 1.503883 ], [ 100.5711607, 1.5039598 ], [ 100.5711412, 1.5039897 ], [ 100.5711041, 1.5040339 ], [ 100.5710742, 1.5040841 ], [ 100.57106, 1.5041117 ], [ 100.571013, 1.5041817 ], [ 100.570942, 1.5042679 ], [ 100.5708772, 1.5043282 ], [ 100.5708566, 1.5044169 ], [ 100.5708156, 1.5044841 ], [ 100.5707696, 1.5045538 ], [ 100.5706944, 1.5046157 ], [ 100.5706519, 1.5047191 ], [ 100.5706051, 1.5048155 ], [ 100.5703742, 1.5053977 ], [ 100.5702967, 1.5054807 ], [ 100.5702511, 1.5055444 ], [ 100.5702085, 1.5055816 ], [ 100.5701644, 1.5056134 ], [ 100.5700817, 1.5056314 ], [ 100.5700164, 1.5056945 ], [ 100.5699567, 1.5057425 ], [ 100.5698933, 1.5057687 ], [ 100.5696231, 1.5056119 ], [ 100.5696231, 1.5056119 ], [ 100.5696231, 1.5056119 ], [ 100.5694118, 1.5053553 ], [ 100.5693936, 1.5053314 ], [ 100.5691905, 1.5050845 ], [ 100.568992, 1.5054118 ], [ 100.5687923, 1.5056554 ], [ 100.5687152, 1.5057154 ], [ 100.5686525, 1.5057998 ], [ 100.5685114, 1.5059285 ], [ 100.5683404, 1.5060616 ], [ 100.5682016, 1.5058427 ], [ 100.56816, 1.5056366 ], [ 100.5680839, 1.5053117 ], [ 100.5680699, 1.505141 ], [ 100.568024, 1.5050015 ], [ 100.5679073, 1.5047986 ], [ 100.5677882, 1.5049136 ], [ 100.5677184, 1.5049679 ], [ 100.5675796, 1.5050679 ], [ 100.567068, 1.505343 ], [ 100.5669745, 1.5051764 ], [ 100.5669212, 1.5050244 ], [ 100.5666653, 1.5039536 ], [ 100.5665369, 1.5038044 ], [ 100.5663628, 1.5033884 ], [ 100.5663924, 1.5032249 ], [ 100.5663415, 1.5028856 ], [ 100.5663644, 1.5027343 ], [ 100.5664122, 1.5026486 ], [ 100.5664482, 1.502583 ], [ 100.5666749, 1.5024234 ], [ 100.5670456, 1.5024919 ], [ 100.5672995, 1.5023971 ], [ 100.567552, 1.5022039 ], [ 100.5676856, 1.5022133 ], [ 100.5677645, 1.5023129 ], [ 100.5681597, 1.5026272 ], [ 100.5682999, 1.5026332 ], [ 100.5684553, 1.5028549 ], [ 100.5685788, 1.5028996 ], [ 100.5687703, 1.5030674 ], [ 100.5687632, 1.5031819 ], [ 100.5689946, 1.5032975 ] ] ] } },
{ "type": "Feature", "properties": { "Name": "polygon", "description": null, "timestamp": null, "begin": null, "end": null }, "geometry": { "type": "Polygon", "coordinates": [ [ [ 100.5696231, 1.5056119 ], [ 100.5696583, 1.50568 ], [ 100.5695173, 1.5058743 ], [ 100.5691169, 1.5061541 ], [ 100.568704, 1.5066047 ], [ 100.5684822, 1.5068472 ], [ 100.568387, 1.506954 ], [ 100.5681235, 1.5072363 ], [ 100.5679059, 1.5074873 ], [ 100.5677097, 1.5076747 ], [ 100.567445, 1.5079869 ], [ 100.5670942, 1.508222 ], [ 100.5668943, 1.5083068 ], [ 100.566685, 1.5084199 ], [ 100.5665273, 1.5085319 ], [ 100.5662888, 1.5088086 ], [ 100.5660245, 1.5091502 ], [ 100.5658851, 1.5094098 ], [ 100.5657628, 1.509569 ], [ 100.5659036, 1.5097235 ], [ 100.5660297, 1.509564 ], [ 100.5660343, 1.5112416 ], [ 100.566092, 1.5113045 ], [ 100.5666114, 1.5119807 ], [ 100.5657282, 1.5124696 ], [ 100.5656786, 1.5124132 ], [ 100.5654708, 1.5122935 ], [ 100.5654225, 1.5122061 ], [ 100.5653207, 1.5121947 ], [ 100.5651678, 1.5120812 ], [ 100.5650743, 1.5120264 ], [ 100.5649726, 1.5119491 ], [ 100.5648911, 1.5118813 ], [ 100.5647352, 1.5117891 ], [ 100.564664, 1.5117963 ], [ 100.5645128, 1.511891 ], [ 100.5644591, 1.5119648 ], [ 100.5643829, 1.5120549 ], [ 100.5642996, 1.512116 ], [ 100.5642447, 1.5121683 ], [ 100.564171, 1.5122631 ], [ 100.5641239, 1.5123149 ], [ 100.5640287, 1.5123956 ], [ 100.563979, 1.5124635 ], [ 100.563936, 1.5125288 ], [ 100.5638409, 1.5126226 ], [ 100.5638153, 1.5126737 ], [ 100.563807, 1.5127195 ], [ 100.5637782, 1.5127315 ], [ 100.5637441, 1.5127651 ], [ 100.5637063, 1.5128147 ], [ 100.563648, 1.5129029 ], [ 100.5636228, 1.5129566 ], [ 100.5635779, 1.5130002 ], [ 100.5635158, 1.5130774 ], [ 100.5634442, 1.5131411 ], [ 100.5633847, 1.5131927 ], [ 100.5633201, 1.5132863 ], [ 100.563221, 1.5133668 ], [ 100.5631702, 1.5134482 ], [ 100.5630862, 1.513531 ], [ 100.5630398, 1.5135927 ], [ 100.5629455, 1.5136762 ], [ 100.5628668, 1.5137539 ], [ 100.5628051, 1.5138537 ], [ 100.5627448, 1.51393 ], [ 100.5626725, 1.5140065 ], [ 100.562632, 1.5140741 ], [ 100.5625786, 1.51413 ], [ 100.5625197, 1.5142367 ], [ 100.5624456, 1.5142832 ], [ 100.5623946, 1.5143444 ], [ 100.5623154, 1.5144206 ], [ 100.5622615, 1.5144884 ], [ 100.5621907, 1.5145691 ], [ 100.5621273, 1.514662 ], [ 100.5620983, 1.514695 ], [ 100.5620061, 1.5147876 ], [ 100.5620061, 1.5147876 ], [ 100.5619132, 1.5148726 ], [ 100.5617039, 1.5147925 ], [ 100.5615514, 1.5146675 ], [ 100.5613908, 1.5144144 ], [ 100.5614173, 1.5141121 ], [ 100.5614307, 1.5136935 ], [ 100.5614444, 1.5133064 ], [ 100.5614614, 1.5128593 ], [ 100.5614944, 1.5127557 ], [ 100.561485, 1.5126441 ], [ 100.5614957, 1.512557 ], [ 100.5614699, 1.5123569 ], [ 100.5613881, 1.5119446 ], [ 100.5607789, 1.5103124 ], [ 100.5635107, 1.5092791 ], [ 100.5650007, 1.5082242 ], [ 100.5646558, 1.5076875 ], [ 100.5646558, 1.5076875 ], [ 100.5646508, 1.5075477 ], [ 100.5647356, 1.5074495 ], [ 100.5649503, 1.507332 ], [ 100.5655163, 1.5071335 ], [ 100.5656384, 1.5071468 ], [ 100.5657038, 1.5072628 ], [ 100.5657789, 1.5074176 ], [ 100.5657789, 1.5074176 ], [ 100.5658396, 1.5074937 ], [ 100.565878, 1.507593 ], [ 100.5659177, 1.5076611 ], [ 100.5669114, 1.5071457 ], [ 100.5669734, 1.5071139 ], [ 100.567538, 1.506637 ], [ 100.567817, 1.5065717 ], [ 100.5683404, 1.5060616 ], [ 100.5683404, 1.5060616 ], [ 100.5685077, 1.5059349 ], [ 100.5686525, 1.5057998 ], [ 100.5687367, 1.5057033 ], [ 100.5688342, 1.5056188 ], [ 100.5689888, 1.5054208 ], [ 100.5691905, 1.5050845 ], [ 100.5693936, 1.5053314 ], [ 100.5696231, 1.5056119 ], [ 100.5696231, 1.5056119 ], [ 100.5696231, 1.5056119 ], [ 100.5696231, 1.5056119 ] ] ] } },
{ "type": "Feature", "properties": { "Name": "polygon", "description": null, "timestamp": null, "begin": null, "end": null }, "geometry": { "type": "Polygon", "coordinates": [ [ [ 100.5966736, 1.5105024 ], [ 100.596518, 1.5103987 ], [ 100.5964555, 1.5103277 ], [ 100.5962561, 1.5101794 ], [ 100.596298, 1.5101553 ], [ 100.5962484, 1.5100475 ], [ 100.5965063, 1.5096993 ], [ 100.5966068, 1.5096863 ], [ 100.5968704, 1.5095009 ], [ 100.5971091, 1.5096101 ], [ 100.5975972, 1.5098836 ], [ 100.5978251, 1.5100357 ], [ 100.5980579, 1.5102376 ], [ 100.5978279, 1.5103894 ], [ 100.5974402, 1.510786 ], [ 100.5970122, 1.5106613 ], [ 100.5967093, 1.5105195 ], [ 100.5966762, 1.5104869 ], [ 100.5966849, 1.5104846 ], [ 100.5966736, 1.5105024 ] ] ] } },
{ "type": "Feature", "properties": { "Name": "polygon", "description": null, "timestamp": null, "begin": null, "end": null }, "geometry": { "type": "Polygon", "coordinates": [ [ [ 100.5962376, 1.5091932 ], [ 100.5962814, 1.5092247 ], [ 100.5962217, 1.50937 ], [ 100.5960874, 1.509578 ], [ 100.5960417, 1.5096938 ], [ 100.5958267, 1.5100776 ], [ 100.5957809, 1.5102175 ], [ 100.5956543, 1.510375 ], [ 100.5956022, 1.5104724 ], [ 100.5951521, 1.5103322 ], [ 100.5948408, 1.5102749 ], [ 100.5947359, 1.5102817 ], [ 100.5946508, 1.5102176 ], [ 100.5946283, 1.5101972 ], [ 100.5946286, 1.5101947 ], [ 100.5945554, 1.5101159 ], [ 100.5942975, 1.5099849 ], [ 100.5941927, 1.5098878 ], [ 100.5941461, 1.509798 ], [ 100.5940683, 1.5097445 ], [ 100.5940116, 1.5097203 ], [ 100.5939927, 1.5097813 ], [ 100.5939276, 1.5098011 ], [ 100.5938417, 1.509793 ], [ 100.5937177, 1.5097353 ], [ 100.593664, 1.5096558 ], [ 100.5937198, 1.5093279 ], [ 100.5937526, 1.509355 ], [ 100.5938785, 1.5092416 ], [ 100.5938557, 1.5091727 ], [ 100.5939539, 1.5091167 ], [ 100.5940256, 1.5090181 ], [ 100.5941072, 1.5088127 ], [ 100.5941091, 1.5087632 ], [ 100.5942189, 1.5087479 ], [ 100.5946398, 1.5088427 ], [ 100.5948455, 1.5088478 ], [ 100.5953787, 1.5089142 ], [ 100.5959881, 1.5089949 ], [ 100.5963281, 1.5092021 ], [ 100.596329, 1.5092043 ], [ 100.5963305, 1.5092058 ], [ 100.5963467, 1.5092088 ], [ 100.5963369, 1.5092083 ], [ 100.5963369, 1.5092083 ], [ 100.5962376, 1.5091932 ] ] ] } },
{ "type": "Feature", "properties": { "Name": "pooygon", "description": null, "timestamp": null, "begin": null, "end": null }, "geometry": { "type": "Polygon", "coordinates": [ [ [ 100.57934, 1.5042769 ], [ 100.5794726, 1.5042091 ], [ 100.5795767, 1.5041386 ], [ 100.5799594, 1.5036857 ], [ 100.5800377, 1.5036626 ], [ 100.5801109, 1.5035263 ], [ 100.5805467, 1.5033465 ], [ 100.5805863, 1.5032984 ], [ 100.5809337, 1.5034435 ], [ 100.5813158, 1.5036128 ], [ 100.5817768, 1.5038278 ], [ 100.5820933, 1.5039759 ], [ 100.5823216, 1.5041591 ], [ 100.5824733, 1.5042824 ], [ 100.5826401, 1.5044195 ], [ 100.5830608, 1.5047621 ], [ 100.5832504, 1.5049094 ], [ 100.5835786, 1.5051529 ], [ 100.5836361, 1.5051958 ], [ 100.5839586, 1.5054424 ], [ 100.5843961, 1.5057475 ], [ 100.5845035, 1.5058185 ], [ 100.5847983, 1.5060081 ], [ 100.5849987, 1.5061527 ], [ 100.5851311, 1.5062451 ], [ 100.5851767, 1.5062749 ], [ 100.5854161, 1.5064286 ], [ 100.5855468, 1.5065001 ], [ 100.5856671, 1.5065547 ], [ 100.5861604, 1.5066514 ], [ 100.5861684, 1.5066403 ], [ 100.5862295, 1.5066575 ], [ 100.5862295, 1.5066575 ], [ 100.5864397, 1.5066863 ], [ 100.5866456, 1.5067296 ], [ 100.586846, 1.5067772 ], [ 100.5872827, 1.5069296 ], [ 100.5876265, 1.5070695 ], [ 100.5880686, 1.5072653 ], [ 100.5880921, 1.5072912 ], [ 100.5882953, 1.507356 ], [ 100.5886793, 1.5074965 ], [ 100.5887925, 1.5075409 ], [ 100.5890428, 1.5076533 ], [ 100.5886581, 1.5093203 ], [ 100.5884759, 1.5092049 ], [ 100.5876492, 1.5089188 ], [ 100.5876193, 1.5089384 ], [ 100.5874675, 1.509649 ], [ 100.5874432, 1.5098344 ], [ 100.5873163, 1.5104054 ], [ 100.5872925, 1.510449 ], [ 100.5872323, 1.5104655 ], [ 100.5872337, 1.5107966 ], [ 100.5872137, 1.5109573 ], [ 100.5865712, 1.5104671 ], [ 100.5860547, 1.5102303 ], [ 100.5857706, 1.5101637 ], [ 100.585697, 1.5103813 ], [ 100.5856883, 1.5104003 ], [ 100.5855754, 1.5105692 ], [ 100.5855427, 1.510599 ], [ 100.5854659, 1.5106785 ], [ 100.5852038, 1.5106116 ], [ 100.5846008, 1.5102957 ], [ 100.5838902, 1.5099743 ], [ 100.5834638, 1.5095625 ], [ 100.5832995, 1.5092361 ], [ 100.583285, 1.5090447 ], [ 100.583226, 1.508907 ], [ 100.5813283, 1.5069501 ], [ 100.5813917, 1.506875 ], [ 100.5813479, 1.5066024 ], [ 100.5812146, 1.5063996 ], [ 100.5811892, 1.5062231 ], [ 100.581024, 1.5061403 ], [ 100.5809987, 1.5060863 ], [ 100.5810011, 1.5059905 ], [ 100.5811959, 1.5057672 ], [ 100.5802069, 1.5051393 ], [ 100.5798293, 1.5048202 ], [ 100.5794296, 1.5044008 ], [ 100.57934, 1.5042769 ] ] ] } },
{ "type": "Feature", "properties": { "Name": "popygon", "description": null, "timestamp": null, "begin": null, "end": null }, "geometry": { "type": "Polygon", "coordinates": [ [ [ 100.5957665, 1.5123138 ], [ 100.5957714, 1.5123568 ], [ 100.5958287, 1.5124303 ], [ 100.5959852, 1.5125286 ], [ 100.5959692, 1.5126312 ], [ 100.5959941, 1.5126591 ], [ 100.59601, 1.5127211 ], [ 100.5959733, 1.5128361 ], [ 100.5959941, 1.5129912 ], [ 100.5959508, 1.513122 ], [ 100.5958508, 1.5132286 ], [ 100.5956248, 1.5133738 ], [ 100.5955967, 1.5134125 ], [ 100.5954978, 1.5134113 ], [ 100.5953575, 1.5133479 ], [ 100.5951666, 1.5132153 ], [ 100.5949738, 1.5131161 ], [ 100.5948984, 1.5130256 ], [ 100.5948801, 1.5129908 ], [ 100.594971, 1.5127755 ], [ 100.5950808, 1.5125478 ], [ 100.5951325, 1.5124148 ], [ 100.5952367, 1.5122603 ], [ 100.5953144, 1.5122313 ], [ 100.5954538, 1.5122694 ], [ 100.5956769, 1.5123771 ], [ 100.5956794, 1.51238 ], [ 100.5956786, 1.5123802 ], [ 100.595697, 1.5123839 ], [ 100.5957665, 1.5123138 ] ] ] } },
{ "type": "Feature", "properties": { "Name": "polygon", "description": null, "timestamp": null, "begin": null, "end": null }, "geometry": { "type": "Polygon", "coordinates": [ [ [ 100.5933029, 1.5024405 ], [ 100.5936127, 1.5026462 ], [ 100.5940824, 1.5029587 ], [ 100.5945815, 1.5031776 ], [ 100.5948796, 1.5026799 ], [ 100.5950362, 1.5025602 ], [ 100.5953886, 1.5020914 ], [ 100.5958261, 1.5024073 ], [ 100.5960425, 1.5025794 ], [ 100.5960383, 1.5036912 ], [ 100.5964374, 1.5039588 ], [ 100.597042, 1.5042527 ], [ 100.5971151, 1.5042852 ], [ 100.5972362, 1.5043948 ], [ 100.5972251, 1.5044719 ], [ 100.596456, 1.5058115 ], [ 100.5960744, 1.5066675 ], [ 100.5959896, 1.5066907 ], [ 100.5959118, 1.5066783 ], [ 100.5958974, 1.5065536 ], [ 100.5958908, 1.5064233 ], [ 100.5959034, 1.5060563 ], [ 100.5958658, 1.5058505 ], [ 100.5958641, 1.5052751 ], [ 100.5958669, 1.5051363 ], [ 100.5958695, 1.5049917 ], [ 100.5958645, 1.5049271 ], [ 100.5958679, 1.5048114 ], [ 100.5958483, 1.5047083 ], [ 100.5957169, 1.5045598 ], [ 100.5956781, 1.5045302 ], [ 100.5955588, 1.5044674 ], [ 100.5951631, 1.5042628 ], [ 100.5944586, 1.5038687 ], [ 100.5942695, 1.5037656 ], [ 100.5940143, 1.5036196 ], [ 100.593807, 1.503488 ], [ 100.5936846, 1.5034311 ], [ 100.5934265, 1.5032896 ], [ 100.5933018, 1.5032223 ], [ 100.5931684, 1.5031198 ], [ 100.5933029, 1.5024405 ], [ 100.5933029, 1.5024405 ], [ 100.5933029, 1.5024405 ] ] ] } },
{ "type": "Feature", "properties": { "Name": "polygon", "description": null, "timestamp": null, "begin": null, "end": null }, "geometry": { "type": "Polygon", "coordinates": [ [ [ 100.6001526, 1.5101443 ], [ 100.6011589, 1.5104143 ], [ 100.6021315, 1.5107354 ], [ 100.6027619, 1.5109157 ], [ 100.6034663, 1.5110415 ], [ 100.6041334, 1.5110742 ], [ 100.6042847, 1.5110785 ], [ 100.6043577, 1.511084 ], [ 100.6044967, 1.5111078 ], [ 100.6048789, 1.5112509 ], [ 100.605243, 1.5114312 ], [ 100.6053209, 1.5114639 ], [ 100.6058153, 1.511674 ], [ 100.6059577, 1.5116936 ], [ 100.6060946, 1.5117081 ], [ 100.6064976, 1.5118075 ], [ 100.6069032, 1.5120227 ], [ 100.6074235, 1.5123152 ], [ 100.6079798, 1.5126408 ], [ 100.6081526, 1.5127292 ], [ 100.6101293, 1.5138431 ], [ 100.6101293, 1.5138431 ], [ 100.6097124, 1.5140568 ], [ 100.6088262, 1.5142792 ], [ 100.6084682, 1.5143723 ], [ 100.6082097, 1.5144346 ], [ 100.608013, 1.5144828 ], [ 100.6078378, 1.5145262 ], [ 100.6077642, 1.5145471 ], [ 100.6075709, 1.5145864 ], [ 100.6074105, 1.514604 ], [ 100.6073647, 1.5146061 ], [ 100.6068935, 1.5146178 ], [ 100.6062843, 1.5146115 ], [ 100.6058728, 1.514616 ], [ 100.605675, 1.5146004 ], [ 100.6054175, 1.514589 ], [ 100.6051083, 1.5145804 ], [ 100.6047935, 1.5145635 ], [ 100.6046148, 1.5145432 ], [ 100.6037605, 1.5144805 ], [ 100.6035425, 1.5144775 ], [ 100.6032524, 1.5144751 ], [ 100.6028483, 1.5144512 ], [ 100.6025736, 1.5144268 ], [ 100.6021607, 1.5144266 ], [ 100.6016869, 1.5145671 ], [ 100.6011201, 1.514767 ], [ 100.600874, 1.5146521 ], [ 100.6008379, 1.5146008 ], [ 100.6006566, 1.5142449 ], [ 100.600392, 1.5136405 ], [ 100.6003674, 1.5135735 ], [ 100.6002475, 1.5132541 ], [ 100.6001106, 1.5129816 ], [ 100.599569, 1.5119564 ], [ 100.5998199, 1.5112503 ], [ 100.599824, 1.5111921 ], [ 100.5996481, 1.5109498 ], [ 100.5991149, 1.5106458 ], [ 100.5996481, 1.5109498 ], [ 100.5991149, 1.5106458 ], [ 100.5993382, 1.5106515 ], [ 100.6001526, 1.5101443 ], [ 100.6001526, 1.5101443 ], [ 100.6001526, 1.5101443 ], [ 100.6011589, 1.5104143 ], [ 100.6001526, 1.5101443 ] ] ] } },
{ "type": "Feature", "properties": { "Name": "polygon", "description": null, "timestamp": null, "begin": null, "end": null }, "geometry": { "type": "Polygon", "coordinates": [ [ [ 100.6172531, 1.5193069 ], [ 100.6174125, 1.5192298 ], [ 100.6177364, 1.5195813 ], [ 100.6184037, 1.5201978 ], [ 100.6191238, 1.520846 ], [ 100.6193796, 1.5211162 ], [ 100.6196276, 1.5214012 ], [ 100.6197291, 1.5215158 ], [ 100.6199013, 1.5217052 ], [ 100.6200763, 1.521879 ], [ 100.6201566, 1.5220307 ], [ 100.6207381, 1.5229584 ], [ 100.6207381, 1.5229584 ], [ 100.6212455, 1.5234105 ], [ 100.621522, 1.5237582 ], [ 100.6214374, 1.5241922 ], [ 100.6213722, 1.5242529 ], [ 100.6211807, 1.5244405 ], [ 100.6211942, 1.5246495 ], [ 100.6211693, 1.5246373 ], [ 100.6211693, 1.5246373 ], [ 100.6211693, 1.5246373 ], [ 100.6198608, 1.5244995 ], [ 100.618891, 1.522988 ], [ 100.618891, 1.522988 ], [ 100.6186476, 1.522574 ], [ 100.6180405, 1.5216547 ], [ 100.6179953, 1.521585 ], [ 100.6178608, 1.5214042 ], [ 100.6177074, 1.5212437 ], [ 100.6174405, 1.5210307 ], [ 100.6173168, 1.5209645 ], [ 100.6171236, 1.5209102 ], [ 100.6169868, 1.5208926 ], [ 100.6168473, 1.5209226 ], [ 100.6170264, 1.5207568 ], [ 100.6172531, 1.5193069 ] ] ] } },
{ "type": "Feature", "properties": { "Name": "polygon", "description": null, "timestamp": null, "begin": null, "end": null }, "geometry": { "type": "Polygon", "coordinates": [ [ [ 100.5906724, 1.5015211 ], [ 100.5922773, 1.501419 ], [ 100.5925352, 1.5015186 ], [ 100.5934346, 1.5021407 ], [ 100.5933029, 1.5024405 ], [ 100.5933029, 1.5024405 ], [ 100.5931684, 1.5031198 ], [ 100.5933018, 1.5032223 ], [ 100.5934265, 1.5032896 ], [ 100.5936846, 1.5034311 ], [ 100.593807, 1.503488 ], [ 100.5940143, 1.5036196 ], [ 100.5942695, 1.5037656 ], [ 100.5944586, 1.5038687 ], [ 100.5951631, 1.5042628 ], [ 100.5955588, 1.5044674 ], [ 100.5956781, 1.5045302 ], [ 100.5957169, 1.5045598 ], [ 100.5958483, 1.5047083 ], [ 100.5958526, 1.5047491 ], [ 100.5958693, 1.5049621 ], [ 100.5958695, 1.5049917 ], [ 100.5958669, 1.5051363 ], [ 100.5958641, 1.5052751 ], [ 100.5958658, 1.5058505 ], [ 100.5959034, 1.5060563 ], [ 100.5958908, 1.5064233 ], [ 100.5958978, 1.5065055 ], [ 100.5959023, 1.5066754 ], [ 100.5958201, 1.5066503 ], [ 100.5944126, 1.5064767 ], [ 100.5940316, 1.5065359 ], [ 100.5934946, 1.5066831 ], [ 100.5933607, 1.5066764 ], [ 100.5930283, 1.5065552 ], [ 100.5927191, 1.5062686 ], [ 100.5921271, 1.5061391 ], [ 100.5914023, 1.5060141 ], [ 100.5914023, 1.5060141 ], [ 100.5910725, 1.5059547 ], [ 100.5910232, 1.5046076 ], [ 100.5909575, 1.5027019 ], [ 100.5903797, 1.5015254 ], [ 100.590243, 1.5014376 ], [ 100.5902414, 1.5014147 ], [ 100.5906724, 1.5015211 ] ] ] } },
{ "type": "Feature", "properties": { "Name": "polygon", "description": null, "timestamp": null, "begin": null, "end": null }, "geometry": { "type": "Polygon", "coordinates": [ [ [ 100.587769, 1.5044334 ], [ 100.587838, 1.5044159 ], [ 100.5879918, 1.5047756 ], [ 100.5880758, 1.5052091 ], [ 100.5881968, 1.5053966 ], [ 100.5883506, 1.5055124 ], [ 100.588688, 1.5056766 ], [ 100.5889546, 1.5057482 ], [ 100.5893415, 1.5057538 ], [ 100.5896663, 1.5057687 ], [ 100.5905621, 1.5058801 ], [ 100.590626, 1.5058905 ], [ 100.5910725, 1.5059547 ], [ 100.5914023, 1.5060141 ], [ 100.5917319, 1.5060678 ], [ 100.5918743, 1.5061011 ], [ 100.5921271, 1.5061391 ], [ 100.5927191, 1.5062686 ], [ 100.5928817, 1.5064074 ], [ 100.5930283, 1.5065552 ], [ 100.5933607, 1.5066764 ], [ 100.5934946, 1.5066831 ], [ 100.5940316, 1.5065359 ], [ 100.5944126, 1.5064767 ], [ 100.5947423, 1.5065017 ], [ 100.5950848, 1.5065404 ], [ 100.5954561, 1.5065979 ], [ 100.5958201, 1.5066503 ], [ 100.5958897, 1.5066799 ], [ 100.595945, 1.5066856 ], [ 100.5959775, 1.5067473 ], [ 100.5960567, 1.5068502 ], [ 100.5961428, 1.5070695 ], [ 100.5965334, 1.5071824 ], [ 100.5965532, 1.5073597 ], [ 100.5965193, 1.5075705 ], [ 100.5964456, 1.5077675 ], [ 100.5963772, 1.5080682 ], [ 100.5962404, 1.5085361 ], [ 100.596176, 1.508771 ], [ 100.596113, 1.5089275 ], [ 100.5960122, 1.5089829 ], [ 100.5960122, 1.5089829 ], [ 100.5956982, 1.5089183 ], [ 100.5955393, 1.5089014 ], [ 100.5954377, 1.5088835 ], [ 100.5949762, 1.50883 ], [ 100.5947399, 1.5087767 ], [ 100.5943953, 1.5087204 ], [ 100.5937553, 1.5086737 ], [ 100.5932199, 1.5087033 ], [ 100.5925091, 1.5087265 ], [ 100.5923207, 1.5087159 ], [ 100.5920574, 1.508686 ], [ 100.5919179, 1.508657 ], [ 100.5917017, 1.5086152 ], [ 100.5915039, 1.5085804 ], [ 100.5911838, 1.5085286 ], [ 100.5908699, 1.5084192 ], [ 100.5906854, 1.5083385 ], [ 100.5903069, 1.5081644 ], [ 100.5895208, 1.5078537 ], [ 100.5893239, 1.5077725 ], [ 100.5890428, 1.5076533 ], [ 100.5887925, 1.5075409 ], [ 100.5886793, 1.5074965 ], [ 100.5882953, 1.507356 ], [ 100.5880921, 1.5072912 ], [ 100.5880686, 1.5072653 ], [ 100.5876265, 1.5070695 ], [ 100.5872827, 1.5069296 ], [ 100.586846, 1.5067772 ], [ 100.5866456, 1.5067296 ], [ 100.5864397, 1.5066863 ], [ 100.5862237, 1.5066464 ], [ 100.5862029, 1.5065774 ], [ 100.5862666, 1.506559 ], [ 100.5869491, 1.5049975 ], [ 100.5869491, 1.5049975 ], [ 100.587769, 1.5044334 ] ] ] } },
{ "type": "Feature", "properties": { "Name": "polygon", "description": null, "timestamp": null, "begin": null, "end": null }, "geometry": { "type": "Polygon", "coordinates": [ [ [ 100.5862622, 1.506561 ], [ 100.586158, 1.5065824 ], [ 100.5856671, 1.5065547 ], [ 100.5855468, 1.5065001 ], [ 100.5854161, 1.5064286 ], [ 100.5851767, 1.5062749 ], [ 100.5851311, 1.5062451 ], [ 100.5849987, 1.5061527 ], [ 100.5847983, 1.5060081 ], [ 100.5845035, 1.5058185 ], [ 100.5843961, 1.5057475 ], [ 100.5839586, 1.5054424 ], [ 100.5836361, 1.5051958 ], [ 100.5833939, 1.5050303 ], [ 100.5832504, 1.5049094 ], [ 100.5830608, 1.5047621 ], [ 100.5826401, 1.5044195 ], [ 100.5824733, 1.5042824 ], [ 100.5823216, 1.5041591 ], [ 100.5820933, 1.5039759 ], [ 100.5817768, 1.5038278 ], [ 100.5813158, 1.5036128 ], [ 100.5809337, 1.5034435 ], [ 100.5807707, 1.5032687 ], [ 100.5807899, 1.5030592 ], [ 100.5809679, 1.5026902 ], [ 100.5810537, 1.5024613 ], [ 100.5812515, 1.5021935 ], [ 100.5814886, 1.501925 ], [ 100.58168, 1.5017031 ], [ 100.5819368, 1.501425 ], [ 100.5820723, 1.5012862 ], [ 100.5821611, 1.5010573 ], [ 100.5822329, 1.5008166 ], [ 100.5823288, 1.5004765 ], [ 100.582365, 1.5003166 ], [ 100.582476, 1.5001614 ], [ 100.582603, 1.5002157 ], [ 100.5827368, 1.500279 ], [ 100.582939, 1.5004007 ], [ 100.5831524, 1.5005647 ], [ 100.5834173, 1.500756 ], [ 100.5839265, 1.5010657 ], [ 100.5842476, 1.501389 ], [ 100.5842476, 1.501389 ], [ 100.584321, 1.5017237 ], [ 100.5843124, 1.5018446 ], [ 100.5842928, 1.5020038 ], [ 100.5841926, 1.502301 ], [ 100.5841412, 1.5024654 ], [ 100.5840962, 1.502722 ], [ 100.5841514, 1.5029005 ], [ 100.584262, 1.5030201 ], [ 100.5847593, 1.503284 ], [ 100.5847951, 1.5032923 ], [ 100.5851718, 1.5033686 ], [ 100.5852479, 1.5033809 ], [ 100.5859747, 1.5034812 ], [ 100.586176, 1.5035303 ], [ 100.586321, 1.5035919 ], [ 100.5863947, 1.503625 ], [ 100.5865324, 1.5036857 ], [ 100.5867132, 1.5037688 ], [ 100.5869593, 1.5038792 ], [ 100.5875908, 1.5042111 ], [ 100.587697, 1.5042793 ], [ 100.5877626, 1.5043673 ], [ 100.5878079, 1.5044005 ], [ 100.5874005, 1.5047414 ], [ 100.5871742, 1.5048359 ], [ 100.5869491, 1.5049975 ], [ 100.5862622, 1.506561 ] ] ] } },
{ "type": "Feature", "properties": { "Name": "pooygon", "description": null, "timestamp": null, "begin": null, "end": null }, "geometry": { "type": "Polygon", "coordinates": [ [ [ 100.6102067, 1.4959992 ], [ 100.6112018, 1.4936887 ], [ 100.6112018, 1.4936887 ], [ 100.6142383, 1.4964514 ], [ 100.6142378, 1.4964977 ], [ 100.6143361, 1.4966387 ], [ 100.6143682, 1.4966678 ], [ 100.6146619, 1.4969612 ], [ 100.6148898, 1.4972147 ], [ 100.615265, 1.4976661 ], [ 100.614865, 1.4982027 ], [ 100.6147356, 1.4983576 ], [ 100.6146276, 1.4985114 ], [ 100.6144449, 1.4986488 ], [ 100.6144093, 1.4986837 ], [ 100.6142102, 1.4988157 ], [ 100.6141944, 1.4991563 ], [ 100.6141361, 1.4993034 ], [ 100.6140969, 1.499473 ], [ 100.6140543, 1.4995789 ], [ 100.6139748, 1.499772 ], [ 100.6138799, 1.4999221 ], [ 100.613838, 1.5001446 ], [ 100.6138125, 1.5003196 ], [ 100.6137944, 1.500384 ], [ 100.613727, 1.5005308 ], [ 100.6137163, 1.5006561 ], [ 100.6136982, 1.5007174 ], [ 100.6136737, 1.5007962 ], [ 100.6135554, 1.5012363 ], [ 100.6135041, 1.5014142 ], [ 100.6134726, 1.501553 ], [ 100.6134689, 1.5016763 ], [ 100.6135095, 1.5018288 ], [ 100.6135835, 1.5019247 ], [ 100.6136312, 1.501985 ], [ 100.6136918, 1.5020735 ], [ 100.6137472, 1.502165 ], [ 100.6137995, 1.5022883 ], [ 100.6138444, 1.5025364 ], [ 100.6136818, 1.5025685 ], [ 100.6135349, 1.5025957 ], [ 100.6133747, 1.5026403 ], [ 100.6132134, 1.5026771 ], [ 100.6131524, 1.5027096 ], [ 100.6130082, 1.5027757 ], [ 100.6129013, 1.5028105 ], [ 100.6126971, 1.5028662 ], [ 100.6125452, 1.5030183 ], [ 100.6124493, 1.5031695 ], [ 100.6123615, 1.5032999 ], [ 100.6123212, 1.5034359 ], [ 100.6122632, 1.503562 ], [ 100.6122398, 1.50364 ], [ 100.6121392, 1.5037818 ], [ 100.6120859, 1.5039085 ], [ 100.6120731, 1.5040453 ], [ 100.6120332, 1.5041495 ], [ 100.6120014, 1.5042339 ], [ 100.6119528, 1.5043218 ], [ 100.6116658, 1.5045973 ], [ 100.6115213, 1.5045296 ], [ 100.6112121, 1.5043409 ], [ 100.6106944, 1.5041017 ], [ 100.610672, 1.5047116 ], [ 100.6106764, 1.505492 ], [ 100.6106428, 1.5055782 ], [ 100.6104195, 1.5054372 ], [ 100.6098004, 1.504929 ], [ 100.609528, 1.5046934 ], [ 100.6094525, 1.5046203 ], [ 100.6094377, 1.5044927 ], [ 100.6098156, 1.5026135 ], [ 100.6100362, 1.5016262 ], [ 100.6103325, 1.50022 ], [ 100.610844, 1.499534 ], [ 100.6110764, 1.4992797 ], [ 100.6114348, 1.4987653 ], [ 100.6116871, 1.4983512 ], [ 100.6117936, 1.4981784 ], [ 100.6118705, 1.4980706 ], [ 100.6120731, 1.4977453 ], [ 100.6121171, 1.4976303 ], [ 100.612113, 1.4975415 ], [ 100.6120973, 1.4974781 ], [ 100.6117318, 1.4971832 ], [ 100.6112395, 1.4967652 ], [ 100.6107929, 1.4964384 ], [ 100.6107619, 1.4964166 ], [ 100.6104758, 1.496193 ], [ 100.6103978, 1.496121 ], [ 100.6102584, 1.4960426 ], [ 100.6102067, 1.4959992 ] ] ] } },
{ "type": "Feature", "properties": { "Name": "polygon", "description": null, "timestamp": null, "begin": null, "end": null }, "geometry": { "type": "Polygon", "coordinates": [ [ [ 100.5930616, 1.4937405 ], [ 100.5931059, 1.4936167 ], [ 100.5938341, 1.4922548 ], [ 100.5945623, 1.4908928 ], [ 100.5951444, 1.4911586 ], [ 100.5956342, 1.4914154 ], [ 100.596179, 1.4917026 ], [ 100.5970262, 1.4921533 ], [ 100.5970233, 1.4922653 ], [ 100.5968583, 1.4923391 ], [ 100.5963651, 1.4924426 ], [ 100.595779, 1.4924748 ], [ 100.5956334, 1.4926243 ], [ 100.5956765, 1.4931639 ], [ 100.5956637, 1.4934769 ], [ 100.5955796, 1.4939569 ], [ 100.5955645, 1.4943819 ], [ 100.5954733, 1.4944526 ], [ 100.5955038, 1.4951233 ], [ 100.5948896, 1.4947713 ], [ 100.5945908, 1.4945754 ], [ 100.5935076, 1.4939291 ], [ 100.5931877, 1.4937625 ], [ 100.5930616, 1.4937405 ] ] ] } },
{ "type": "Feature", "properties": { "Name": "polygon", "description": null, "timestamp": null, "begin": null, "end": null }, "geometry": { "type": "Polygon", "coordinates": [ [ [ 100.5823657, 1.5002331 ], [ 100.5822993, 1.5003863 ], [ 100.5822815, 1.5005137 ], [ 100.5822453, 1.5006893 ], [ 100.5821903, 1.5008713 ], [ 100.5821192, 1.501072 ], [ 100.582018, 1.501246 ], [ 100.5819077, 1.5013928 ], [ 100.5817591, 1.5015493 ], [ 100.5816207, 1.5016968 ], [ 100.58145, 1.5019022 ], [ 100.5813193, 1.5020722 ], [ 100.5811285, 1.5021965 ], [ 100.5810323, 1.5024046 ], [ 100.5809236, 1.5025655 ], [ 100.5807855, 1.5025082 ], [ 100.5807513, 1.5023648 ], [ 100.5805941, 1.5025052 ], [ 100.5805518, 1.5026329 ], [ 100.5803956, 1.5026832 ], [ 100.5803443, 1.5029349 ], [ 100.5804807, 1.5029781 ], [ 100.5804257, 1.5031628 ], [ 100.5803718, 1.5032298 ], [ 100.5795719, 1.5030231 ], [ 100.5795664, 1.5029022 ], [ 100.5794394, 1.5026398 ], [ 100.5793359, 1.5025486 ], [ 100.5791958, 1.5025108 ], [ 100.5786123, 1.5020156 ], [ 100.5781536, 1.502325 ], [ 100.5780834, 1.502546 ], [ 100.578117, 1.5029064 ], [ 100.5775623, 1.5028927 ], [ 100.5766675, 1.5029359 ], [ 100.5760413, 1.5028995 ], [ 100.5757258, 1.5028261 ], [ 100.5756528, 1.5027907 ], [ 100.5756579, 1.5027662 ], [ 100.5756621, 1.5027527 ], [ 100.5757667, 1.5025038 ], [ 100.576155, 1.5020204 ], [ 100.5763878, 1.501808 ], [ 100.5771652, 1.5012213 ], [ 100.5776606, 1.5007032 ], [ 100.5780618, 1.5002176 ], [ 100.5782833, 1.5001281 ], [ 100.5789074, 1.5002373 ], [ 100.5799574, 1.500374 ], [ 100.5808924, 1.5003916 ], [ 100.5813886, 1.5002681 ], [ 100.5817643, 1.5000976 ], [ 100.5822424, 1.5000607 ], [ 100.582432, 1.5001155 ], [ 100.5823657, 1.5002331 ] ] ] } },
{ "type": "Feature", "properties": { "Name": "Polygon", "description": null, "timestamp": null, "begin": null, "end": null }, "geometry": { "type": "Polygon", "coordinates": [ [ [ 100.6109618, 1.4854321 ], [ 100.6109037, 1.4854223 ], [ 100.6109841, 1.4852383 ], [ 100.6110948, 1.4851612 ], [ 100.6112054, 1.4850556 ], [ 100.6113712, 1.4849608 ], [ 100.6115291, 1.4847991 ], [ 100.6116524, 1.484654 ], [ 100.611797, 1.4845918 ], [ 100.6119176, 1.4845346 ], [ 100.61206, 1.4844489 ], [ 100.6122024, 1.4842992 ], [ 100.6123517, 1.4842118 ], [ 100.6123676, 1.4841816 ], [ 100.6125302, 1.4840196 ], [ 100.6127012, 1.4838626 ], [ 100.6127976, 1.4837843 ], [ 100.6129584, 1.4836642 ], [ 100.6130185, 1.4836016 ], [ 100.6131831, 1.4835118 ], [ 100.6132705, 1.4834501 ], [ 100.6133458, 1.4834063 ], [ 100.6134721, 1.4833427 ], [ 100.613652, 1.4832469 ], [ 100.6137346, 1.483197 ], [ 100.6138462, 1.4831597 ], [ 100.6140294, 1.4833219 ], [ 100.6140984, 1.4834377 ], [ 100.6142671, 1.4837749 ], [ 100.6145579, 1.4840631 ], [ 100.6149214, 1.4844175 ], [ 100.6152401, 1.4847309 ], [ 100.6153306, 1.4848203 ], [ 100.6157935, 1.4852851 ], [ 100.6163141, 1.4857222 ], [ 100.6166123, 1.4860185 ], [ 100.6169474, 1.4863889 ], [ 100.6171465, 1.4865948 ], [ 100.617413, 1.4869002 ], [ 100.6177069, 1.4872479 ], [ 100.6182072, 1.4877668 ], [ 100.6187149, 1.4882018 ], [ 100.6189086, 1.4883983 ], [ 100.6189221, 1.4884183 ], [ 100.6191261, 1.4882239 ], [ 100.6189496, 1.4885411 ], [ 100.6188039, 1.4887883 ], [ 100.6186658, 1.4889854 ], [ 100.6184638, 1.4892992 ], [ 100.6182074, 1.4897124 ], [ 100.6181783, 1.4897684 ], [ 100.617553, 1.4884808 ], [ 100.6175811, 1.4884884 ], [ 100.6175663, 1.4883837 ], [ 100.6175241, 1.4882707 ], [ 100.6175255, 1.4882631 ], [ 100.6175235, 1.4882377 ], [ 100.6174436, 1.4881321 ], [ 100.6173759, 1.4880675 ], [ 100.6172923, 1.4880198 ], [ 100.6171909, 1.4879761 ], [ 100.6171484, 1.4879 ], [ 100.6171719, 1.4878264 ], [ 100.6171165, 1.4877901 ], [ 100.6170107, 1.4878172 ], [ 100.616949, 1.4878991 ], [ 100.6168522, 1.487886 ], [ 100.6168081, 1.4878129 ], [ 100.6167515, 1.4877063 ], [ 100.6166907, 1.4876356 ], [ 100.6166615, 1.4875826 ], [ 100.6165786, 1.48754 ], [ 100.616516, 1.4874814 ], [ 100.6164533, 1.4873986 ], [ 100.6163705, 1.4873121 ], [ 100.6163274, 1.4872994 ], [ 100.6162466, 1.4872032 ], [ 100.6161781, 1.4871053 ], [ 100.6161011, 1.4869467 ], [ 100.615916, 1.4867588 ], [ 100.6156751, 1.4866662 ], [ 100.6154593, 1.4865447 ], [ 100.6152239, 1.4864505 ], [ 100.6149733, 1.4863594 ], [ 100.6147022, 1.4862315 ], [ 100.6145492, 1.4861185 ], [ 100.6143886, 1.4859418 ], [ 100.6142259, 1.4857706 ], [ 100.6140974, 1.4855921 ], [ 100.6139591, 1.485437 ], [ 100.6137864, 1.4852328 ], [ 100.6136522, 1.4850654 ], [ 100.6136065, 1.4850518 ], [ 100.6135572, 1.4849593 ], [ 100.6135041, 1.4848469 ], [ 100.6134971, 1.4848407 ], [ 100.6133863, 1.4847541 ], [ 100.6132583, 1.4846665 ], [ 100.6131493, 1.484612 ], [ 100.6130842, 1.4845754 ], [ 100.6129869, 1.4846411 ], [ 100.6128769, 1.4847147 ], [ 100.6128636, 1.484734 ], [ 100.6127107, 1.4847572 ], [ 100.6126071, 1.484807 ], [ 100.6125045, 1.4848311 ], [ 100.612416, 1.4848317 ], [ 100.6122941, 1.4848893 ], [ 100.6121864, 1.484937 ], [ 100.6121016, 1.4849941 ], [ 100.6119576, 1.4850376 ], [ 100.6118615, 1.4850614 ], [ 100.6118214, 1.4851134 ], [ 100.6116762, 1.4851721 ], [ 100.6115327, 1.4852472 ], [ 100.6113863, 1.4852774 ], [ 100.6113064, 1.4853129 ], [ 100.6112254, 1.485367 ], [ 100.6110437, 1.4854258 ], [ 100.610996, 1.4854411 ], [ 100.6109618, 1.4854321 ] ] ] } },
{ "type": "Feature", "properties": { "Name": "polygon", "description": null, "timestamp": null, "begin": null, "end": null }, "geometry": { "type": "Polygon", "coordinates": [ [ [ 100.6225881, 1.5287977 ], [ 100.6223349, 1.5282715 ], [ 100.6224717, 1.5282481 ], [ 100.6225465, 1.5285799 ], [ 100.6225881, 1.5287977 ] ] ] } },
{ "type": "Feature", "properties": { "Name": "Polygon", "description": null, "timestamp": null, "begin": null, "end": null }, "geometry": { "type": "Polygon", "coordinates": [ [ [ 100.6003187, 1.502099 ], [ 100.6001936, 1.5023651 ], [ 100.5993578, 1.5031916 ], [ 100.5990215, 1.5037228 ], [ 100.5983164, 1.5050702 ], [ 100.5982691, 1.5052394 ], [ 100.5981528, 1.5054137 ], [ 100.598075, 1.5057361 ], [ 100.5980331, 1.5058555 ], [ 100.5979027, 1.5059473 ], [ 100.5978581, 1.506139 ], [ 100.597734, 1.5065177 ], [ 100.597551, 1.5068009 ], [ 100.5975439, 1.5069058 ], [ 100.5974517, 1.5071632 ], [ 100.5967413, 1.5071994 ], [ 100.5964144, 1.5070858 ], [ 100.5966467, 1.5066823 ], [ 100.5969284, 1.5061933 ], [ 100.5972053, 1.5056895 ], [ 100.5975248, 1.5051168 ], [ 100.5983221, 1.5035811 ], [ 100.5989414, 1.5028048 ], [ 100.5997172, 1.5018714 ], [ 100.600602, 1.5009675 ], [ 100.6016293, 1.4998557 ], [ 100.6022985, 1.4987641 ], [ 100.6024366, 1.4985805 ], [ 100.6028591, 1.49838 ], [ 100.6030525, 1.4987212 ], [ 100.603299, 1.4991559 ], [ 100.6029409, 1.4992521 ], [ 100.6026016, 1.499407 ], [ 100.6022194, 1.4998809 ], [ 100.6019837, 1.5003528 ], [ 100.6014985, 1.5009899 ], [ 100.6014566, 1.5011089 ], [ 100.6013104, 1.5011964 ], [ 100.6003187, 1.502099 ] ] ] } },
{ "type": "Feature", "properties": { "Name": "polygon", "description": null, "timestamp": null, "begin": null, "end": null }, "geometry": { "type": "Polygon", "coordinates": [ [ [ 100.6065069, 1.5018837 ], [ 100.6065562, 1.5017454 ], [ 100.6065987, 1.5015932 ], [ 100.6066182, 1.5015372 ], [ 100.606657, 1.5015589 ], [ 100.6067645, 1.5016082 ], [ 100.6068948, 1.5016401 ], [ 100.6070261, 1.5016671 ], [ 100.607154, 1.5016875 ], [ 100.6072608, 1.5017164 ], [ 100.6073281, 1.501766 ], [ 100.6073311, 1.5018494 ], [ 100.607374, 1.5019317 ], [ 100.6073693, 1.5020427 ], [ 100.6073866, 1.5021487 ], [ 100.607384, 1.5022441 ], [ 100.607384, 1.5022441 ], [ 100.6074263, 1.5023773 ], [ 100.6073918, 1.5024953 ], [ 100.6074263, 1.5026328 ], [ 100.6074722, 1.5027222 ], [ 100.6075274, 1.5028035 ], [ 100.607529, 1.5028969 ], [ 100.6075203, 1.5029973 ], [ 100.6075347, 1.5031275 ], [ 100.6075954, 1.5032396 ], [ 100.6076172, 1.5033553 ], [ 100.6076077, 1.5034449 ], [ 100.6076326, 1.5035264 ], [ 100.6076972, 1.5036361 ], [ 100.6077338, 1.5037252 ], [ 100.6078046, 1.5038193 ], [ 100.6078171, 1.5038484 ], [ 100.6078578, 1.5039626 ], [ 100.6079265, 1.5040229 ], [ 100.608001, 1.504089 ], [ 100.6080175, 1.5040966 ], [ 100.6081045, 1.5041045 ], [ 100.6082121, 1.5041069 ], [ 100.6082675, 1.5041096 ], [ 100.6083178, 1.5040929 ], [ 100.6084243, 1.5041287 ], [ 100.608483, 1.5041936 ], [ 100.6085002, 1.5042503 ], [ 100.6084852, 1.5043438 ], [ 100.6084289, 1.5044236 ], [ 100.6084308, 1.504495 ], [ 100.6084229, 1.5045948 ], [ 100.6084501, 1.504664 ], [ 100.6084393, 1.5047483 ], [ 100.6084459, 1.5048142 ], [ 100.6084459, 1.5048142 ], [ 100.6085103, 1.5048881 ], [ 100.6085618, 1.5049581 ], [ 100.6085674, 1.505028 ], [ 100.6085682, 1.5051133 ], [ 100.6085776, 1.5051906 ], [ 100.6085659, 1.5053444 ], [ 100.6086073, 1.5054526 ], [ 100.6086971, 1.5054938 ], [ 100.6087498, 1.5055378 ], [ 100.6087726, 1.505547 ], [ 100.608804, 1.5056259 ], [ 100.6088163, 1.5056827 ], [ 100.6088551, 1.5057909 ], [ 100.6089152, 1.5058738 ], [ 100.6089661, 1.5059321 ], [ 100.6089813, 1.5059267 ], [ 100.6090919, 1.5059423 ], [ 100.6091685, 1.5059839 ], [ 100.6091825, 1.5060801 ], [ 100.6092028, 1.5061301 ], [ 100.6092261, 1.5062094 ], [ 100.609308, 1.5063235 ], [ 100.6093535, 1.5064339 ], [ 100.6094006, 1.5065039 ], [ 100.6094668, 1.5065632 ], [ 100.6094833, 1.5065675 ], [ 100.6095177, 1.5066043 ], [ 100.6095245, 1.5067165 ], [ 100.609559, 1.5068156 ], [ 100.6096235, 1.5068691 ], [ 100.6096674, 1.5069567 ], [ 100.6097198, 1.5070094 ], [ 100.6097855, 1.5070253 ], [ 100.6098156, 1.5071245 ], [ 100.6098413, 1.5071773 ], [ 100.609844, 1.5071834 ], [ 100.6099068, 1.5072198 ], [ 100.6100227, 1.5072611 ], [ 100.6100227, 1.5072611 ], [ 100.6101039, 1.5072652 ], [ 100.6102049, 1.5072804 ], [ 100.6102727, 1.5072522 ], [ 100.6103507, 1.5072527 ], [ 100.6104408, 1.5072244 ], [ 100.6105443, 1.5071612 ], [ 100.6106185, 1.5071043 ], [ 100.6106185, 1.5071043 ], [ 100.6107034, 1.5071157 ], [ 100.6107529, 1.5071462 ], [ 100.6107485, 1.507231 ], [ 100.6107293, 1.5073009 ], [ 100.610709, 1.5074015 ], [ 100.6107444, 1.5074736 ], [ 100.6107439, 1.5075492 ], [ 100.6107134, 1.5076564 ], [ 100.6107251, 1.5077127 ], [ 100.6107293, 1.5077857 ], [ 100.6107299, 1.5079179 ], [ 100.6107299, 1.5079179 ], [ 100.6107257, 1.5080423 ], [ 100.6107931, 1.5081019 ], [ 100.6108802, 1.5081599 ], [ 100.6109376, 1.508254 ], [ 100.6110197, 1.5082923 ], [ 100.6111093, 1.5083415 ], [ 100.6111791, 1.5083731 ], [ 100.611286, 1.5083977 ], [ 100.6113414, 1.50838 ], [ 100.6113726, 1.508451 ], [ 100.6113806, 1.5085291 ], [ 100.6113806, 1.5085291 ], [ 100.6113846, 1.5085536 ], [ 100.6113819, 1.5086604 ], [ 100.6112863, 1.5087116 ], [ 100.6112425, 1.5087557 ], [ 100.6112, 1.508829 ], [ 100.6111005, 1.5088856 ], [ 100.6110843, 1.5089725 ], [ 100.6110685, 1.509057 ], [ 100.6110685, 1.509057 ], [ 100.6110822, 1.5090991 ], [ 100.6111224, 1.5092037 ], [ 100.6111291, 1.5092223 ], [ 100.6111541, 1.5093051 ], [ 100.6111872, 1.5093105 ], [ 100.6112948, 1.5092996 ], [ 100.6113911, 1.5092773 ], [ 100.6114948, 1.509287 ], [ 100.6114948, 1.509287 ], [ 100.6115973, 1.5093089 ], [ 100.6116108, 1.5093343 ], [ 100.611602, 1.5094578 ], [ 100.611594, 1.5096408 ], [ 100.6115789, 1.5097229 ], [ 100.6115538, 1.5097899 ], [ 100.6115263, 1.5098911 ], [ 100.6114944, 1.5099702 ], [ 100.6114214, 1.5099347 ], [ 100.6110602, 1.5097264 ], [ 100.6110602, 1.5097264 ], [ 100.6105517, 1.5094393 ], [ 100.6102948, 1.5092548 ], [ 100.6100206, 1.5090564 ], [ 100.6095971, 1.5087399 ], [ 100.6093526, 1.5085925 ], [ 100.6089054, 1.5082071 ], [ 100.608481, 1.5078734 ], [ 100.6083743, 1.5077813 ], [ 100.6080092, 1.5074854 ], [ 100.6078133, 1.5073117 ], [ 100.6074092, 1.5070705 ], [ 100.6069814, 1.5068881 ], [ 100.6068629, 1.5068258 ], [ 100.6065532, 1.5066687 ], [ 100.6060253, 1.5063508 ], [ 100.6056676, 1.5062099 ], [ 100.6056716, 1.5061125 ], [ 100.6057196, 1.5060805 ], [ 100.605774, 1.5060256 ], [ 100.605805, 1.5059374 ], [ 100.6058502, 1.5058521 ], [ 100.6059233, 1.5057651 ], [ 100.6060273, 1.5057211 ], [ 100.6060971, 1.5056848 ], [ 100.6061554, 1.5056402 ], [ 100.6062286, 1.5056819 ], [ 100.6062838, 1.5057289 ], [ 100.6063136, 1.5058201 ], [ 100.6064074, 1.5058501 ], [ 100.6065045, 1.505809 ], [ 100.6065776, 1.50589 ], [ 100.6066677, 1.50596 ], [ 100.6067125, 1.5060436 ], [ 100.606799, 1.5061018 ], [ 100.6068936, 1.5061624 ], [ 100.6070038, 1.506155 ], [ 100.6070945, 1.5061225 ], [ 100.6070987, 1.5060027 ], [ 100.607068, 1.5058703 ], [ 100.6070844, 1.5058066 ], [ 100.6071167, 1.5057403 ], [ 100.6071623, 1.50566 ], [ 100.6071914, 1.5056227 ], [ 100.6072047, 1.5055259 ], [ 100.6072695, 1.5053999 ], [ 100.6072695, 1.5053999 ], [ 100.6071193, 1.5052934 ], [ 100.6071007, 1.5052877 ], [ 100.6070789, 1.5051891 ], [ 100.6070607, 1.5051678 ], [ 100.6069961, 1.5050948 ], [ 100.6069634, 1.5050486 ], [ 100.606909, 1.5049502 ], [ 100.6068417, 1.5048653 ], [ 100.6068534, 1.5047943 ], [ 100.6068691, 1.5046575 ], [ 100.6067987, 1.5045788 ], [ 100.6067628, 1.50454 ], [ 100.6067513, 1.5045345 ], [ 100.6066605, 1.5045017 ], [ 100.6066335, 1.5044774 ], [ 100.6065479, 1.5044204 ], [ 100.6064911, 1.5044328 ], [ 100.6064734, 1.504324 ], [ 100.6064817, 1.5042427 ], [ 100.6064521, 1.5041702 ], [ 100.6064329, 1.5040579 ], [ 100.6064293, 1.5040455 ], [ 100.6064709, 1.5039484 ], [ 100.6065417, 1.5038541 ], [ 100.6065391, 1.5038153 ], [ 100.6065737, 1.5037285 ], [ 100.6065982, 1.5036196 ], [ 100.6066259, 1.5035563 ], [ 100.6065919, 1.50346 ], [ 100.6066131, 1.5033777 ], [ 100.6066368, 1.5033376 ], [ 100.6065895, 1.5033046 ], [ 100.6065473, 1.5032477 ], [ 100.6064997, 1.5032381 ], [ 100.6063965, 1.5031793 ], [ 100.6063061, 1.5032079 ], [ 100.606207, 1.5031845 ], [ 100.6061367, 1.5031549 ], [ 100.6061025, 1.5031585 ], [ 100.6060662, 1.5031078 ], [ 100.6060563, 1.5030693 ], [ 100.6060801, 1.5030187 ], [ 100.6061308, 1.5029379 ], [ 100.6062055, 1.502823 ], [ 100.6062615, 1.5027159 ], [ 100.6063168, 1.5025629 ], [ 100.6063463, 1.5024147 ], [ 100.6063685, 1.5023826 ], [ 100.6063992, 1.5023079 ], [ 100.6064185, 1.5022006 ], [ 100.6064226, 1.5021806 ], [ 100.6064485, 1.5021436 ], [ 100.6064666, 1.5021322 ], [ 100.6064774, 1.5021164 ], [ 100.6065029, 1.5021023 ], [ 100.6065008, 1.5020148 ], [ 100.6065069, 1.5018837 ], [ 100.6065069, 1.5018837 ] ] ] } },
{ "type": "Feature", "properties": { "Name": "Polygon", "description": null, "timestamp": null, "begin": null, "end": null }, "geometry": { "type": "Polygon", "coordinates": [ [ [ 100.6072695, 1.5053999 ], [ 100.6072047, 1.5055259 ], [ 100.6071914, 1.5056227 ], [ 100.6071623, 1.50566 ], [ 100.6071167, 1.5057403 ], [ 100.6070844, 1.5058066 ], [ 100.607068, 1.5058703 ], [ 100.6070987, 1.5060027 ], [ 100.6070945, 1.5061225 ], [ 100.6070038, 1.506155 ], [ 100.6068936, 1.5061624 ], [ 100.606799, 1.5061018 ], [ 100.6067125, 1.5060436 ], [ 100.6066677, 1.50596 ], [ 100.6065776, 1.50589 ], [ 100.6065045, 1.505809 ], [ 100.6064146, 1.5058454 ], [ 100.6064074, 1.5058501 ], [ 100.6063136, 1.5058201 ], [ 100.6062838, 1.5057289 ], [ 100.6062286, 1.5056819 ], [ 100.6061554, 1.5056402 ], [ 100.60615, 1.5056451 ], [ 100.6060971, 1.5056848 ], [ 100.6060273, 1.5057211 ], [ 100.6059233, 1.5057651 ], [ 100.6058502, 1.5058521 ], [ 100.605805, 1.5059374 ], [ 100.605774, 1.5060256 ], [ 100.6057196, 1.5060805 ], [ 100.6056716, 1.5061125 ], [ 100.6052414, 1.5059563 ], [ 100.6052418, 1.5059563 ], [ 100.6052395, 1.5058795 ], [ 100.6052167, 1.5055433 ], [ 100.6052216, 1.5054234 ], [ 100.6052566, 1.5048501 ], [ 100.6053348, 1.5044422 ], [ 100.6053358, 1.5044225 ], [ 100.6054047, 1.5043442 ], [ 100.6054744, 1.5042607 ], [ 100.6055315, 1.5041764 ], [ 100.6055418, 1.5041441 ], [ 100.605576, 1.5040822 ], [ 100.6056063, 1.5039439 ], [ 100.6056103, 1.503897 ], [ 100.6056446, 1.5037776 ], [ 100.6057036, 1.5037205 ], [ 100.6057668, 1.5035878 ], [ 100.6058217, 1.5034704 ], [ 100.6058538, 1.5034222 ], [ 100.6059102, 1.5033088 ], [ 100.6059631, 1.5031905 ], [ 100.6060507, 1.5030694 ], [ 100.6060662, 1.5031078 ], [ 100.6061025, 1.5031585 ], [ 100.6061367, 1.5031549 ], [ 100.606207, 1.5031845 ], [ 100.6063061, 1.5032079 ], [ 100.6063965, 1.5031793 ], [ 100.6064997, 1.5032381 ], [ 100.6065473, 1.5032477 ], [ 100.6065895, 1.5033046 ], [ 100.6066368, 1.5033376 ], [ 100.6066131, 1.5033777 ], [ 100.6065919, 1.50346 ], [ 100.6066259, 1.5035563 ], [ 100.6065982, 1.5036196 ], [ 100.6065737, 1.5037285 ], [ 100.6065391, 1.5038153 ], [ 100.6065417, 1.5038541 ], [ 100.6064709, 1.5039484 ], [ 100.6064293, 1.5040455 ], [ 100.6064329, 1.5040579 ], [ 100.6064521, 1.5041702 ], [ 100.6064817, 1.5042427 ], [ 100.6064734, 1.504324 ], [ 100.6064911, 1.5044328 ], [ 100.6065479, 1.5044204 ], [ 100.6066335, 1.5044774 ], [ 100.6066605, 1.5045017 ], [ 100.6067513, 1.5045345 ], [ 100.6067628, 1.50454 ], [ 100.6067987, 1.5045788 ], [ 100.6068691, 1.5046575 ], [ 100.6068534, 1.5047943 ], [ 100.6068417, 1.5048653 ], [ 100.606909, 1.5049502 ], [ 100.6069634, 1.5050486 ], [ 100.6069961, 1.5050948 ], [ 100.6070607, 1.5051678 ], [ 100.6070789, 1.5051891 ], [ 100.6071007, 1.5052877 ], [ 100.6071193, 1.5052934 ], [ 100.6072695, 1.5053999 ], [ 100.6072695, 1.5053999 ] ] ] } },
{ "type": "Feature", "properties": { "Name": "Polygon", "description": null, "timestamp": null, "begin": null, "end": null }, "geometry": { "type": "Polygon", "coordinates": [ [ [ 100.6204534, 1.4769658 ], [ 100.6214499, 1.4769918 ], [ 100.6215148, 1.4769875 ], [ 100.6219308, 1.4769918 ], [ 100.6221657, 1.4769758 ], [ 100.6223152, 1.4769786 ], [ 100.6227067, 1.4769753 ], [ 100.6228098, 1.4771114 ], [ 100.62249, 1.4775814 ], [ 100.622424, 1.4776517 ], [ 100.6222847, 1.4778211 ], [ 100.622254, 1.477872 ], [ 100.6220544, 1.4782938 ], [ 100.6219665, 1.4786175 ], [ 100.6218347, 1.479077 ], [ 100.6218106, 1.4793404 ], [ 100.621715, 1.479566 ], [ 100.6216919, 1.4797014 ], [ 100.6216644, 1.4798318 ], [ 100.6216132, 1.4800105 ], [ 100.6213613, 1.4801954 ], [ 100.6212151, 1.4803204 ], [ 100.6201395, 1.4804783 ], [ 100.6195062, 1.4806962 ], [ 100.6193799, 1.4803488 ], [ 100.6192185, 1.480144 ], [ 100.6190817, 1.4799735 ], [ 100.6189721, 1.4798797 ], [ 100.6187515, 1.4796899 ], [ 100.6183502, 1.479385 ], [ 100.6189057, 1.4788058 ], [ 100.6196675, 1.4778979 ], [ 100.6204534, 1.4769658 ] ] ] } },
{ "type": "Feature", "properties": { "Name": "Polygon", "description": null, "timestamp": null, "begin": null, "end": null }, "geometry": { "type": "Polygon", "coordinates": [ [ [ 100.6183274, 1.4793904 ], [ 100.6179934, 1.4792426 ], [ 100.6177175, 1.479088 ], [ 100.6174342, 1.4789547 ], [ 100.6168599, 1.4786285 ], [ 100.616646, 1.478413 ], [ 100.6168575, 1.4783949 ], [ 100.6173346, 1.4776659 ], [ 100.6175428, 1.4775798 ], [ 100.6177996, 1.4777464 ], [ 100.617975, 1.478165 ], [ 100.6184732, 1.4782719 ], [ 100.6187072, 1.4780155 ], [ 100.6185825, 1.477801 ], [ 100.6186083, 1.4774518 ], [ 100.6184474, 1.4769272 ], [ 100.618145, 1.4767395 ], [ 100.6178945, 1.4767178 ], [ 100.6179026, 1.4766206 ], [ 100.6181001, 1.4764232 ], [ 100.6183223, 1.4761463 ], [ 100.6187559, 1.4755266 ], [ 100.6191015, 1.4751036 ], [ 100.6192765, 1.4749397 ], [ 100.619693, 1.4744232 ], [ 100.6203484, 1.4745526 ], [ 100.6205982, 1.4744125 ], [ 100.6206968, 1.4742768 ], [ 100.6207511, 1.4739563 ], [ 100.6207974, 1.4735974 ], [ 100.6206495, 1.4732679 ], [ 100.6206036, 1.4731493 ], [ 100.6205523, 1.4730658 ], [ 100.6204839, 1.4730511 ], [ 100.6205479, 1.472435 ], [ 100.6206337, 1.4725879 ], [ 100.6210347, 1.4726737 ], [ 100.6211688, 1.4726763 ], [ 100.6213288, 1.4728275 ], [ 100.6214471, 1.4730202 ], [ 100.6216131, 1.4731208 ], [ 100.6217408, 1.4731801 ], [ 100.6221499, 1.4732039 ], [ 100.6216701, 1.4741447 ], [ 100.6215876, 1.4747312 ], [ 100.6214716, 1.4752273 ], [ 100.6212037, 1.4758514 ], [ 100.6205845, 1.4766956 ], [ 100.6202327, 1.4771625 ], [ 100.6197382, 1.4777568 ], [ 100.6191394, 1.4784412 ], [ 100.6186908, 1.4789962 ], [ 100.6183274, 1.4793904 ] ] ] } },
{ "type": "Feature", "properties": { "Name": null, "description": null, "timestamp": null, "begin": null, "end": null }, "geometry": { "type": "Polygon", "coordinates": [ [ [ 100.6207662, 1.4723311 ], [ 100.6209214, 1.4722768 ], [ 100.621371, 1.4722544 ], [ 100.6216842, 1.4722658 ], [ 100.6222065, 1.4723556 ], [ 100.622342, 1.4724437 ], [ 100.6223731, 1.4725634 ], [ 100.6222189, 1.4728982 ], [ 100.6221157, 1.4731935 ], [ 100.6217428, 1.4731735 ], [ 100.6216127, 1.4731131 ], [ 100.6214431, 1.4730078 ], [ 100.6213197, 1.4728077 ], [ 100.6211662, 1.472674 ], [ 100.6210394, 1.4726676 ], [ 100.6206347, 1.4725865 ], [ 100.6205533, 1.472429 ], [ 100.6207662, 1.4723311 ] ] ] } },
{ "type": "Feature", "properties": { "Name": "Poligon", "description": null, "timestamp": null, "begin": null, "end": null }, "geometry": { "type": "Polygon", "coordinates": [ [ [ 100.5600503, 1.521509 ], [ 100.5600659, 1.5215086 ], [ 100.5600379, 1.5215484 ], [ 100.5600223, 1.5215878 ], [ 100.5599696, 1.5216875 ], [ 100.5599318, 1.521767 ], [ 100.5599207, 1.5218178 ], [ 100.5598755, 1.5219368 ], [ 100.5598784, 1.5219419 ], [ 100.559887, 1.5219526 ], [ 100.5598856, 1.522004 ], [ 100.559872, 1.5221737 ], [ 100.5598665, 1.5226935 ], [ 100.5601709, 1.5229717 ], [ 100.5602435, 1.5230481 ], [ 100.5602482, 1.5230564 ], [ 100.5602835, 1.5231797 ], [ 100.5603729, 1.5232002 ], [ 100.5603918, 1.5231952 ], [ 100.5609863, 1.5229112 ], [ 100.5612289, 1.5227792 ], [ 100.5613028, 1.5227434 ], [ 100.5613398, 1.5227032 ], [ 100.5614096, 1.5226916 ], [ 100.561475, 1.522645 ], [ 100.5615552, 1.5225884 ], [ 100.5617713, 1.5224224 ], [ 100.5620431, 1.5222581 ], [ 100.5623753, 1.5220694 ], [ 100.5627506, 1.5218681 ], [ 100.5629042, 1.5217862 ], [ 100.5630476, 1.5216893 ], [ 100.5633982, 1.5215283 ], [ 100.5637519, 1.5213442 ], [ 100.5642422, 1.5212188 ], [ 100.5644527, 1.5212413 ], [ 100.5649195, 1.5212505 ], [ 100.5650377, 1.5212407 ], [ 100.5650337, 1.5212415 ], [ 100.5650709, 1.5212568 ], [ 100.5650775, 1.5212744 ], [ 100.5650688, 1.5213182 ], [ 100.5650666, 1.5214693 ], [ 100.5650666, 1.5214715 ], [ 100.5650731, 1.5216183 ], [ 100.5650715, 1.5216981 ], [ 100.565065, 1.5224606 ], [ 100.5650335, 1.5226715 ], [ 100.5650335, 1.5226715 ], [ 100.5614184, 1.5251118 ], [ 100.5614004, 1.5251157 ], [ 100.5565225, 1.5273013 ], [ 100.5565237, 1.5272984 ], [ 100.5565238, 1.5272983 ], [ 100.5561311, 1.5249477 ], [ 100.5555472, 1.5252212 ], [ 100.5557103, 1.5231442 ], [ 100.5599954, 1.5214717 ], [ 100.5600503, 1.521509 ] ] ] } },
{ "type": "Feature", "properties": { "Name": "Polygon", "description": null, "timestamp": null, "begin": null, "end": null }, "geometry": { "type": "Polygon", "coordinates": [ [ [ 100.6203788, 1.4846878 ], [ 100.6203788, 1.4846878 ], [ 100.6198306, 1.4846024 ], [ 100.6190827, 1.4844697 ], [ 100.6188225, 1.484448 ], [ 100.6185486, 1.4843688 ], [ 100.6185486, 1.4843688 ], [ 100.6180929, 1.4842844 ], [ 100.6177847, 1.484237 ], [ 100.617731, 1.4842211 ], [ 100.6175981, 1.484192 ], [ 100.617092, 1.4841278 ], [ 100.6170497, 1.4841207 ], [ 100.6168701, 1.4840973 ], [ 100.6165336, 1.4840739 ], [ 100.6164878, 1.4840655 ], [ 100.6160082, 1.4839824 ], [ 100.6159248, 1.4839377 ], [ 100.6157763, 1.4837192 ], [ 100.6154213, 1.4831982 ], [ 100.6154213, 1.4831982 ], [ 100.6161611, 1.4829732 ], [ 100.6165803, 1.482734 ], [ 100.6164169, 1.4824449 ], [ 100.6163788, 1.4822356 ], [ 100.6164192, 1.4821795 ], [ 100.6166264, 1.4818997 ], [ 100.6170343, 1.4814462 ], [ 100.6173117, 1.4812524 ], [ 100.6175147, 1.4812067 ], [ 100.6177168, 1.4811773 ], [ 100.6179856, 1.4811369 ], [ 100.6180883, 1.4811348 ], [ 100.6182597, 1.4811115 ], [ 100.6185475, 1.4810664 ], [ 100.6186099, 1.4810695 ], [ 100.6186998, 1.481125 ], [ 100.6190398, 1.4813333 ], [ 100.619094, 1.4813684 ], [ 100.6191919, 1.4814265 ], [ 100.6192686, 1.481481 ], [ 100.6193805, 1.4815485 ], [ 100.6195223, 1.4816327 ], [ 100.6199388, 1.4817953 ], [ 100.6204739, 1.4817725 ], [ 100.6207528, 1.4817697 ], [ 100.6209238, 1.4817642 ], [ 100.6210771, 1.4817596 ], [ 100.6213698, 1.4817548 ], [ 100.6215635, 1.4817403 ], [ 100.6223237, 1.4817254 ], [ 100.622418, 1.4817993 ], [ 100.6223581, 1.4819235 ], [ 100.6222224, 1.4821465 ], [ 100.6217382, 1.482984 ], [ 100.6214919, 1.4834447 ], [ 100.6213243, 1.4837309 ], [ 100.6212957, 1.4837741 ], [ 100.6210807, 1.4840831 ], [ 100.6209117, 1.4842917 ], [ 100.6207011, 1.4845753 ], [ 100.6203788, 1.4846878 ] ] ] } },
{ "type": "Feature", "properties": { "Name": "polygon", "description": null, "timestamp": null, "begin": null, "end": null }, "geometry": { "type": "Polygon", "coordinates": [ [ [ 100.6152509, 1.4949801 ], [ 100.6152264, 1.4950251 ], [ 100.6152143, 1.4949838 ], [ 100.6151369, 1.4947489 ], [ 100.615049, 1.4945954 ], [ 100.6147969, 1.494289 ], [ 100.6143476, 1.4941144 ], [ 100.6139339, 1.4940155 ], [ 100.6136228, 1.493848 ], [ 100.6133069, 1.4936656 ], [ 100.6130414, 1.4934267 ], [ 100.6128456, 1.4932081 ], [ 100.6124258, 1.492818 ], [ 100.6122612, 1.4926421 ], [ 100.6120865, 1.492456 ], [ 100.6120403, 1.4924108 ], [ 100.6119873, 1.4923156 ], [ 100.6120973, 1.4921859 ], [ 100.6122478, 1.4919365 ], [ 100.6123212, 1.4918826 ], [ 100.6123665, 1.4918591 ], [ 100.6129755, 1.4921917 ], [ 100.6136351, 1.4925198 ], [ 100.6139305, 1.4926874 ], [ 100.6144832, 1.4929823 ], [ 100.614531, 1.4930035 ], [ 100.6146658, 1.4930691 ], [ 100.6153422, 1.4934075 ], [ 100.6154292, 1.4934485 ], [ 100.6159255, 1.4936687 ], [ 100.6159509, 1.4936938 ], [ 100.6159643, 1.4937481 ], [ 100.6159617, 1.4937863 ], [ 100.6157354, 1.494151 ], [ 100.6154487, 1.494646 ], [ 100.6154132, 1.4947023 ], [ 100.6153632, 1.4947794 ], [ 100.6152881, 1.4948783 ], [ 100.6152509, 1.4949801 ] ] ] } },
{ "type": "Feature", "properties": { "Name": "polygon", "description": "Polygon", "timestamp": null, "begin": null, "end": null }, "geometry": { "type": "Polygon", "coordinates": [ [ [ 100.6113033, 1.4913172 ], [ 100.6118643, 1.4916265 ], [ 100.6120601, 1.4917297 ], [ 100.6123132, 1.4918651 ], [ 100.6122468, 1.4919201 ], [ 100.6121439, 1.4920642 ], [ 100.6120413, 1.4922157 ], [ 100.6119719, 1.4922901 ], [ 100.611883, 1.4923334 ], [ 100.611755, 1.4924202 ], [ 100.6116691, 1.4925415 ], [ 100.6115394, 1.4927302 ], [ 100.6112423, 1.4931471 ], [ 100.6112021, 1.49319 ], [ 100.6111682, 1.4932045 ], [ 100.611126, 1.4932065 ], [ 100.6111035, 1.4931847 ], [ 100.611017, 1.4930821 ], [ 100.6109124, 1.4929641 ], [ 100.6108075, 1.4928415 ], [ 100.610722, 1.4927369 ], [ 100.610677, 1.4925536 ], [ 100.6107186, 1.4924329 ], [ 100.6107853, 1.4922683 ], [ 100.6108675, 1.4921249 ], [ 100.6109614, 1.4918967 ], [ 100.6112742, 1.4913785 ], [ 100.6113033, 1.4913172 ] ] ] } },
{ "type": "Feature", "properties": { "Name": "Polygon", "description": null, "timestamp": null, "begin": null, "end": null }, "geometry": { "type": "Polygon", "coordinates": [ [ [ 100.6115333, 1.5045427 ], [ 100.6115774, 1.5045659 ], [ 100.6116638, 1.5046026 ], [ 100.6116778, 1.5045949 ], [ 100.6119587, 1.5043381 ], [ 100.6120057, 1.5042482 ], [ 100.612043, 1.5041474 ], [ 100.6120834, 1.5040542 ], [ 100.6120946, 1.5039172 ], [ 100.6121483, 1.503788 ], [ 100.6122446, 1.5036538 ], [ 100.6122702, 1.503565 ], [ 100.612329, 1.5034477 ], [ 100.6123693, 1.5033155 ], [ 100.6125485, 1.503032 ], [ 100.6127008, 1.5028747 ], [ 100.6128911, 1.5028268 ], [ 100.613004, 1.5027875 ], [ 100.6131514, 1.5027192 ], [ 100.6132109, 1.5026875 ], [ 100.6133835, 1.5026461 ], [ 100.6135223, 1.5026048 ], [ 100.6136799, 1.5025768 ], [ 100.6138123, 1.5025488 ], [ 100.6138514, 1.5025431 ], [ 100.6138327, 1.5024345 ], [ 100.6138063, 1.5022897 ], [ 100.6137555, 1.5021612 ], [ 100.6137025, 1.5020713 ], [ 100.6136137, 1.5019504 ], [ 100.6135193, 1.5018276 ], [ 100.6134793, 1.501683 ], [ 100.6134808, 1.5015652 ], [ 100.6135084, 1.5014282 ], [ 100.6135598, 1.5012629 ], [ 100.6136043, 1.5010958 ], [ 100.6136789, 1.5008121 ], [ 100.6137251, 1.5006705 ], [ 100.6137382, 1.5005367 ], [ 100.6138021, 1.5003984 ], [ 100.6138193, 1.5003407 ], [ 100.6138923, 1.499932 ], [ 100.6139809, 1.4997908 ], [ 100.6140488, 1.499634 ], [ 100.6141042, 1.4994879 ], [ 100.6141424, 1.4993188 ], [ 100.6142031, 1.4991725 ], [ 100.6142102, 1.4990433 ], [ 100.6142197, 1.4989253 ], [ 100.6142226, 1.4988207 ], [ 100.6144087, 1.4987052 ], [ 100.614443, 1.4986684 ], [ 100.6146323, 1.4985218 ], [ 100.6147148, 1.4984018 ], [ 100.6147915, 1.4983001 ], [ 100.6148644, 1.4982193 ], [ 100.6149569, 1.498095 ], [ 100.6150796, 1.4979282 ], [ 100.6151969, 1.4977846 ], [ 100.6152741, 1.4976774 ], [ 100.6166472, 1.499447 ], [ 100.6166559, 1.4994502 ], [ 100.61715, 1.4999723 ], [ 100.617695, 1.5006312 ], [ 100.6177283, 1.5006734 ], [ 100.6182182, 1.5012834 ], [ 100.6186958, 1.5018571 ], [ 100.6189893, 1.5022068 ], [ 100.6193146, 1.5026124 ], [ 100.6195215, 1.5028586 ], [ 100.6195835, 1.5029286 ], [ 100.6196157, 1.5029667 ], [ 100.6201224, 1.5035165 ], [ 100.6206351, 1.5040753 ], [ 100.6207402, 1.5042013 ], [ 100.6207419, 1.5042085 ], [ 100.6206307, 1.5045405 ], [ 100.6204964, 1.5048094 ], [ 100.6203711, 1.5052295 ], [ 100.6202581, 1.5054936 ], [ 100.6201757, 1.505647 ], [ 100.6199692, 1.5061488 ], [ 100.619677, 1.5068861 ], [ 100.6194785, 1.507358 ], [ 100.6194349, 1.5073991 ], [ 100.6194337, 1.5073978 ], [ 100.6189764, 1.5070554 ], [ 100.6185035, 1.506667 ], [ 100.618298, 1.5065041 ], [ 100.6181497, 1.5063775 ], [ 100.6178214, 1.5060846 ], [ 100.6173164, 1.5056839 ], [ 100.6169112, 1.505374 ], [ 100.6165642, 1.5050798 ], [ 100.6161295, 1.5047379 ], [ 100.6157675, 1.5044578 ], [ 100.6153513, 1.5041277 ], [ 100.6151189, 1.5039257 ], [ 100.61493, 1.5037426 ], [ 100.6148488, 1.5037916 ], [ 100.6147476, 1.503891 ], [ 100.6144978, 1.5041052 ], [ 100.6143859, 1.504311 ], [ 100.6143539, 1.5043899 ], [ 100.6143249, 1.5044682 ], [ 100.6142201, 1.5048431 ], [ 100.614228, 1.5050924 ], [ 100.6142228, 1.505176 ], [ 100.6142542, 1.5055746 ], [ 100.6141187, 1.5070462 ], [ 100.614045, 1.5076492 ], [ 100.6131946, 1.5071819 ], [ 100.6123813, 1.5068999 ], [ 100.6122698, 1.5068658 ], [ 100.6106428, 1.5055782 ], [ 100.6106764, 1.505492 ], [ 100.6106944, 1.5041017 ], [ 100.611211, 1.5043489 ], [ 100.6115333, 1.5045427 ], [ 100.6115333, 1.5045427 ] ] ] } },
{ "type": "Feature", "properties": { "Name": "polygon", "description": null, "timestamp": null, "begin": null, "end": null }, "geometry": { "type": "Polygon", "coordinates": [ [ [ 100.6111671, 1.4933179 ], [ 100.6111671, 1.4933179 ], [ 100.6112118, 1.4932061 ], [ 100.6113932, 1.4929836 ], [ 100.6115239, 1.4928023 ], [ 100.6116547, 1.4926146 ], [ 100.6117342, 1.4925113 ], [ 100.6118056, 1.4924332 ], [ 100.6118797, 1.4923846 ], [ 100.6119454, 1.4923458 ], [ 100.6119833, 1.4923598 ], [ 100.6120942, 1.4924713 ], [ 100.6122537, 1.4926465 ], [ 100.6122713, 1.49267 ], [ 100.6124614, 1.4928645 ], [ 100.6128603, 1.4932341 ], [ 100.6130392, 1.4934389 ], [ 100.6130639, 1.4934614 ], [ 100.6133146, 1.4936768 ], [ 100.6136258, 1.4938575 ], [ 100.6139321, 1.4940245 ], [ 100.6143681, 1.4941296 ], [ 100.6147941, 1.4942965 ], [ 100.6150542, 1.4946187 ], [ 100.6151315, 1.4947522 ], [ 100.6152432, 1.4950771 ], [ 100.615242, 1.4950838 ], [ 100.6151505, 1.4952623 ], [ 100.614864, 1.4956773 ], [ 100.6146278, 1.4959958 ], [ 100.6144669, 1.4962631 ], [ 100.6143508, 1.4964322 ], [ 100.6142995, 1.4964918 ], [ 100.6142419, 1.4965291 ], [ 100.6141922, 1.4965045 ], [ 100.6140581, 1.4963558 ], [ 100.6140286, 1.4962876 ], [ 100.6139768, 1.4962612 ], [ 100.6139193, 1.4961985 ], [ 100.6138591, 1.4961711 ], [ 100.6138182, 1.4961318 ], [ 100.6138116, 1.4961265 ], [ 100.6136147, 1.4959894 ], [ 100.6135137, 1.4959074 ], [ 100.6133296, 1.4957566 ], [ 100.6130708, 1.4955428 ], [ 100.612706, 1.495211 ], [ 100.6120822, 1.4945922 ], [ 100.6117922, 1.4942705 ], [ 100.6115462, 1.494009 ], [ 100.6112173, 1.4937194 ], [ 100.6111475, 1.4936546 ], [ 100.6111541, 1.4935306 ], [ 100.6111671, 1.4933179 ] ] ] } },
{ "type": "Feature", "properties": { "Name": "polygon", "description": null, "timestamp": null, "begin": null, "end": null }, "geometry": { "type": "Polygon", "coordinates": [ [ [ 100.5976529, 1.4784509 ], [ 100.5975605, 1.478408 ], [ 100.5978673, 1.4765023 ], [ 100.5978494, 1.4760734 ], [ 100.5977914, 1.4761012 ], [ 100.5977241, 1.4761054 ], [ 100.5975152, 1.4761227 ], [ 100.597301, 1.4761229 ], [ 100.5971387, 1.4761473 ], [ 100.5969149, 1.4761703 ], [ 100.5967375, 1.4761828 ], [ 100.5965866, 1.4761859 ], [ 100.596542, 1.4761014 ], [ 100.596571, 1.4759178 ], [ 100.5966009, 1.4757463 ], [ 100.596586, 1.4756118 ], [ 100.5965664, 1.4754973 ], [ 100.5965714, 1.4753917 ], [ 100.5965891, 1.4753124 ], [ 100.5965767, 1.4751998 ], [ 100.5965768, 1.4750548 ], [ 100.5966297, 1.4749093 ], [ 100.5966306, 1.4749007 ], [ 100.5966373, 1.4748726 ], [ 100.5966496, 1.4748565 ], [ 100.5966545, 1.4748449 ], [ 100.596662, 1.4747373 ], [ 100.5966788, 1.474639 ], [ 100.5967141, 1.4744968 ], [ 100.596734, 1.4743546 ], [ 100.5967404, 1.4742997 ], [ 100.5967534, 1.4742257 ], [ 100.5967972, 1.4742095 ], [ 100.5968568, 1.4741863 ], [ 100.5968917, 1.4741777 ], [ 100.5969788, 1.4741587 ], [ 100.5970505, 1.4741214 ], [ 100.5971118, 1.4740982 ], [ 100.5972977, 1.4740358 ], [ 100.5973501, 1.4739971 ], [ 100.5973982, 1.4739817 ], [ 100.5974385, 1.4739572 ], [ 100.5974548, 1.4739441 ], [ 100.5974791, 1.4739302 ], [ 100.5974775, 1.4739334 ], [ 100.5974766, 1.4739205 ], [ 100.597466, 1.4738136 ], [ 100.5974351, 1.4736215 ], [ 100.5974248, 1.4734936 ], [ 100.5974104, 1.4733801 ], [ 100.5973906, 1.4732761 ], [ 100.5974038, 1.4731922 ], [ 100.5974647, 1.4731747 ], [ 100.597521, 1.4731554 ], [ 100.5975983, 1.4731286 ], [ 100.5980461, 1.472962 ], [ 100.5981031, 1.4729483 ], [ 100.5982008, 1.4729066 ], [ 100.5983794, 1.4728352 ], [ 100.5983674, 1.4728374 ], [ 100.598367, 1.4728367 ], [ 100.5984545, 1.4728029 ], [ 100.5985168, 1.4727636 ], [ 100.5985109, 1.4722329 ], [ 100.599229, 1.4721726 ], [ 100.5990731, 1.4730658 ], [ 100.5989608, 1.4739041 ], [ 100.5987597, 1.4749843 ], [ 100.598643, 1.4762003 ], [ 100.5984328, 1.477436 ], [ 100.5982428, 1.478551 ], [ 100.5980368, 1.4785263 ], [ 100.5978641, 1.4785266 ], [ 100.5976529, 1.4784509 ] ] ] } },
{ "type": "Feature", "properties": { "Name": "polygon", "description": null, "timestamp": null, "begin": null, "end": null }, "geometry": { "type": "Polygon", "coordinates": [ [ [ 100.567596, 1.5020152 ], [ 100.5676164, 1.5019798 ], [ 100.567636, 1.5019065 ], [ 100.5676906, 1.501735 ], [ 100.5677246, 1.5016552 ], [ 100.5677506, 1.5015952 ], [ 100.5679722, 1.5013709 ], [ 100.568079, 1.5013119 ], [ 100.5681764, 1.501275 ], [ 100.5682601, 1.5012854 ], [ 100.5683554, 1.5012999 ], [ 100.5683648, 1.5013034 ], [ 100.5684512, 1.5013327 ], [ 100.5686197, 1.5014779 ], [ 100.5689632, 1.5017453 ], [ 100.5692655, 1.5019986 ], [ 100.569372, 1.5020852 ], [ 100.5694609, 1.5021426 ], [ 100.5695293, 1.5022008 ], [ 100.5696121, 1.5022733 ], [ 100.5696755, 1.50233 ], [ 100.5697867, 1.5024633 ], [ 100.5697801, 1.5024774 ], [ 100.5697724, 1.5024872 ], [ 100.569751, 1.5025124 ], [ 100.5696765, 1.502594 ], [ 100.569561, 1.5027352 ], [ 100.5694314, 1.5028757 ], [ 100.5693185, 1.5030169 ], [ 100.5692117, 1.5031346 ], [ 100.5691253, 1.5032218 ], [ 100.5691106, 1.5032309 ], [ 100.569058, 1.503185 ], [ 100.5689218, 1.5030751 ], [ 100.5688472, 1.5030083 ], [ 100.5685848, 1.5028175 ], [ 100.5684965, 1.5027473 ], [ 100.5683888, 1.5026503 ], [ 100.5681617, 1.502469 ], [ 100.5681209, 1.5024435 ], [ 100.5679333, 1.5023225 ], [ 100.56785, 1.5022568 ], [ 100.5677452, 1.5021732 ], [ 100.56765, 1.5020779 ], [ 100.5676024, 1.5020208 ], [ 100.5675973, 1.5020182 ], [ 100.567596, 1.5020152 ] ] ] } },
{ "type": "Feature", "properties": { "Name": "polygon", "description": null, "timestamp": null, "begin": null, "end": null }, "geometry": { "type": "Polygon", "coordinates": [ [ [ 100.6035904, 1.4771007 ], [ 100.6035904, 1.4771007 ], [ 100.6036153, 1.4770791 ], [ 100.6036835, 1.4770528 ], [ 100.6037661, 1.4770278 ], [ 100.6037906, 1.4770445 ], [ 100.6038026, 1.4771283 ], [ 100.6038181, 1.4773736 ], [ 100.6038261, 1.4776698 ], [ 100.6038107, 1.4777496 ], [ 100.6037841, 1.4779885 ], [ 100.6037719, 1.4781874 ], [ 100.6037966, 1.4783084 ], [ 100.603814, 1.4784206 ], [ 100.6038144, 1.4785029 ], [ 100.6038268, 1.478736 ], [ 100.6038701, 1.4789037 ], [ 100.6038828, 1.4789683 ], [ 100.6038884, 1.4790714 ], [ 100.6039163, 1.4791462 ], [ 100.6039442, 1.4792352 ], [ 100.6039786, 1.4793285 ], [ 100.6039904, 1.479416 ], [ 100.6040194, 1.4795305 ], [ 100.6040414, 1.4796148 ], [ 100.6040755, 1.4796702 ], [ 100.6041012, 1.4797738 ], [ 100.6041144, 1.479877 ], [ 100.6041287, 1.4799881 ], [ 100.6041614, 1.4801012 ], [ 100.604168, 1.4801361 ], [ 100.6041801, 1.480235 ], [ 100.6041941, 1.4803146 ], [ 100.6042018, 1.4803987 ], [ 100.6041975, 1.4805187 ], [ 100.604179, 1.4806857 ], [ 100.6041789, 1.4808722 ], [ 100.6041792, 1.4809306 ], [ 100.6041853, 1.4809934 ], [ 100.6041792, 1.4810291 ], [ 100.6041761, 1.4810815 ], [ 100.6041671, 1.4811592 ], [ 100.6041659, 1.4813771 ], [ 100.604137, 1.4814003 ], [ 100.6040388, 1.4814086 ], [ 100.6039775, 1.4813897 ], [ 100.6039658, 1.4813721 ], [ 100.603914, 1.4813462 ], [ 100.603914, 1.4813462 ], [ 100.6038463, 1.4813151 ], [ 100.6038004, 1.4812938 ], [ 100.6037384, 1.4812643 ], [ 100.6037037, 1.4812394 ], [ 100.603629, 1.4812014 ], [ 100.603573, 1.4811773 ], [ 100.6035155, 1.4811483 ], [ 100.6034072, 1.4802304 ], [ 100.6033994, 1.4801309 ], [ 100.6033715, 1.4800081 ], [ 100.6033627, 1.4799314 ], [ 100.6033538, 1.4798999 ], [ 100.6033518, 1.4798434 ], [ 100.6033596, 1.4797621 ], [ 100.6033442, 1.4796611 ], [ 100.6033207, 1.4795508 ], [ 100.6032613, 1.4790797 ], [ 100.6031592, 1.4784583 ], [ 100.6031525, 1.4783992 ], [ 100.6031496, 1.4783684 ], [ 100.6031503, 1.4783582 ], [ 100.6031395, 1.4782791 ], [ 100.6031287, 1.4782153 ], [ 100.6031125, 1.4781258 ], [ 100.6031047, 1.4780739 ], [ 100.6031051, 1.4780681 ], [ 100.6030984, 1.4780357 ], [ 100.6030938, 1.4779868 ], [ 100.603081, 1.4778922 ], [ 100.6030783, 1.4778874 ], [ 100.6030576, 1.4778194 ], [ 100.6030509, 1.4777911 ], [ 100.603011, 1.4776122 ], [ 100.6030016, 1.4775317 ], [ 100.6029733, 1.4773283 ], [ 100.6030612, 1.4773045 ], [ 100.6031964, 1.4772777 ], [ 100.6032732, 1.4772552 ], [ 100.603414, 1.477187 ], [ 100.6034973, 1.4771446 ], [ 100.6035904, 1.4771007 ] ] ] } },
{ "type": "Feature", "properties": { "Name": "polygon", "description": null, "timestamp": null, "begin": null, "end": null }, "geometry": { "type": "Polygon", "coordinates": [ [ [ 100.6041857, 1.4813052 ], [ 100.6041763, 1.4813066 ], [ 100.6041659, 1.4811748 ], [ 100.6041402, 1.4806066 ], [ 100.6039896, 1.4795885 ], [ 100.6039207, 1.4793091 ], [ 100.6038881, 1.4791835 ], [ 100.6038354, 1.4789737 ], [ 100.603815, 1.4788534 ], [ 100.6038439, 1.4782838 ], [ 100.603852, 1.4772337 ], [ 100.6038699, 1.4771628 ], [ 100.6039097, 1.4769218 ], [ 100.6043598, 1.4769261 ], [ 100.6046093, 1.4769452 ], [ 100.6049058, 1.4770643 ], [ 100.604899, 1.477356 ], [ 100.6050178, 1.4776622 ], [ 100.6050359, 1.4777217 ], [ 100.60505, 1.4777606 ], [ 100.6051415, 1.4780412 ], [ 100.6051513, 1.4781189 ], [ 100.6051807, 1.4784552 ], [ 100.6051808, 1.4784998 ], [ 100.6051509, 1.4786913 ], [ 100.6051482, 1.4787003 ], [ 100.6051396, 1.4787316 ], [ 100.6050821, 1.4789579 ], [ 100.6049493, 1.4792135 ], [ 100.6049146, 1.4792727 ], [ 100.6048538, 1.4793477 ], [ 100.6047545, 1.4794936 ], [ 100.6046117, 1.4797797 ], [ 100.6046013, 1.4798813 ], [ 100.6046028, 1.4799479 ], [ 100.6046116, 1.4799868 ], [ 100.6046391, 1.4800278 ], [ 100.6046862, 1.4800974 ], [ 100.604728, 1.4801501 ], [ 100.6047897, 1.4802251 ], [ 100.6048624, 1.4803168 ], [ 100.6049873, 1.4804707 ], [ 100.6054218, 1.4810676 ], [ 100.6055191, 1.4809768 ], [ 100.6055775, 1.4809552 ], [ 100.6056347, 1.4810913 ], [ 100.6056626, 1.4811928 ], [ 100.6058419, 1.4817714 ], [ 100.6058254, 1.4817723 ], [ 100.6057652, 1.4818289 ], [ 100.6052605, 1.4820724 ], [ 100.6049965, 1.4821698 ], [ 100.6049443, 1.4820967 ], [ 100.6048795, 1.4819523 ], [ 100.6048255, 1.4815868 ], [ 100.6048173, 1.4815046 ], [ 100.6048286, 1.481454 ], [ 100.6044707, 1.4814037 ], [ 100.6041884, 1.481362 ], [ 100.6041437, 1.4813651 ], [ 100.6041381, 1.481372 ], [ 100.6041392, 1.4813779 ], [ 100.6041339, 1.4813794 ], [ 100.6041857, 1.4813052 ] ] ] } },
{ "type": "Feature", "properties": { "Name": "polygon", "description": null, "timestamp": null, "begin": null, "end": null }, "geometry": { "type": "Polygon", "coordinates": [ [ [ 100.5610936, 1.5140828 ], [ 100.561076, 1.5139884 ], [ 100.5610733, 1.5139824 ], [ 100.5610839, 1.5135305 ], [ 100.5610941, 1.5134217 ], [ 100.5611014, 1.5133161 ], [ 100.5611102, 1.5132183 ], [ 100.561126, 1.5131374 ], [ 100.5611682, 1.5131068 ], [ 100.5614239, 1.5129609 ], [ 100.5613824, 1.5141482 ], [ 100.5613332, 1.5141438 ], [ 100.5611689, 1.5141044 ], [ 100.5610933, 1.5140847 ], [ 100.5610936, 1.5140828 ] ] ] } },
{ "type": "Feature", "properties": { "Name": "polygon", "description": null, "timestamp": null, "begin": null, "end": null }, "geometry": { "type": "Polygon", "coordinates": [ [ [ 100.6119972, 1.4823651 ], [ 100.6120123, 1.4824022 ], [ 100.611957, 1.4823967 ], [ 100.6118737, 1.4824288 ], [ 100.6118139, 1.4824478 ], [ 100.6117637, 1.4824784 ], [ 100.611658, 1.4825289 ], [ 100.611584, 1.4825623 ], [ 100.6114942, 1.4826049 ], [ 100.611479, 1.4826182 ], [ 100.6113561, 1.4826552 ], [ 100.611277, 1.4826645 ], [ 100.6111974, 1.4826749 ], [ 100.6110898, 1.4826944 ], [ 100.6110125, 1.4827073 ], [ 100.6109368, 1.4827266 ], [ 100.6108408, 1.4827495 ], [ 100.6108096, 1.4827608 ], [ 100.6106858, 1.4827954 ], [ 100.6106149, 1.4828116 ], [ 100.6105237, 1.4828467 ], [ 100.6104708, 1.4828619 ], [ 100.6103662, 1.4828988 ], [ 100.6102274, 1.4829592 ], [ 100.6101147, 1.4830105 ], [ 100.6100849, 1.4830142 ], [ 100.6099832, 1.4830416 ], [ 100.6098896, 1.4830599 ], [ 100.6097884, 1.4831002 ], [ 100.6097351, 1.4831111 ], [ 100.6096687, 1.4831595 ], [ 100.6096146, 1.4832023 ], [ 100.6095504, 1.4832446 ], [ 100.609468, 1.483327 ], [ 100.6093938, 1.4833869 ], [ 100.6093197, 1.483473 ], [ 100.6092427, 1.4835371 ], [ 100.6091995, 1.4835862 ], [ 100.6091753, 1.483616 ], [ 100.6091609, 1.4836331 ], [ 100.6091336, 1.4836377 ], [ 100.6090836, 1.4835558 ], [ 100.609066, 1.4835343 ], [ 100.6089763, 1.4834222 ], [ 100.6089655, 1.4834027 ], [ 100.6089381, 1.4833764 ], [ 100.6088769, 1.4832579 ], [ 100.6088031, 1.4831881 ], [ 100.6087623, 1.4831415 ], [ 100.608696, 1.4830758 ], [ 100.608639, 1.4830183 ], [ 100.608588, 1.4829426 ], [ 100.6085428, 1.4828585 ], [ 100.608494, 1.4827834 ], [ 100.6084719, 1.4827484 ], [ 100.6084121, 1.4826717 ], [ 100.6083521, 1.4826101 ], [ 100.6084164, 1.4825727 ], [ 100.6085051, 1.4825174 ], [ 100.6085763, 1.482484 ], [ 100.6086327, 1.4824691 ], [ 100.6086791, 1.4824561 ], [ 100.6087677, 1.482402 ], [ 100.6088607, 1.4823861 ], [ 100.6089474, 1.4823413 ], [ 100.609065, 1.4823283 ], [ 100.6091577, 1.482296 ], [ 100.6092246, 1.4822494 ], [ 100.6092608, 1.482247 ], [ 100.6093921, 1.482211 ], [ 100.6094239, 1.4822028 ], [ 100.6094957, 1.4821741 ], [ 100.6095213, 1.4821502 ], [ 100.6096038, 1.4821197 ], [ 100.6096784, 1.4820875 ], [ 100.6097621, 1.4820496 ], [ 100.6098695, 1.4820209 ], [ 100.6099858, 1.4819759 ], [ 100.61006, 1.4819459 ], [ 100.6101876, 1.4818974 ], [ 100.6102055, 1.4818932 ], [ 100.6102958, 1.4819137 ], [ 100.6104421, 1.4818906 ], [ 100.6105191, 1.4818928 ], [ 100.6105961, 1.4818897 ], [ 100.6107179, 1.4819059 ], [ 100.6108013, 1.4819149 ], [ 100.6109452, 1.4819661 ], [ 100.6110536, 1.4819819 ], [ 100.6111604, 1.4820031 ], [ 100.611242, 1.4820159 ], [ 100.6113759, 1.4820393 ], [ 100.6114958, 1.4820556 ], [ 100.6116021, 1.4820808 ], [ 100.6116085, 1.4820823 ], [ 100.6116984, 1.4821199 ], [ 100.6118001, 1.482145 ], [ 100.611885, 1.4821869 ], [ 100.6119632, 1.4822111 ], [ 100.6119377, 1.4822224 ], [ 100.6119972, 1.4823651 ] ] ] } },
{ "type": "Feature", "properties": { "Name": "Polygon", "description": null, "timestamp": null, "begin": null, "end": null }, "geometry": { "type": "Polygon", "coordinates": [ [ [ 100.636808, 1.4774947 ], [ 100.6366565, 1.4772596 ], [ 100.6366773, 1.4771357 ], [ 100.6367221, 1.4770116 ], [ 100.6368334, 1.4766982 ], [ 100.6369549, 1.4764489 ], [ 100.6369857, 1.4763438 ], [ 100.6369625, 1.4762628 ], [ 100.6363993, 1.4760894 ], [ 100.6363392, 1.4761152 ], [ 100.636286, 1.476278 ], [ 100.6362159, 1.4766022 ], [ 100.6361567, 1.4769063 ], [ 100.6359902, 1.4773575 ], [ 100.6357404, 1.477946 ], [ 100.6355265, 1.4784117 ], [ 100.635386, 1.478667 ], [ 100.6350507, 1.4793234 ], [ 100.6348241, 1.4799056 ], [ 100.6347033, 1.4802411 ], [ 100.6346738, 1.4803429 ], [ 100.6346251, 1.4804775 ], [ 100.6345892, 1.4806208 ], [ 100.6345451, 1.4808344 ], [ 100.6345069, 1.4810105 ], [ 100.634482, 1.4811759 ], [ 100.6344685, 1.4813197 ], [ 100.6344415, 1.4815071 ], [ 100.6344531, 1.4816855 ], [ 100.6344211, 1.4818497 ], [ 100.6344091, 1.4820072 ], [ 100.6344042, 1.4821943 ], [ 100.6344272, 1.4823589 ], [ 100.6344436, 1.4825417 ], [ 100.6344821, 1.4826542 ], [ 100.6345246, 1.4826665 ], [ 100.6346303, 1.4827127 ], [ 100.6347365, 1.4827748 ], [ 100.6348247, 1.4828177 ], [ 100.6349395, 1.4828627 ], [ 100.6349624, 1.4828763 ], [ 100.6350593, 1.4829076 ], [ 100.6351111, 1.4829181 ], [ 100.6352075, 1.4829333 ], [ 100.6353375, 1.4830048 ], [ 100.6353305, 1.4830428 ], [ 100.6353052, 1.483098 ], [ 100.6352478, 1.4832087 ], [ 100.63517, 1.4833649 ], [ 100.6349778, 1.4837017 ], [ 100.6349312, 1.4838164 ], [ 100.6348406, 1.4839454 ], [ 100.6347409, 1.4840558 ], [ 100.634624, 1.4842052 ], [ 100.6344882, 1.4843458 ], [ 100.6343558, 1.484483 ], [ 100.6342262, 1.4845932 ], [ 100.6336226, 1.4856656 ], [ 100.6335355, 1.4859421 ], [ 100.6335053, 1.4860423 ], [ 100.6334267, 1.4862719 ], [ 100.6333685, 1.4864594 ], [ 100.6333642, 1.4864741 ], [ 100.6332394, 1.4867783 ], [ 100.633069, 1.4873452 ], [ 100.6328893, 1.4878757 ], [ 100.632787, 1.4882039 ], [ 100.6327428, 1.4883844 ], [ 100.6326251, 1.4886889 ], [ 100.6324433, 1.4891501 ], [ 100.6320932, 1.4896612 ], [ 100.6317884, 1.4899902 ], [ 100.6317942, 1.4900048 ], [ 100.6317713, 1.4901057 ], [ 100.6315987, 1.4901538 ], [ 100.6316461, 1.4899605 ], [ 100.63166, 1.4899222 ], [ 100.6317093, 1.4896754 ], [ 100.6317072, 1.4894794 ], [ 100.6316911, 1.4892586 ], [ 100.631673, 1.4890592 ], [ 100.6316279, 1.4889051 ], [ 100.6315155, 1.488848 ], [ 100.631427, 1.4887977 ], [ 100.6314275, 1.4886903 ], [ 100.631434, 1.4886305 ], [ 100.6314559, 1.4885698 ], [ 100.6314761, 1.4884604 ], [ 100.6314943, 1.4883156 ], [ 100.6314994, 1.4881966 ], [ 100.6314859, 1.4881916 ], [ 100.6314083, 1.4881782 ], [ 100.6309871, 1.4881165 ], [ 100.6305546, 1.4880211 ], [ 100.6305179, 1.4880139 ], [ 100.6301334, 1.4879186 ], [ 100.6301464, 1.4878639 ], [ 100.6301968, 1.48777 ], [ 100.6302146, 1.4876741 ], [ 100.6302377, 1.4875942 ], [ 100.6302749, 1.4875333 ], [ 100.6303317, 1.4874231 ], [ 100.6303653, 1.4873395 ], [ 100.6304198, 1.4872645 ], [ 100.6305053, 1.4871225 ], [ 100.6305246, 1.4870773 ], [ 100.6305297, 1.4870167 ], [ 100.6304979, 1.4869208 ], [ 100.6304658, 1.486811 ], [ 100.6304349, 1.4866735 ], [ 100.6303795, 1.4865397 ], [ 100.6303951, 1.4864346 ], [ 100.6303897, 1.4863528 ], [ 100.6302099, 1.4863035 ], [ 100.6300098, 1.4862729 ], [ 100.6299398, 1.4862625 ], [ 100.6298962, 1.4861928 ], [ 100.6299769, 1.4857582 ], [ 100.6299604, 1.4852103 ], [ 100.6298556, 1.4850202 ], [ 100.6297823, 1.4848433 ], [ 100.6297526, 1.4843522 ], [ 100.6296584, 1.4839699 ], [ 100.6296294, 1.4839175 ], [ 100.6295828, 1.483734 ], [ 100.6297004, 1.483669 ], [ 100.6300164, 1.48366 ], [ 100.6299927, 1.4835772 ], [ 100.6299687, 1.4834046 ], [ 100.6298385, 1.4831075 ], [ 100.6296881, 1.4826198 ], [ 100.629672, 1.4824822 ], [ 100.6296542, 1.4821744 ], [ 100.6296211, 1.4817019 ], [ 100.6296569, 1.481243 ], [ 100.6296813, 1.4808871 ], [ 100.6297072, 1.4803509 ], [ 100.6297154, 1.4802692 ], [ 100.6296886, 1.480125 ], [ 100.6295458, 1.4800606 ], [ 100.6289482, 1.479962 ], [ 100.6287613, 1.4798323 ], [ 100.6288317, 1.4794331 ], [ 100.6289393, 1.4788862 ], [ 100.6290058, 1.4785295 ], [ 100.6291464, 1.4783488 ], [ 100.6293338, 1.4779427 ], [ 100.6296288, 1.4775606 ], [ 100.6297169, 1.4772399 ], [ 100.6297828, 1.4771209 ], [ 100.6297841, 1.4771063 ], [ 100.629866, 1.477071 ], [ 100.6298226, 1.477047 ], [ 100.6298418, 1.477042 ], [ 100.6299307, 1.4770497 ], [ 100.6299624, 1.4770424 ], [ 100.6302079, 1.4770254 ], [ 100.6303205, 1.4769949 ], [ 100.63049, 1.4770166 ], [ 100.6306039, 1.4770093 ], [ 100.6308716, 1.4769939 ], [ 100.6310068, 1.4770007 ], [ 100.6310846, 1.4769631 ], [ 100.6312912, 1.4769392 ], [ 100.6315425, 1.4769963 ], [ 100.6316694, 1.4770406 ], [ 100.63186, 1.477205 ], [ 100.6320562, 1.4773435 ], [ 100.6321949, 1.4773294 ], [ 100.6323075, 1.4772504 ], [ 100.632408, 1.4771918 ], [ 100.6325513, 1.4771177 ], [ 100.6327164, 1.4770405 ], [ 100.6328116, 1.4770009 ], [ 100.6328897, 1.4769644 ], [ 100.632983, 1.4769243 ], [ 100.6330698, 1.4768773 ], [ 100.6331318, 1.4768322 ], [ 100.633197, 1.4767787 ], [ 100.6331997, 1.4767219 ], [ 100.6332141, 1.476681 ], [ 100.6332214, 1.4766396 ], [ 100.6332504, 1.4765712 ], [ 100.6332431, 1.4764692 ], [ 100.6332549, 1.4763489 ], [ 100.633285, 1.4762063 ], [ 100.6332649, 1.4760543 ], [ 100.633269, 1.475883 ], [ 100.6332988, 1.4757806 ], [ 100.6333192, 1.4756771 ], [ 100.6333343, 1.4755482 ], [ 100.6333398, 1.475385 ], [ 100.6333627, 1.4752467 ], [ 100.6333846, 1.4751228 ], [ 100.6334048, 1.4749133 ], [ 100.6334332, 1.4746819 ], [ 100.6334392, 1.4745054 ], [ 100.6334088, 1.4742855 ], [ 100.6334034, 1.4741286 ], [ 100.6334193, 1.4740201 ], [ 100.6334307, 1.4740194 ], [ 100.6336606, 1.4740229 ], [ 100.6338709, 1.4740361 ], [ 100.6340601, 1.4740659 ], [ 100.6342816, 1.4740838 ], [ 100.6344416, 1.474094 ], [ 100.6344864, 1.4738729 ], [ 100.6344967, 1.4736387 ], [ 100.6344903, 1.4733853 ], [ 100.63455, 1.4731279 ], [ 100.6345624, 1.4729931 ], [ 100.6345705, 1.4727923 ], [ 100.6345723, 1.4726732 ], [ 100.6345687, 1.4724727 ], [ 100.634581, 1.4722602 ], [ 100.6345871, 1.4720692 ], [ 100.6345971, 1.4718251 ], [ 100.6346599, 1.4715683 ], [ 100.6346575, 1.471377 ], [ 100.6346644, 1.4711436 ], [ 100.6346934, 1.4709405 ], [ 100.6347717, 1.4708964 ], [ 100.6350069, 1.4709218 ], [ 100.6351838, 1.47093 ], [ 100.6354514, 1.4709384 ], [ 100.6356337, 1.4709474 ], [ 100.635819, 1.4709554 ], [ 100.635902, 1.4709329 ], [ 100.6358889, 1.4708576 ], [ 100.6359342, 1.4706617 ], [ 100.6359277, 1.4705861 ], [ 100.6359098, 1.4704126 ], [ 100.63588, 1.4702499 ], [ 100.6358921, 1.4702379 ], [ 100.6359729, 1.4702012 ], [ 100.6360795, 1.470208 ], [ 100.6361456, 1.4701716 ], [ 100.6362502, 1.4702026 ], [ 100.6363248, 1.4701854 ], [ 100.6363375, 1.4701769 ], [ 100.6365076, 1.4701582 ], [ 100.6366724, 1.4701733 ], [ 100.6366833, 1.4701875 ], [ 100.636666, 1.4702406 ], [ 100.6366506, 1.4702909 ], [ 100.6366395, 1.4703575 ], [ 100.6366265, 1.4704441 ], [ 100.6366028, 1.4704844 ], [ 100.6365607, 1.4706595 ], [ 100.6365617, 1.4707996 ], [ 100.6365661, 1.4709829 ], [ 100.6365721, 1.4711184 ], [ 100.6365486, 1.4712354 ], [ 100.6365599, 1.4713372 ], [ 100.6365557, 1.4714087 ], [ 100.6365589, 1.4714879 ], [ 100.6365437, 1.4716133 ], [ 100.6365257, 1.471755 ], [ 100.636523, 1.4718731 ], [ 100.6365397, 1.471994 ], [ 100.6365516, 1.4721125 ], [ 100.6365749, 1.4722598 ], [ 100.636579, 1.4723777 ], [ 100.6365791, 1.4725106 ], [ 100.6366149, 1.472596 ], [ 100.6366424, 1.4726715 ], [ 100.6367042, 1.4726624 ], [ 100.6368442, 1.4726377 ], [ 100.636926, 1.4726147 ], [ 100.6369986, 1.4725753 ], [ 100.6370616, 1.4725747 ], [ 100.6371867, 1.4725742 ], [ 100.6372887, 1.4725622 ], [ 100.6374282, 1.4725132 ], [ 100.637456, 1.4725633 ], [ 100.6374659, 1.4726582 ], [ 100.6374772, 1.4727116 ], [ 100.637498, 1.4728737 ], [ 100.6375326, 1.4729654 ], [ 100.637581, 1.4731342 ], [ 100.6376332, 1.4732694 ], [ 100.6376851, 1.4734279 ], [ 100.6377464, 1.4736273 ], [ 100.637833, 1.4737786 ], [ 100.6378661, 1.4739384 ], [ 100.6379331, 1.4741244 ], [ 100.6379616, 1.4742727 ], [ 100.6379931, 1.4744478 ], [ 100.6380262, 1.4746056 ], [ 100.6380429, 1.4746948 ], [ 100.6380693, 1.4748518 ], [ 100.6381212, 1.4750548 ], [ 100.6382007, 1.4752766 ], [ 100.6382786, 1.4755061 ], [ 100.6383201, 1.4756548 ], [ 100.6383877, 1.4758578 ], [ 100.6384297, 1.4760574 ], [ 100.6384906, 1.4762114 ], [ 100.6385267, 1.4763653 ], [ 100.638592, 1.4765577 ], [ 100.6385967, 1.4766535 ], [ 100.6385062, 1.4767101 ], [ 100.6383549, 1.4767655 ], [ 100.6381855, 1.47681 ], [ 100.6379833, 1.4768427 ], [ 100.6378127, 1.4768892 ], [ 100.6376633, 1.4769431 ], [ 100.6376004, 1.476988 ], [ 100.6375409, 1.4770471 ], [ 100.6374771, 1.4771043 ], [ 100.6373779, 1.4772554 ], [ 100.6372362, 1.4773671 ], [ 100.6371031, 1.4774989 ], [ 100.6369794, 1.4776648 ], [ 100.6369409, 1.4777196 ], [ 100.6369212, 1.4777589 ], [ 100.6368762, 1.4776951 ], [ 100.6367975, 1.4774843 ], [ 100.636808, 1.4774947 ] ] ] } },
{ "type": "Feature", "properties": { "Name": "polygon", "description": null, "timestamp": null, "begin": null, "end": null }, "geometry": { "type": "Polygon", "coordinates": [ [ [ 100.5968285, 1.496384 ], [ 100.5968263, 1.4963271 ], [ 100.5968315, 1.496247 ], [ 100.5968301, 1.4961746 ], [ 100.5968274, 1.4960949 ], [ 100.5968327, 1.4960062 ], [ 100.5968269, 1.4959254 ], [ 100.5968306, 1.495862 ], [ 100.596854, 1.4958383 ], [ 100.5968701, 1.4958001 ], [ 100.5968705, 1.4957308 ], [ 100.5968735, 1.4956173 ], [ 100.596876, 1.4955387 ], [ 100.5968668, 1.4954764 ], [ 100.5968905, 1.4954278 ], [ 100.5968701, 1.4953795 ], [ 100.5969462, 1.4953557 ], [ 100.5971023, 1.4953408 ], [ 100.5972756, 1.4953328 ], [ 100.5975167, 1.4953217 ], [ 100.5977227, 1.4953106 ], [ 100.5979614, 1.4953107 ], [ 100.5982001, 1.495316 ], [ 100.5984447, 1.4953315 ], [ 100.5985333, 1.4953252 ], [ 100.5986807, 1.4952952 ], [ 100.5988195, 1.4953034 ], [ 100.5988571, 1.4953152 ], [ 100.5988252, 1.4952827 ], [ 100.5988219, 1.4952869 ], [ 100.5989423, 1.4953552 ], [ 100.5989952, 1.4953661 ], [ 100.5990405, 1.495405 ], [ 100.5990965, 1.495507 ], [ 100.5991088, 1.4955265 ], [ 100.5991073, 1.4956148 ], [ 100.5991154, 1.4957059 ], [ 100.5991654, 1.4957607 ], [ 100.5991803, 1.4957905 ], [ 100.5992155, 1.4958882 ], [ 100.599229, 1.495902 ], [ 100.5992422, 1.4959362 ], [ 100.5992859, 1.496082 ], [ 100.5993066, 1.4961311 ], [ 100.5993101, 1.4961422 ], [ 100.5993539, 1.4962939 ], [ 100.5993653, 1.4963431 ], [ 100.5983846, 1.4965772 ], [ 100.5983334, 1.4964943 ], [ 100.5982438, 1.4964545 ], [ 100.5981582, 1.4964378 ], [ 100.5980762, 1.4964367 ], [ 100.5979644, 1.4964369 ], [ 100.5978473, 1.4964349 ], [ 100.5977628, 1.4964284 ], [ 100.5976652, 1.4964209 ], [ 100.5975708, 1.4964235 ], [ 100.5974595, 1.4964171 ], [ 100.5973516, 1.4964291 ], [ 100.5972673, 1.4964291 ], [ 100.5971547, 1.4964195 ], [ 100.5971035, 1.4964167 ], [ 100.596998, 1.4964053 ], [ 100.5969144, 1.4963965 ], [ 100.5968943, 1.496401 ], [ 100.5968612, 1.4963879 ], [ 100.5968285, 1.496384 ] ] ] } },
{ "type": "Feature", "properties": { "Name": "polygon", "description": null, "timestamp": null, "begin": null, "end": null }, "geometry": { "type": "Polygon", "coordinates": [ [ [ 100.5930556, 1.5018758 ], [ 100.5929564, 1.5018087 ], [ 100.5925369, 1.5015151 ], [ 100.5922774, 1.5014159 ], [ 100.5920096, 1.5014463 ], [ 100.5914339, 1.5014662 ], [ 100.5907703, 1.501525 ], [ 100.5902923, 1.5015335 ], [ 100.5902638, 1.5015269 ], [ 100.5902266, 1.501482 ], [ 100.5902373, 1.5014437 ], [ 100.5902462, 1.5013734 ], [ 100.5902586, 1.5013466 ], [ 100.5903696, 1.5012015 ], [ 100.5904777, 1.501086 ], [ 100.5906523, 1.5009223 ], [ 100.5909504, 1.5006432 ], [ 100.5910863, 1.5005415 ], [ 100.5913301, 1.5004668 ], [ 100.5914951, 1.5004429 ], [ 100.5916946, 1.5003583 ], [ 100.5918961, 1.5001716 ], [ 100.5919474, 1.5000617 ], [ 100.5921218, 1.4994247 ], [ 100.5921675, 1.49925 ], [ 100.5921814, 1.4991429 ], [ 100.5920582, 1.4989177 ], [ 100.5919679, 1.4988519 ], [ 100.591482, 1.4984662 ], [ 100.5913745, 1.4981069 ], [ 100.5914436, 1.4977822 ], [ 100.5915531, 1.4970315 ], [ 100.5916236, 1.4965424 ], [ 100.5916586, 1.4965205 ], [ 100.5916914, 1.4965304 ], [ 100.5917763, 1.4965737 ], [ 100.5922455, 1.496837 ], [ 100.5925385, 1.4970042 ], [ 100.5927258, 1.4971449 ], [ 100.5931595, 1.4974495 ], [ 100.5934245, 1.4976531 ], [ 100.5938011, 1.4979102 ], [ 100.594183, 1.49816 ], [ 100.5943448, 1.498287 ], [ 100.5948968, 1.4986394 ], [ 100.5949538, 1.4986699 ], [ 100.5954289, 1.4990045 ], [ 100.59553, 1.4990764 ], [ 100.5957608, 1.4993026 ], [ 100.5958127, 1.4993779 ], [ 100.5958873, 1.4994409 ], [ 100.595795, 1.4994828 ], [ 100.5956788, 1.4995763 ], [ 100.5955365, 1.4996445 ], [ 100.5953905, 1.4997287 ], [ 100.5952693, 1.4997825 ], [ 100.5951156, 1.4998505 ], [ 100.594999, 1.4999535 ], [ 100.5949236, 1.500038 ], [ 100.5948079, 1.5001519 ], [ 100.5947454, 1.5002064 ], [ 100.5947649, 1.5002783 ], [ 100.5947057, 1.500337 ], [ 100.5946359, 1.5003918 ], [ 100.5945468, 1.5004773 ], [ 100.5944893, 1.5005444 ], [ 100.5944657, 1.500571 ], [ 100.5944198, 1.5006424 ], [ 100.5943032, 1.5007103 ], [ 100.5942016, 1.5007918 ], [ 100.5941404, 1.5009212 ], [ 100.5940933, 1.5009906 ], [ 100.5940531, 1.5010528 ], [ 100.5940209, 1.5010915 ], [ 100.5939749, 1.5011389 ], [ 100.5938941, 1.5011638 ], [ 100.5938641, 1.5012154 ], [ 100.5938934, 1.5012475 ], [ 100.5938433, 1.5012915 ], [ 100.5938132, 1.5013684 ], [ 100.5937364, 1.5014924 ], [ 100.5936218, 1.5016537 ], [ 100.59352, 1.5017728 ], [ 100.5934714, 1.5019242 ], [ 100.5934495, 1.5020832 ], [ 100.5934341, 1.5021375 ], [ 100.5932574, 1.5020162 ], [ 100.5931827, 1.5019636 ], [ 100.5931528, 1.5019404 ], [ 100.5930556, 1.5018758 ] ] ] } },
{ "type": "Feature", "properties": { "Name": "Polygon", "description": null, "timestamp": null, "begin": null, "end": null }, "geometry": { "type": "Polygon", "coordinates": [ [ [ 100.6083977, 1.4949575 ], [ 100.6076047, 1.4945865 ], [ 100.6076237, 1.4945233 ], [ 100.6076848, 1.4943476 ], [ 100.6077518, 1.4941589 ], [ 100.607861, 1.493897 ], [ 100.6079731, 1.4936785 ], [ 100.6080398, 1.493486 ], [ 100.6081035, 1.493252 ], [ 100.6081275, 1.4931918 ], [ 100.6081864, 1.4930313 ], [ 100.6081999, 1.4929272 ], [ 100.6081911, 1.4928393 ], [ 100.6074768, 1.4923311 ], [ 100.6073005, 1.492202 ], [ 100.6071846, 1.4921092 ], [ 100.6071633, 1.4920615 ], [ 100.6071918, 1.4920234 ], [ 100.6072365, 1.4919752 ], [ 100.6073336, 1.4919092 ], [ 100.607405, 1.491828 ], [ 100.6082717, 1.4908059 ], [ 100.608382, 1.4905969 ], [ 100.6084365, 1.4904994 ], [ 100.6085558, 1.4902521 ], [ 100.6086198, 1.4901643 ], [ 100.608682, 1.4900553 ], [ 100.6087688, 1.4898719 ], [ 100.6088474, 1.4897253 ], [ 100.6089094, 1.4895823 ], [ 100.6090024, 1.489422 ], [ 100.6090697, 1.4892757 ], [ 100.6091375, 1.4891684 ], [ 100.6091903, 1.4890717 ], [ 100.609208, 1.4890097 ], [ 100.6093187, 1.4887986 ], [ 100.6094203, 1.4887939 ], [ 100.6095907, 1.4888733 ], [ 100.6097819, 1.488926 ], [ 100.609972, 1.488995 ], [ 100.6101558, 1.4890721 ], [ 100.6103656, 1.4891266 ], [ 100.6105065, 1.4891593 ], [ 100.6105895, 1.489241 ], [ 100.6105443, 1.4893539 ], [ 100.6105403, 1.4893774 ], [ 100.6105019, 1.4896235 ], [ 100.6104842, 1.4898488 ], [ 100.6104924, 1.4900695 ], [ 100.6104789, 1.4902533 ], [ 100.6104915, 1.4904906 ], [ 100.6104813, 1.4906604 ], [ 100.610491, 1.4908427 ], [ 100.610545, 1.4909035 ], [ 100.6105599, 1.4909107 ], [ 100.6107655, 1.4910035 ], [ 100.610978, 1.4911111 ], [ 100.6111437, 1.4912001 ], [ 100.6112954, 1.4913075 ], [ 100.6112825, 1.4913444 ], [ 100.6111819, 1.4915142 ], [ 100.6110598, 1.491714 ], [ 100.6109457, 1.4918959 ], [ 100.6108491, 1.4921332 ], [ 100.6107669, 1.4922851 ], [ 100.6107011, 1.4924512 ], [ 100.6106639, 1.4925617 ], [ 100.6107132, 1.4927418 ], [ 100.6108304, 1.4928879 ], [ 100.6109779, 1.4930473 ], [ 100.6111086, 1.4932029 ], [ 100.6111779, 1.4933418 ], [ 100.6111483, 1.4935106 ], [ 100.6111086, 1.4937379 ], [ 100.6110732, 1.4939452 ], [ 100.6110322, 1.4942522 ], [ 100.6103232, 1.495926 ], [ 100.610306, 1.4959513 ], [ 100.6102392, 1.495986 ], [ 100.6102665, 1.4960085 ], [ 100.6106445, 1.4962955 ], [ 100.6108685, 1.4964783 ], [ 100.6113323, 1.4968626 ], [ 100.6117985, 1.4972433 ], [ 100.6120894, 1.4974821 ], [ 100.6121122, 1.4975511 ], [ 100.6121094, 1.4976558 ], [ 100.611927, 1.4980226 ], [ 100.6117779, 1.4982006 ], [ 100.6116736, 1.4982634 ], [ 100.6115066, 1.4982818 ], [ 100.6114564, 1.4982419 ], [ 100.611302, 1.4981766 ], [ 100.6111375, 1.4981199 ], [ 100.610967, 1.4980453 ], [ 100.6105708, 1.4979277 ], [ 100.6104215, 1.4978931 ], [ 100.6102159, 1.497818 ], [ 100.6099637, 1.4977695 ], [ 100.609907, 1.4977527 ], [ 100.6096235, 1.4976624 ], [ 100.6093923, 1.4975641 ], [ 100.6092357, 1.4975084 ], [ 100.6089634, 1.4973906 ], [ 100.6087208, 1.497318 ], [ 100.6086059, 1.4972899 ], [ 100.6083294, 1.4972744 ], [ 100.6079405, 1.4974247 ], [ 100.6077274, 1.4975133 ], [ 100.60724, 1.4982157 ], [ 100.6071515, 1.4983497 ], [ 100.6070746, 1.4985 ], [ 100.6069949, 1.498644 ], [ 100.606905, 1.4987658 ], [ 100.6068521, 1.4989379 ], [ 100.6067671, 1.4991432 ], [ 100.6067001, 1.4992787 ], [ 100.6066381, 1.4994273 ], [ 100.606525, 1.4996712 ], [ 100.6064914, 1.499692 ], [ 100.6064095, 1.4998553 ], [ 100.606348, 1.5000176 ], [ 100.6062331, 1.5002312 ], [ 100.6061312, 1.5004105 ], [ 100.6060403, 1.5005839 ], [ 100.6059787, 1.5007633 ], [ 100.6058988, 1.5009809 ], [ 100.6058401, 1.5011951 ], [ 100.6058088, 1.5012256 ], [ 100.6058173, 1.501301 ], [ 100.6057651, 1.5013528 ], [ 100.6056783, 1.5013786 ], [ 100.6056193, 1.5013176 ], [ 100.6053866, 1.5011228 ], [ 100.6053404, 1.5010895 ], [ 100.6053095, 1.5010554 ], [ 100.605282, 1.5010122 ], [ 100.6047489, 1.5005738 ], [ 100.6046965, 1.5005603 ], [ 100.6046287, 1.500559 ], [ 100.6045619, 1.5006379 ], [ 100.6044619, 1.5007516 ], [ 100.6043682, 1.5008906 ], [ 100.6043184, 1.5009951 ], [ 100.6042462, 1.5010602 ], [ 100.6038259, 1.5003846 ], [ 100.603657, 1.5000285 ], [ 100.6034625, 1.4994967 ], [ 100.6028144, 1.4982639 ], [ 100.6028937, 1.4982205 ], [ 100.6029606, 1.4981828 ], [ 100.6032995, 1.4978679 ], [ 100.6035179, 1.4975967 ], [ 100.6037067, 1.4972935 ], [ 100.6040704, 1.4967977 ], [ 100.6043227, 1.496556 ], [ 100.6045345, 1.4962543 ], [ 100.6047172, 1.4960265 ], [ 100.6048763, 1.4957506 ], [ 100.6052529, 1.4951008 ], [ 100.6053264, 1.4951385 ], [ 100.6053476, 1.4951558 ], [ 100.6054508, 1.4952028 ], [ 100.6055078, 1.4952324 ], [ 100.6056058, 1.4953108 ], [ 100.6057112, 1.4953602 ], [ 100.605802, 1.4954082 ], [ 100.605848, 1.4954716 ], [ 100.6059223, 1.4955329 ], [ 100.6059593, 1.4956395 ], [ 100.6059833, 1.4957888 ], [ 100.6059636, 1.4959078 ], [ 100.6058968, 1.495998 ], [ 100.60585, 1.4960668 ], [ 100.6058166, 1.4961737 ], [ 100.6057591, 1.4962212 ], [ 100.6057215, 1.4962907 ], [ 100.6056804, 1.496356 ], [ 100.6056239, 1.4964378 ], [ 100.6055908, 1.4965581 ], [ 100.6055642, 1.4966602 ], [ 100.6055274, 1.4967336 ], [ 100.6055392, 1.4967797 ], [ 100.6055685, 1.4968428 ], [ 100.6063553, 1.497301 ], [ 100.6065691, 1.4974226 ], [ 100.6066608, 1.4974546 ], [ 100.6067474, 1.4975035 ], [ 100.6068831, 1.4975325 ], [ 100.6069541, 1.4974915 ], [ 100.6072403, 1.4970297 ], [ 100.6072877, 1.4969712 ], [ 100.6073187, 1.4968856 ], [ 100.6075241, 1.4965324 ], [ 100.6079021, 1.4959081 ], [ 100.6082801, 1.495292 ], [ 100.6084116, 1.4949717 ], [ 100.6083977, 1.4949575 ] ] ] } },
{ "type": "Feature", "properties": { "Name": "polygon", "description": null, "timestamp": null, "begin": null, "end": null }, "geometry": { "type": "Polygon", "coordinates": [ [ [ 100.6098647, 1.4841713 ], [ 100.6098327, 1.4842574 ], [ 100.6098211, 1.4842736 ], [ 100.6097262, 1.4843858 ], [ 100.6096724, 1.48445 ], [ 100.6096025, 1.484482 ], [ 100.6095022, 1.4845771 ], [ 100.60943, 1.4847132 ], [ 100.6093103, 1.4848018 ], [ 100.6091554, 1.4849078 ], [ 100.6090681, 1.4850177 ], [ 100.6090001, 1.4850977 ], [ 100.6089622, 1.4851654 ], [ 100.6088236, 1.4852467 ], [ 100.6087013, 1.4853172 ], [ 100.6086675, 1.4853349 ], [ 100.608607, 1.4853638 ], [ 100.6084563, 1.4854306 ], [ 100.6083383, 1.4855311 ], [ 100.6082512, 1.4855934 ], [ 100.6081123, 1.4857083 ], [ 100.6079925, 1.4857901 ], [ 100.6079252, 1.4858322 ], [ 100.6078289, 1.4858678 ], [ 100.6077723, 1.4857989 ], [ 100.6077083, 1.4857237 ], [ 100.6076174, 1.4856772 ], [ 100.6075762, 1.4856046 ], [ 100.6074784, 1.485574 ], [ 100.6073616, 1.4855453 ], [ 100.6072214, 1.4855354 ], [ 100.6070898, 1.4855415 ], [ 100.6069971, 1.4855105 ], [ 100.6068759, 1.4854539 ], [ 100.6067695, 1.4854339 ], [ 100.6066769, 1.4853518 ], [ 100.6065682, 1.4852546 ], [ 100.6065345, 1.4852224 ], [ 100.6064356, 1.4851101 ], [ 100.6064121, 1.4850701 ], [ 100.6065133, 1.4850326 ], [ 100.606537, 1.4850198 ], [ 100.6066417, 1.4849981 ], [ 100.60671, 1.4849148 ], [ 100.6068121, 1.4848643 ], [ 100.6069228, 1.4848061 ], [ 100.6070032, 1.4847474 ], [ 100.6071336, 1.4847051 ], [ 100.6072167, 1.4846592 ], [ 100.607317, 1.4845992 ], [ 100.6074408, 1.4845621 ], [ 100.6075592, 1.4844875 ], [ 100.6075974, 1.4845219 ], [ 100.6077376, 1.4844411 ], [ 100.6078966, 1.4843734 ], [ 100.6080699, 1.4842915 ], [ 100.6081817, 1.4842572 ], [ 100.6082951, 1.484186 ], [ 100.6083708, 1.4841339 ], [ 100.608487, 1.4840746 ], [ 100.6085418, 1.4840402 ], [ 100.6086397, 1.4839772 ], [ 100.6087158, 1.4839295 ], [ 100.6087977, 1.483844 ], [ 100.6089022, 1.4837988 ], [ 100.6089971, 1.483717 ], [ 100.6090674, 1.4836429 ], [ 100.6091321, 1.4836921 ], [ 100.609206, 1.4836236 ], [ 100.6092732, 1.4835361 ], [ 100.6093623, 1.4834672 ], [ 100.6094229, 1.4834128 ], [ 100.6094695, 1.4833685 ], [ 100.6095261, 1.4833318 ], [ 100.6095809, 1.4832712 ], [ 100.6096508, 1.4832355 ], [ 100.6097105, 1.4831989 ], [ 100.6098227, 1.4831629 ], [ 100.6098744, 1.4831524 ], [ 100.6098875, 1.4832292 ], [ 100.609933, 1.4833176 ], [ 100.6099853, 1.4834366 ], [ 100.6100723, 1.4835718 ], [ 100.6101424, 1.4836725 ], [ 100.6102108, 1.4837806 ], [ 100.6102678, 1.4838596 ], [ 100.6101948, 1.4839383 ], [ 100.6101441, 1.4840335 ], [ 100.6100664, 1.4840767 ], [ 100.6100467, 1.484086 ], [ 100.6099317, 1.4841594 ], [ 100.6099122, 1.4842029 ], [ 100.6098647, 1.4841713 ] ] ] } },
{ "type": "Feature", "properties": { "Name": "Polygon", "description": null, "timestamp": null, "begin": null, "end": null }, "geometry": { "type": "Polygon", "coordinates": [ [ [ 100.6149631, 1.5037481 ], [ 100.6149173, 1.5037366 ], [ 100.6149241, 1.5037045 ], [ 100.6149433, 1.503695 ], [ 100.6149642, 1.5036802 ], [ 100.6151045, 1.5035523 ], [ 100.6152905, 1.5033717 ], [ 100.6154979, 1.503139 ], [ 100.6157815, 1.5028473 ], [ 100.6160698, 1.5025317 ], [ 100.6160791, 1.5022343 ], [ 100.616057, 1.5019472 ], [ 100.6159642, 1.5008767 ], [ 100.6159778, 1.5006548 ], [ 100.616012, 1.5005498 ], [ 100.6164113, 1.4999465 ], [ 100.6166026, 1.4994838 ], [ 100.6166472, 1.499447 ], [ 100.6166559, 1.4994502 ], [ 100.61715, 1.4999723 ], [ 100.617695, 1.5006312 ], [ 100.6177283, 1.5006734 ], [ 100.6182182, 1.5012834 ], [ 100.6186958, 1.5018571 ], [ 100.6189893, 1.5022068 ], [ 100.6193146, 1.5026124 ], [ 100.6195215, 1.5028586 ], [ 100.6195835, 1.5029286 ], [ 100.6196157, 1.5029667 ], [ 100.6201224, 1.5035165 ], [ 100.6206351, 1.5040753 ], [ 100.6207402, 1.5042013 ], [ 100.6207419, 1.5042085 ], [ 100.6206307, 1.5045405 ], [ 100.6204964, 1.5048094 ], [ 100.6203711, 1.5052295 ], [ 100.6202581, 1.5054936 ], [ 100.6201757, 1.505647 ], [ 100.6199692, 1.5061488 ], [ 100.619677, 1.5068861 ], [ 100.6194785, 1.507358 ], [ 100.6194349, 1.5073991 ], [ 100.6194337, 1.5073978 ], [ 100.6189764, 1.5070554 ], [ 100.6185035, 1.506667 ], [ 100.618298, 1.5065041 ], [ 100.6181497, 1.5063775 ], [ 100.6178214, 1.5060846 ], [ 100.6173164, 1.5056839 ], [ 100.6169112, 1.505374 ], [ 100.6165642, 1.5050798 ], [ 100.6161295, 1.5047379 ], [ 100.6157675, 1.5044578 ], [ 100.6153513, 1.5041277 ], [ 100.6151189, 1.5039257 ], [ 100.61493, 1.5037426 ], [ 100.6149631, 1.5037481 ] ] ] } },
{ "type": "Feature", "properties": { "Name": "polygon", "description": null, "timestamp": null, "begin": null, "end": null }, "geometry": { "type": "Polygon", "coordinates": [ [ [ 100.6161176, 1.5125235 ], [ 100.616142, 1.5125552 ], [ 100.6161508, 1.5126025 ], [ 100.6162302, 1.5126594 ], [ 100.6162729, 1.5127044 ], [ 100.6163573, 1.5127732 ], [ 100.6163975, 1.512818 ], [ 100.6164265, 1.5128707 ], [ 100.6165879, 1.5129819 ], [ 100.6167767, 1.5131063 ], [ 100.6169517, 1.5132638 ], [ 100.6169554, 1.5136167 ], [ 100.6170551, 1.5138559 ], [ 100.6170998, 1.5145556 ], [ 100.6170553, 1.5149335 ], [ 100.6171985, 1.5150563 ], [ 100.6173681, 1.5152094 ], [ 100.6175509, 1.5153837 ], [ 100.617554, 1.5155581 ], [ 100.6174589, 1.5164505 ], [ 100.6174281, 1.5171422 ], [ 100.6174707, 1.5174704 ], [ 100.6174415, 1.5179591 ], [ 100.6173231, 1.5186215 ], [ 100.6172899, 1.518862 ], [ 100.6172064, 1.5195083 ], [ 100.6170372, 1.5205564 ], [ 100.6170228, 1.5207278 ], [ 100.6169882, 1.5208476 ], [ 100.6167847, 1.5209397 ], [ 100.6163232, 1.5209556 ], [ 100.6161208, 1.5209105 ], [ 100.6153546, 1.5203068 ], [ 100.6146926, 1.5197663 ], [ 100.6146035, 1.5197028 ], [ 100.6143904, 1.5196373 ], [ 100.6135072, 1.5195395 ], [ 100.6126872, 1.5195768 ], [ 100.6119316, 1.5196971 ], [ 100.6113287, 1.5198399 ], [ 100.610609, 1.519954 ], [ 100.6101102, 1.5200348 ], [ 100.6099825, 1.5200504 ], [ 100.6095478, 1.5200954 ], [ 100.6091022, 1.5202048 ], [ 100.6086714, 1.5204215 ], [ 100.6083743, 1.5206532 ], [ 100.6079524, 1.5210084 ], [ 100.6072753, 1.5212407 ], [ 100.6066789, 1.5218067 ], [ 100.6065736, 1.5219085 ], [ 100.6064743, 1.5220463 ], [ 100.6062765, 1.5222357 ], [ 100.6058448, 1.5226769 ], [ 100.6051747, 1.5231794 ], [ 100.6050098, 1.5232952 ], [ 100.6047743, 1.523379 ], [ 100.6043336, 1.5234582 ], [ 100.6035491, 1.5235346 ], [ 100.6033933, 1.5235353 ], [ 100.6026798, 1.5232421 ], [ 100.6020265, 1.5228755 ], [ 100.6014785, 1.5223077 ], [ 100.6011963, 1.5219238 ], [ 100.6012305, 1.521772 ], [ 100.6013232, 1.5216249 ], [ 100.6015843, 1.521022 ], [ 100.6017381, 1.5207644 ], [ 100.6021654, 1.5201825 ], [ 100.6021894, 1.5201471 ], [ 100.6024111, 1.5197276 ], [ 100.602437, 1.5196831 ], [ 100.6026137, 1.51939 ], [ 100.6028918, 1.5189833 ], [ 100.6030519, 1.5186508 ], [ 100.6032165, 1.5183968 ], [ 100.6033281, 1.5183326 ], [ 100.6035477, 1.5182175 ], [ 100.6038116, 1.5180197 ], [ 100.6040338, 1.5178281 ], [ 100.6043723, 1.5178695 ], [ 100.6046928, 1.5180259 ], [ 100.6049979, 1.5181785 ], [ 100.6051757, 1.518257 ], [ 100.6053682, 1.5182953 ], [ 100.6055269, 1.5183066 ], [ 100.6056036, 1.518384 ], [ 100.6056448, 1.5184432 ], [ 100.605729, 1.5185532 ], [ 100.60573, 1.5185895 ], [ 100.6057397, 1.5186401 ], [ 100.6057731, 1.5187066 ], [ 100.6057894, 1.5187794 ], [ 100.6058296, 1.5188514 ], [ 100.6058748, 1.5189376 ], [ 100.6058902, 1.5190064 ], [ 100.6059358, 1.519094 ], [ 100.6059591, 1.5191527 ], [ 100.6060128, 1.519233 ], [ 100.6060564, 1.5192697 ], [ 100.6061092, 1.5192776 ], [ 100.6062826, 1.519278 ], [ 100.6063134, 1.5192803 ], [ 100.6063845, 1.5192756 ], [ 100.6064449, 1.5192789 ], [ 100.6065242, 1.5192685 ], [ 100.6066063, 1.5192571 ], [ 100.6066671, 1.5192612 ], [ 100.6066748, 1.5192106 ], [ 100.6066805, 1.5191231 ], [ 100.6066898, 1.5190486 ], [ 100.6066943, 1.5190397 ], [ 100.6067115, 1.5190258 ], [ 100.6067635, 1.5189934 ], [ 100.6068446, 1.5189531 ], [ 100.6069692, 1.5188887 ], [ 100.6070868, 1.5188224 ], [ 100.607225, 1.5187333 ], [ 100.6073508, 1.5186671 ], [ 100.6074805, 1.5185973 ], [ 100.6075948, 1.5185264 ], [ 100.6077497, 1.518473 ], [ 100.6078752, 1.5184444 ], [ 100.6079979, 1.5184299 ], [ 100.6081691, 1.5183822 ], [ 100.60849, 1.5182882 ], [ 100.6086618, 1.5181592 ], [ 100.6087532, 1.5181697 ], [ 100.6093044, 1.5183657 ], [ 100.609944, 1.5184311 ], [ 100.6099922, 1.5184405 ], [ 100.6104774, 1.5185309 ], [ 100.6109719, 1.5185945 ], [ 100.6112152, 1.51863 ], [ 100.611267, 1.518422 ], [ 100.6113063, 1.5180752 ], [ 100.6113156, 1.5180203 ], [ 100.6113282, 1.5179943 ], [ 100.6113189, 1.5179221 ], [ 100.6113427, 1.5178093 ], [ 100.6113616, 1.5177493 ], [ 100.6113484, 1.5176877 ], [ 100.6113872, 1.5175904 ], [ 100.6114277, 1.5175805 ], [ 100.6114862, 1.5175913 ], [ 100.611574, 1.5176106 ], [ 100.6115975, 1.5176173 ], [ 100.6116608, 1.5176509 ], [ 100.6117799, 1.5176681 ], [ 100.6118061, 1.5176714 ], [ 100.611901, 1.5176634 ], [ 100.6120335, 1.5176866 ], [ 100.6121135, 1.5176974 ], [ 100.6121296, 1.5177043 ], [ 100.6121928, 1.5177017 ], [ 100.6122231, 1.5177051 ], [ 100.6122776, 1.5177518 ], [ 100.6123605, 1.5173748 ], [ 100.6123589, 1.516835 ], [ 100.6120464, 1.5166344 ], [ 100.611639, 1.5166606 ], [ 100.6112391, 1.5166566 ], [ 100.6109861, 1.5165434 ], [ 100.6105222, 1.516351 ], [ 100.6103771, 1.5163113 ], [ 100.6098488, 1.5160959 ], [ 100.6096974, 1.5160502 ], [ 100.6092773, 1.5158643 ], [ 100.6092655, 1.5157185 ], [ 100.6094151, 1.5155446 ], [ 100.6095633, 1.5153763 ], [ 100.6097725, 1.515133 ], [ 100.6099696, 1.514895 ], [ 100.61023, 1.5148972 ], [ 100.6103501, 1.5149943 ], [ 100.6104357, 1.5150555 ], [ 100.6105194, 1.5150969 ], [ 100.6106134, 1.5151421 ], [ 100.6106867, 1.5151851 ], [ 100.61076, 1.5152462 ], [ 100.6108345, 1.5152736 ], [ 100.6109252, 1.5152872 ], [ 100.6110462, 1.5153251 ], [ 100.6111197, 1.5153628 ], [ 100.6111565, 1.5153754 ], [ 100.6112085, 1.5153887 ], [ 100.6112647, 1.5154106 ], [ 100.6113088, 1.5154119 ], [ 100.6113692, 1.5154065 ], [ 100.611382, 1.5153923 ], [ 100.611395, 1.515364 ], [ 100.6114147, 1.5152815 ], [ 100.6114663, 1.515173 ], [ 100.6115577, 1.5150899 ], [ 100.6115903, 1.5150873 ], [ 100.6117052, 1.515124 ], [ 100.6119896, 1.5150815 ], [ 100.6121829, 1.5147868 ], [ 100.6124884, 1.5141838 ], [ 100.6125288, 1.5140937 ], [ 100.6127775, 1.513384 ], [ 100.6128775, 1.5131384 ], [ 100.6128857, 1.5131225 ], [ 100.6128916, 1.513079 ], [ 100.6129125, 1.513012 ], [ 100.6129291, 1.5129824 ], [ 100.6129407, 1.5129549 ], [ 100.6129955, 1.5128702 ], [ 100.6130335, 1.512814 ], [ 100.6130816, 1.5127303 ], [ 100.6130753, 1.5126791 ], [ 100.6130557, 1.5126491 ], [ 100.6130135, 1.512555 ], [ 100.6130406, 1.5124205 ], [ 100.6130827, 1.5122394 ], [ 100.6130562, 1.5121764 ], [ 100.6126008, 1.5118709 ], [ 100.612273, 1.5116808 ], [ 100.6122373, 1.5115722 ], [ 100.6121989, 1.5111949 ], [ 100.6121814, 1.5106489 ], [ 100.6122201, 1.5103623 ], [ 100.6122232, 1.510362 ], [ 100.6129859, 1.5107333 ], [ 100.6130531, 1.5107784 ], [ 100.6130656, 1.510792 ], [ 100.6131322, 1.5108215 ], [ 100.6131541, 1.5108415 ], [ 100.6132221, 1.5109135 ], [ 100.6132523, 1.510912 ], [ 100.6132959, 1.5108971 ], [ 100.6133324, 1.5109079 ], [ 100.6133682, 1.5109256 ], [ 100.6133903, 1.5109461 ], [ 100.6134288, 1.5109651 ], [ 100.6134754, 1.5109721 ], [ 100.6135212, 1.5110217 ], [ 100.6135766, 1.511044 ], [ 100.6136577, 1.5110925 ], [ 100.6136929, 1.5111322 ], [ 100.6137382, 1.5111574 ], [ 100.613787, 1.5112039 ], [ 100.6138615, 1.5112258 ], [ 100.6138999, 1.51128 ], [ 100.6139014, 1.5112969 ], [ 100.6139255, 1.5113374 ], [ 100.6139661, 1.5113642 ], [ 100.6140009, 1.5113923 ], [ 100.6140197, 1.5113971 ], [ 100.6141072, 1.5114001 ], [ 100.6141063, 1.5114199 ], [ 100.6142021, 1.511486 ], [ 100.614245, 1.5114993 ], [ 100.6143274, 1.5115209 ], [ 100.6144139, 1.5116058 ], [ 100.6144391, 1.5116166 ], [ 100.6144709, 1.5115983 ], [ 100.614501, 1.511589 ], [ 100.6145624, 1.5116269 ], [ 100.614646, 1.5116255 ], [ 100.6147131, 1.5116549 ], [ 100.6147967, 1.5117078 ], [ 100.6148635, 1.5117368 ], [ 100.6149281, 1.5117807 ], [ 100.6149963, 1.511793 ], [ 100.6150236, 1.5118305 ], [ 100.6150522, 1.5119108 ], [ 100.6150755, 1.5119335 ], [ 100.6151107, 1.5119282 ], [ 100.6151676, 1.5119368 ], [ 100.6152469, 1.5119528 ], [ 100.6153294, 1.5119816 ], [ 100.615393, 1.5120251 ], [ 100.6153971, 1.5120368 ], [ 100.6154247, 1.512077 ], [ 100.6154976, 1.5121019 ], [ 100.6155992, 1.5121528 ], [ 100.615667, 1.5122129 ], [ 100.6157468, 1.5122223 ], [ 100.615824, 1.512238 ], [ 100.6158287, 1.5122552 ], [ 100.61587, 1.5123366 ], [ 100.615922, 1.5123722 ], [ 100.6159805, 1.5124541 ], [ 100.6160281, 1.5124962 ], [ 100.6160631, 1.5124867 ], [ 100.6160944, 1.5125037 ], [ 100.6161176, 1.5125235 ] ] ] } },
{ "type": "Feature", "properties": { "Name": "polygon", "description": null, "timestamp": null, "begin": null, "end": null }, "geometry": { "type": "Polygon", "coordinates": [ [ [ 100.6029261, 1.4888859 ], [ 100.6027954, 1.4885738 ], [ 100.6027407, 1.4884173 ], [ 100.6038427, 1.4867828 ], [ 100.6038574, 1.4867951 ], [ 100.6055057, 1.4846398 ], [ 100.6054985, 1.4846355 ], [ 100.605498, 1.4846353 ], [ 100.6054882, 1.4846537 ], [ 100.6048445, 1.4822008 ], [ 100.6062215, 1.4815548 ], [ 100.6062297, 1.4815523 ], [ 100.6073158, 1.4817734 ], [ 100.6077628, 1.4819212 ], [ 100.6077595, 1.481918 ], [ 100.6080422, 1.4821217 ], [ 100.6082821, 1.4823517 ], [ 100.608388, 1.4825253 ], [ 100.6083502, 1.4826019 ], [ 100.6082128, 1.4827179 ], [ 100.608085, 1.4827946 ], [ 100.6079643, 1.4828607 ], [ 100.6078839, 1.4829625 ], [ 100.6076441, 1.4831533 ], [ 100.6074862, 1.4833118 ], [ 100.6073695, 1.4834418 ], [ 100.6071895, 1.4836526 ], [ 100.6073313, 1.4837532 ], [ 100.607445, 1.4838671 ], [ 100.6075104, 1.4839288 ], [ 100.6076358, 1.4840193 ], [ 100.6077052, 1.4840964 ], [ 100.6077528, 1.4841644 ], [ 100.6078222, 1.4842633 ], [ 100.6079134, 1.4843545 ], [ 100.6076099, 1.4845097 ], [ 100.607337, 1.4845784 ], [ 100.6071576, 1.4846813 ], [ 100.6070041, 1.4847476 ], [ 100.6069317, 1.4848002 ], [ 100.6067318, 1.4848934 ], [ 100.6066544, 1.4849806 ], [ 100.6064056, 1.4850751 ], [ 100.6063701, 1.4854039 ], [ 100.6062672, 1.4855792 ], [ 100.6061713, 1.4858158 ], [ 100.6061522, 1.4859395 ], [ 100.60619, 1.4860517 ], [ 100.6063057, 1.4861466 ], [ 100.607041, 1.4865059 ], [ 100.6071305, 1.4864291 ], [ 100.6071788, 1.4864751 ], [ 100.607962, 1.485799 ], [ 100.6081799, 1.4856412 ], [ 100.6088508, 1.4851287 ], [ 100.6093081, 1.484757 ], [ 100.6095451, 1.4845378 ], [ 100.6098938, 1.484271 ], [ 100.6104524, 1.4838085 ], [ 100.6106016, 1.4835662 ], [ 100.6113663, 1.4849505 ], [ 100.610511, 1.4858062 ], [ 100.6100658, 1.4862537 ], [ 100.6097798, 1.4865371 ], [ 100.6091757, 1.487252 ], [ 100.6081749, 1.4878463 ], [ 100.6080637, 1.4879854 ], [ 100.607999, 1.4881641 ], [ 100.6077897, 1.4885714 ], [ 100.6075378, 1.4891553 ], [ 100.6073347, 1.4895815 ], [ 100.6067501, 1.4906647 ], [ 100.6064868, 1.491123 ], [ 100.6063897, 1.491228 ], [ 100.6063594, 1.4912382 ], [ 100.606332, 1.491227 ], [ 100.6062754, 1.4911713 ], [ 100.6061563, 1.4910811 ], [ 100.6058987, 1.490934 ], [ 100.6054767, 1.4908145 ], [ 100.605432, 1.4908019 ], [ 100.6054012, 1.4907134 ], [ 100.6052862, 1.4903083 ], [ 100.6049398, 1.4898296 ], [ 100.6049084, 1.4897986 ], [ 100.6048618, 1.4897679 ], [ 100.604685, 1.4898193 ], [ 100.6044402, 1.4899948 ], [ 100.6043692, 1.4900771 ], [ 100.6042044, 1.4901627 ], [ 100.6038087, 1.4904771 ], [ 100.6037355, 1.4904581 ], [ 100.6034958, 1.4895351 ], [ 100.603312, 1.4890588 ], [ 100.6030079, 1.4888467 ], [ 100.6029261, 1.4888859 ] ] ] } },
{ "type": "Feature", "properties": { "Name": "polygon", "description": null, "timestamp": null, "begin": null, "end": null }, "geometry": { "type": "Polygon", "coordinates": [ [ [ 100.568422, 1.5099841 ], [ 100.5685733, 1.5100642 ], [ 100.5686389, 1.5101051 ], [ 100.5686648, 1.5101992 ], [ 100.5687414, 1.5104683 ], [ 100.5687715, 1.510566 ], [ 100.5688089, 1.5107221 ], [ 100.5688172, 1.5107286 ], [ 100.5688591, 1.5107133 ], [ 100.5691793, 1.5106095 ], [ 100.5692678, 1.5105833 ], [ 100.5693672, 1.5105526 ], [ 100.5694288, 1.5105438 ], [ 100.569452, 1.5105928 ], [ 100.5694512, 1.5106008 ], [ 100.5694563, 1.5106449 ], [ 100.5694592, 1.5106696 ], [ 100.569447, 1.5107494 ], [ 100.5693688, 1.5117316 ], [ 100.5693517, 1.5117394 ], [ 100.5693196, 1.5117523 ], [ 100.5693044, 1.5117518 ], [ 100.5683194, 1.5120258 ], [ 100.5680638, 1.512064 ], [ 100.5680153, 1.5120144 ], [ 100.5678427, 1.5116316 ], [ 100.5675289, 1.5110137 ], [ 100.5674247, 1.5107827 ], [ 100.5674091, 1.5107589 ], [ 100.5673325, 1.5105291 ], [ 100.5673012, 1.5104162 ], [ 100.5673408, 1.5103982 ], [ 100.5674378, 1.5103616 ], [ 100.5675366, 1.5103201 ], [ 100.567809, 1.5102093 ], [ 100.5678147, 1.5102087 ], [ 100.5682367, 1.5100352 ], [ 100.5683978, 1.5099668 ], [ 100.568422, 1.5099841 ] ] ] } },
{ "type": "Feature", "properties": { "Name": "polygon", "description": null, "timestamp": null, "begin": null, "end": null }, "geometry": { "type": "Polygon", "coordinates": [ [ [ 100.6032819, 1.4823142 ], [ 100.6032372, 1.4822564 ], [ 100.6031694, 1.4822012 ], [ 100.6031285, 1.4821652 ], [ 100.6030694, 1.4821134 ], [ 100.6030379, 1.4820925 ], [ 100.6030077, 1.4820568 ], [ 100.6029591, 1.4820258 ], [ 100.6029296, 1.4819993 ], [ 100.6028772, 1.4819388 ], [ 100.6029259, 1.4818807 ], [ 100.6029592, 1.4818643 ], [ 100.6030097, 1.4817959 ], [ 100.6030586, 1.4817058 ], [ 100.6031206, 1.4816187 ], [ 100.6031682, 1.4815279 ], [ 100.6032327, 1.4814296 ], [ 100.6032957, 1.4813114 ], [ 100.6033537, 1.4811857 ], [ 100.6034185, 1.4811312 ], [ 100.6034736, 1.4811266 ], [ 100.6035483, 1.4811365 ], [ 100.6036435, 1.4811813 ], [ 100.6037325, 1.4812593 ], [ 100.6037508, 1.4813133 ], [ 100.6037575, 1.4813482 ], [ 100.6037108, 1.4814543 ], [ 100.6036936, 1.4815416 ], [ 100.603672, 1.4816145 ], [ 100.6036669, 1.4816791 ], [ 100.6036294, 1.4817707 ], [ 100.6035968, 1.4818591 ], [ 100.6035958, 1.4819244 ], [ 100.6035853, 1.4819724 ], [ 100.6035436, 1.4820289 ], [ 100.6034922, 1.4821148 ], [ 100.6034772, 1.4821755 ], [ 100.6034507, 1.482268 ], [ 100.6033959, 1.482363 ], [ 100.6033814, 1.4823725 ], [ 100.6033424, 1.4823652 ], [ 100.6032819, 1.4823142 ], [ 100.6032819, 1.4823142 ] ] ] } },
{ "type": "Feature", "properties": { "Name": "Polygon", "description": null, "timestamp": null, "begin": null, "end": null }, "geometry": { "type": "Polygon", "coordinates": [ [ [ 100.6205999, 1.5016338 ], [ 100.6205695, 1.501667 ], [ 100.6206589, 1.5015383 ], [ 100.6208305, 1.5013283 ], [ 100.6209956, 1.5011502 ], [ 100.6212114, 1.5010132 ], [ 100.6212823, 1.5008501 ], [ 100.6211619, 1.5006648 ], [ 100.6211183, 1.5006052 ], [ 100.6209428, 1.5003737 ], [ 100.6207944, 1.5001857 ], [ 100.6206939, 1.5000304 ], [ 100.6207243, 1.4999061 ], [ 100.6207749, 1.4997001 ], [ 100.6208428, 1.4994423 ], [ 100.6209107, 1.4991663 ], [ 100.6209611, 1.4988874 ], [ 100.6210449, 1.4986722 ], [ 100.621165, 1.4984327 ], [ 100.6211889, 1.4983623 ], [ 100.6211371, 1.4982663 ], [ 100.6211735, 1.4981902 ], [ 100.6211314, 1.4981122 ], [ 100.621056, 1.4980738 ], [ 100.6210038, 1.4981089 ], [ 100.6209578, 1.4980545 ], [ 100.6208827, 1.4979654 ], [ 100.6208192, 1.4978955 ], [ 100.620734, 1.4978277 ], [ 100.6206176, 1.4977132 ], [ 100.6205863, 1.4976175 ], [ 100.6205238, 1.4975266 ], [ 100.6204891, 1.4975024 ], [ 100.6203923, 1.4974243 ], [ 100.6202902, 1.4973022 ], [ 100.6201499, 1.497225 ], [ 100.6199968, 1.4971792 ], [ 100.6198176, 1.4970661 ], [ 100.6196809, 1.4969593 ], [ 100.6195132, 1.4968605 ], [ 100.6194561, 1.4968362 ], [ 100.6194039, 1.4968559 ], [ 100.6193588, 1.4968078 ], [ 100.6191946, 1.4967158 ], [ 100.6190468, 1.4966114 ], [ 100.6189251, 1.4965123 ], [ 100.6187886, 1.4964654 ], [ 100.6186127, 1.4963885 ], [ 100.618522, 1.4963541 ], [ 100.6184699, 1.4961898 ], [ 100.61841, 1.4960521 ], [ 100.618384, 1.4959771 ], [ 100.6183695, 1.4959121 ], [ 100.6183815, 1.4958648 ], [ 100.6184508, 1.4958049 ], [ 100.6184329, 1.4957639 ], [ 100.6184167, 1.4957459 ], [ 100.6184127, 1.4957487 ], [ 100.6183802, 1.4957104 ], [ 100.618298, 1.4955977 ], [ 100.6182239, 1.4954224 ], [ 100.6181019, 1.4953547 ], [ 100.6179514, 1.4953308 ], [ 100.6178797, 1.4953191 ], [ 100.6178157, 1.495293 ], [ 100.6176779, 1.495245 ], [ 100.6176902, 1.4951677 ], [ 100.6177644, 1.494994 ], [ 100.6178106, 1.494931 ], [ 100.6178932, 1.4947761 ], [ 100.6179565, 1.4947992 ], [ 100.6181274, 1.4948859 ], [ 100.6183793, 1.4950165 ], [ 100.6186316, 1.4951651 ], [ 100.6188413, 1.4952698 ], [ 100.6190606, 1.4953788 ], [ 100.6192909, 1.4954954 ], [ 100.6194827, 1.4956006 ], [ 100.6197603, 1.4957438 ], [ 100.6200256, 1.495866 ], [ 100.6200896, 1.4960137 ], [ 100.6201286, 1.4960315 ], [ 100.620146, 1.4960229 ], [ 100.6201699, 1.4960452 ], [ 100.6202191, 1.4960963 ], [ 100.6203032, 1.4961286 ], [ 100.6203776, 1.4961608 ], [ 100.6205296, 1.4962451 ], [ 100.6206776, 1.4963316 ], [ 100.6208434, 1.4964283 ], [ 100.6209461, 1.4965016 ], [ 100.6210849, 1.4965972 ], [ 100.6212051, 1.4967075 ], [ 100.6212412, 1.4967114 ], [ 100.6213053, 1.4967288 ], [ 100.6214427, 1.4967946 ], [ 100.6215256, 1.4968264 ], [ 100.6216422, 1.4968249 ], [ 100.6217707, 1.4968581 ], [ 100.6218365, 1.4969247 ], [ 100.6219406, 1.4971323 ], [ 100.6219458, 1.4971518 ], [ 100.6219686, 1.4973765 ], [ 100.6219609, 1.4975055 ], [ 100.6219769, 1.4977016 ], [ 100.6219644, 1.4979521 ], [ 100.6219577, 1.4981754 ], [ 100.6219658, 1.4983266 ], [ 100.6219733, 1.4983649 ], [ 100.6219407, 1.4983715 ], [ 100.6219233, 1.498384 ], [ 100.6219189, 1.4983877 ], [ 100.6219145, 1.4984056 ], [ 100.6219005, 1.4984426 ], [ 100.6219448, 1.4986525 ], [ 100.6219432, 1.4988159 ], [ 100.6219678, 1.499049 ], [ 100.6219842, 1.4992617 ], [ 100.6219991, 1.4994463 ], [ 100.6220115, 1.4996491 ], [ 100.6219966, 1.4999729 ], [ 100.621966, 1.5002397 ], [ 100.6219261, 1.5004435 ], [ 100.6218671, 1.5006606 ], [ 100.6218679, 1.5008571 ], [ 100.6218977, 1.5010264 ], [ 100.621957, 1.5012997 ], [ 100.6220043, 1.5015775 ], [ 100.6220282, 1.5016848 ], [ 100.62208, 1.5018375 ], [ 100.6220991, 1.5018846 ], [ 100.6220587, 1.5020639 ], [ 100.6220138, 1.5022876 ], [ 100.6219694, 1.5025559 ], [ 100.6219373, 1.5026963 ], [ 100.6218851, 1.5029872 ], [ 100.6218436, 1.5031771 ], [ 100.6218022, 1.5033533 ], [ 100.6217737, 1.5034626 ], [ 100.6216251, 1.5035207 ], [ 100.6213869, 1.5036304 ], [ 100.6211971, 1.5037351 ], [ 100.6211362, 1.5037775 ], [ 100.6211378, 1.5037745 ], [ 100.6205999, 1.5016338 ] ] ] } },
{ "type": "Feature", "properties": { "Name": "polygon", "description": null, "timestamp": null, "begin": null, "end": null }, "geometry": { "type": "Polygon", "coordinates": [ [ [ 100.576039, 1.4875864 ], [ 100.5760283, 1.4875966 ], [ 100.5759614, 1.4875856 ], [ 100.5758382, 1.4875429 ], [ 100.5747948, 1.4872182 ], [ 100.5746813, 1.4871881 ], [ 100.5745768, 1.4869083 ], [ 100.5750178, 1.4861793 ], [ 100.5752098, 1.485831 ], [ 100.5756723, 1.4850469 ], [ 100.575879, 1.4847464 ], [ 100.5758926, 1.4847432 ], [ 100.5760573, 1.4848035 ], [ 100.576956, 1.4851469 ], [ 100.5770145, 1.4851945 ], [ 100.5772285, 1.4852892 ], [ 100.5772624, 1.4853031 ], [ 100.577691, 1.4854303 ], [ 100.5777744, 1.4854208 ], [ 100.5778197, 1.4854307 ], [ 100.577933, 1.4854939 ], [ 100.578036, 1.4855166 ], [ 100.578101, 1.4855323 ], [ 100.578203, 1.485571 ], [ 100.5782374, 1.4855886 ], [ 100.5783827, 1.4856154 ], [ 100.5783926, 1.4856195 ], [ 100.5784355, 1.4856446 ], [ 100.578496, 1.4856778 ], [ 100.5785458, 1.4856911 ], [ 100.5785904, 1.4856975 ], [ 100.5786406, 1.485699 ], [ 100.5788448, 1.485643 ], [ 100.5790001, 1.4853462 ], [ 100.579069, 1.485062 ], [ 100.5790943, 1.484964 ], [ 100.5791862, 1.4847241 ], [ 100.5792491, 1.4844791 ], [ 100.5792619, 1.4843993 ], [ 100.5793259, 1.4842893 ], [ 100.5794363, 1.4841588 ], [ 100.5795944, 1.4840891 ], [ 100.5797733, 1.4840906 ], [ 100.5803699, 1.4843087 ], [ 100.5811155, 1.4844631 ], [ 100.5812069, 1.4844492 ], [ 100.5814493, 1.4844118 ], [ 100.582073, 1.4845147 ], [ 100.5821568, 1.4845769 ], [ 100.5821507, 1.4846907 ], [ 100.5818596, 1.4851459 ], [ 100.581512, 1.4857025 ], [ 100.5811696, 1.4862518 ], [ 100.5811485, 1.4862979 ], [ 100.5808628, 1.4866449 ], [ 100.58081, 1.4867053 ], [ 100.5803226, 1.4874943 ], [ 100.5801487, 1.4877544 ], [ 100.5801279, 1.4877741 ], [ 100.5798687, 1.4880632 ], [ 100.5794235, 1.4886579 ], [ 100.5792229, 1.4889967 ], [ 100.5791576, 1.4890869 ], [ 100.5790348, 1.4890868 ], [ 100.5787753, 1.4889194 ], [ 100.5775555, 1.488273 ], [ 100.5773297, 1.4881529 ], [ 100.5769316, 1.4879437 ], [ 100.576828, 1.4878972 ], [ 100.5764039, 1.4877165 ], [ 100.5763542, 1.487696 ], [ 100.5760651, 1.487627 ], [ 100.576039, 1.4875864 ] ] ] } },
{ "type": "Feature", "properties": { "Name": "polygon", "description": null, "timestamp": null, "begin": null, "end": null }, "geometry": { "type": "Polygon", "coordinates": [ [ [ 100.5791631, 1.4890866 ], [ 100.5792399, 1.4889767 ], [ 100.5794266, 1.4886627 ], [ 100.5798179, 1.4881331 ], [ 100.5801475, 1.4877547 ], [ 100.5803228, 1.487505 ], [ 100.5808398, 1.4866852 ], [ 100.5812016, 1.4862418 ], [ 100.5821504, 1.4846974 ], [ 100.5821652, 1.484567 ], [ 100.5820763, 1.4845026 ], [ 100.5814617, 1.4844061 ], [ 100.5813809, 1.4842787 ], [ 100.5821414, 1.4832109 ], [ 100.5822295, 1.4829622 ], [ 100.5822165, 1.4828077 ], [ 100.5821809, 1.4812421 ], [ 100.5821497, 1.4811044 ], [ 100.5822114, 1.4806677 ], [ 100.5823821, 1.4801706 ], [ 100.5827324, 1.4797339 ], [ 100.5834359, 1.4797681 ], [ 100.5835924, 1.4797788 ], [ 100.5836588, 1.4797641 ], [ 100.5837788, 1.479811 ], [ 100.583865, 1.4798961 ], [ 100.5838496, 1.4801493 ], [ 100.5839368, 1.480415 ], [ 100.5840162, 1.4805112 ], [ 100.5840451, 1.4806144 ], [ 100.5844095, 1.480666 ], [ 100.584733, 1.480664 ], [ 100.585072, 1.4805889 ], [ 100.5852527, 1.4805913 ], [ 100.5851994, 1.4807927 ], [ 100.5849221, 1.4813879 ], [ 100.5844092, 1.4824823 ], [ 100.5838251, 1.483657 ], [ 100.5834027, 1.4844443 ], [ 100.5822828, 1.4868957 ], [ 100.5821802, 1.4870703 ], [ 100.5820797, 1.4871648 ], [ 100.5820552, 1.4873284 ], [ 100.5818658, 1.4878422 ], [ 100.5809458, 1.4896407 ], [ 100.5804298, 1.4894986 ], [ 100.5801066, 1.4894128 ], [ 100.5798216, 1.4893189 ], [ 100.5795638, 1.4892311 ], [ 100.579313, 1.4891584 ], [ 100.5791631, 1.4890866 ] ] ] } },
{ "type": "Feature", "properties": { "Name": "polygon", "description": null, "timestamp": null, "begin": null, "end": null }, "geometry": { "type": "Polygon", "coordinates": [ [ [ 100.5853499, 1.4903714 ], [ 100.5853549, 1.4903947 ], [ 100.5854052, 1.4903693 ], [ 100.5854448, 1.4903642 ], [ 100.5855073, 1.4903087 ], [ 100.5858843, 1.4901951 ], [ 100.5862273, 1.4902291 ], [ 100.586308, 1.4902283 ], [ 100.5863569, 1.490219 ], [ 100.5865181, 1.4902014 ], [ 100.5865334, 1.4902021 ], [ 100.5865429, 1.4901965 ], [ 100.5865797, 1.4901016 ], [ 100.5867113, 1.4898498 ], [ 100.586829, 1.489868 ], [ 100.5871634, 1.4900647 ], [ 100.5875835, 1.4903269 ], [ 100.5880486, 1.4906178 ], [ 100.5885819, 1.4909531 ], [ 100.5886662, 1.4909936 ], [ 100.5888542, 1.491113 ], [ 100.5891789, 1.4913365 ], [ 100.5893748, 1.4914696 ], [ 100.5898737, 1.4917557 ], [ 100.5900683, 1.4918541 ], [ 100.5904082, 1.4920544 ], [ 100.5905671, 1.4921395 ], [ 100.5909815, 1.4923887 ], [ 100.5914252, 1.4926677 ], [ 100.5916793, 1.4928114 ], [ 100.5918571, 1.4929176 ], [ 100.5921291, 1.4930843 ], [ 100.592258, 1.4931604 ], [ 100.5926133, 1.4933857 ], [ 100.5929129, 1.493586 ], [ 100.5930458, 1.4937328 ], [ 100.5928647, 1.4941007 ], [ 100.5923914, 1.4950314 ], [ 100.5921373, 1.495534 ], [ 100.5917454, 1.4961688 ], [ 100.5916836, 1.4962731 ], [ 100.5913817, 1.496309 ], [ 100.5911687, 1.4961784 ], [ 100.5904741, 1.4957441 ], [ 100.5903658, 1.4956798 ], [ 100.59007, 1.4954706 ], [ 100.5895618, 1.4949216 ], [ 100.5894829, 1.494829 ], [ 100.5893557, 1.4946906 ], [ 100.588703, 1.4939411 ], [ 100.5879263, 1.4930624 ], [ 100.5872794, 1.4923729 ], [ 100.5871364, 1.4922254 ], [ 100.5869054, 1.4919965 ], [ 100.5868232, 1.4919217 ], [ 100.5867554, 1.4918711 ], [ 100.586215, 1.4913748 ], [ 100.5860245, 1.4912603 ], [ 100.5855581, 1.4914178 ], [ 100.5851075, 1.4921303 ], [ 100.5849942, 1.4921376 ], [ 100.5848666, 1.4920803 ], [ 100.5848009, 1.4920529 ], [ 100.584207, 1.4917616 ], [ 100.5832206, 1.4912669 ], [ 100.5830386, 1.491177 ], [ 100.5828153, 1.4910591 ], [ 100.5827539, 1.491046 ], [ 100.5827874, 1.4909519 ], [ 100.5828163, 1.4909585 ], [ 100.5829226, 1.4909676 ], [ 100.5829995, 1.4909702 ], [ 100.5830474, 1.4909551 ], [ 100.5831272, 1.4908775 ], [ 100.5831922, 1.4907965 ], [ 100.5832349, 1.4907236 ], [ 100.5832432, 1.4907009 ], [ 100.5832676, 1.4906237 ], [ 100.5833049, 1.4905683 ], [ 100.5833297, 1.4904966 ], [ 100.5834141, 1.4903772 ], [ 100.5834151, 1.4903676 ], [ 100.5834473, 1.490255 ], [ 100.5835118, 1.4901735 ], [ 100.5835411, 1.4900897 ], [ 100.583552, 1.4900053 ], [ 100.583582, 1.4898543 ], [ 100.5835834, 1.4898468 ], [ 100.5836201, 1.4897735 ], [ 100.5837121, 1.4897992 ], [ 100.5838019, 1.489816 ], [ 100.583875, 1.4898466 ], [ 100.5839257, 1.4898399 ], [ 100.5839974, 1.4898359 ], [ 100.5840688, 1.4898296 ], [ 100.5841439, 1.4898823 ], [ 100.5842168, 1.4898995 ], [ 100.5842629, 1.4899186 ], [ 100.5843108, 1.49002 ], [ 100.5843518, 1.4901176 ], [ 100.5843818, 1.4901704 ], [ 100.5844179, 1.4901817 ], [ 100.5844423, 1.4902017 ], [ 100.5844921, 1.4902668 ], [ 100.5845313, 1.4903268 ], [ 100.5845777, 1.4903684 ], [ 100.5846408, 1.4904244 ], [ 100.5847122, 1.4904315 ], [ 100.584744, 1.4904475 ], [ 100.5847773, 1.4904661 ], [ 100.5848722, 1.490466 ], [ 100.5849429, 1.4904362 ], [ 100.5850143, 1.4904216 ], [ 100.5850805, 1.4903873 ], [ 100.5851741, 1.4903505 ], [ 100.5852521, 1.4903155 ], [ 100.5853499, 1.4903714 ] ] ] } },
{ "type": "Feature", "properties": { "Name": "popygon", "description": null, "timestamp": null, "begin": null, "end": null }, "geometry": { "type": "Polygon", "coordinates": [ [ [ 100.5759386, 1.4932718 ], [ 100.5759631, 1.4932747 ], [ 100.5758277, 1.4931538 ], [ 100.5757222, 1.4930444 ], [ 100.5756523, 1.4929997 ], [ 100.5755259, 1.492911 ], [ 100.5754062, 1.4928221 ], [ 100.5753523, 1.4927906 ], [ 100.575292, 1.4927486 ], [ 100.5752193, 1.4926838 ], [ 100.57513, 1.4926507 ], [ 100.5750923, 1.4926082 ], [ 100.5750425, 1.4925661 ], [ 100.5747923, 1.4923896 ], [ 100.5747432, 1.4923517 ], [ 100.5746986, 1.4923026 ], [ 100.5746261, 1.4922522 ], [ 100.5745536, 1.4921885 ], [ 100.5745261, 1.4921663 ], [ 100.5743908, 1.4920688 ], [ 100.5743412, 1.4919949 ], [ 100.5743084, 1.4919472 ], [ 100.574228, 1.4918742 ], [ 100.574125, 1.4918326 ], [ 100.574023, 1.4918167 ], [ 100.5739691, 1.4917865 ], [ 100.5739375, 1.491723 ], [ 100.573906, 1.4916603 ], [ 100.5739092, 1.4915722 ], [ 100.573919, 1.4915415 ], [ 100.5739662, 1.4914562 ], [ 100.5740255, 1.4913679 ], [ 100.5740811, 1.4913111 ], [ 100.5741065, 1.4912786 ], [ 100.5741931, 1.4912231 ], [ 100.574271, 1.4911755 ], [ 100.5743272, 1.4911608 ], [ 100.5743437, 1.4911769 ], [ 100.5743679, 1.4913075 ], [ 100.5745516, 1.491494 ], [ 100.5746514, 1.491559 ], [ 100.5750129, 1.4917714 ], [ 100.575217, 1.4919244 ], [ 100.5753104, 1.4919971 ], [ 100.5756246, 1.4923358 ], [ 100.576003, 1.4927735 ], [ 100.5760233, 1.4933438 ], [ 100.5759386, 1.4932718 ] ] ] } },
{ "type": "Feature", "properties": { "Name": "polygon", "description": null, "timestamp": null, "begin": null, "end": null }, "geometry": { "type": "Polygon", "coordinates": [ [ [ 100.6079455, 1.4843444 ], [ 100.6079087, 1.4843572 ], [ 100.6078922, 1.48435 ], [ 100.6078013, 1.4842257 ], [ 100.6077506, 1.4841647 ], [ 100.6076905, 1.4841134 ], [ 100.6076368, 1.4840512 ], [ 100.6076174, 1.4840176 ], [ 100.6075369, 1.4839517 ], [ 100.6074849, 1.4839168 ], [ 100.6074416, 1.4838621 ], [ 100.6073699, 1.4838011 ], [ 100.6073145, 1.4837492 ], [ 100.6072921, 1.4837305 ], [ 100.6072147, 1.4836802 ], [ 100.6071965, 1.4836433 ], [ 100.6072542, 1.483593 ], [ 100.6073182, 1.4835199 ], [ 100.6073689, 1.4834556 ], [ 100.6074107, 1.4834166 ], [ 100.6074734, 1.4833829 ], [ 100.6075286, 1.4832984 ], [ 100.6075772, 1.4832515 ], [ 100.6076192, 1.4832124 ], [ 100.6076817, 1.4831469 ], [ 100.6077628, 1.4830748 ], [ 100.6078242, 1.4830194 ], [ 100.607905, 1.4829572 ], [ 100.6079697, 1.4828892 ], [ 100.6080181, 1.482853 ], [ 100.608073, 1.4828209 ], [ 100.6081238, 1.4827825 ], [ 100.6081782, 1.4827438 ], [ 100.6082538, 1.4826974 ], [ 100.6082936, 1.4826619 ], [ 100.608324, 1.4826457 ], [ 100.608365, 1.4827054 ], [ 100.6084072, 1.4827277 ], [ 100.6084262, 1.4827458 ], [ 100.6084614, 1.4827884 ], [ 100.6084882, 1.4828233 ], [ 100.6085156, 1.4828532 ], [ 100.6085628, 1.48291 ], [ 100.608583, 1.4829452 ], [ 100.6085992, 1.4829737 ], [ 100.6086081, 1.4829908 ], [ 100.6086143, 1.4829945 ], [ 100.608631, 1.4830176 ], [ 100.6086633, 1.4830616 ], [ 100.6086982, 1.4831096 ], [ 100.6087298, 1.4831512 ], [ 100.6087724, 1.4832078 ], [ 100.6088185, 1.4832639 ], [ 100.6088893, 1.483347 ], [ 100.608952, 1.4834216 ], [ 100.6090084, 1.4834761 ], [ 100.6090809, 1.4835538 ], [ 100.6091198, 1.4836068 ], [ 100.6090925, 1.4836449 ], [ 100.6090141, 1.4836974 ], [ 100.608947, 1.4837684 ], [ 100.6089145, 1.4837978 ], [ 100.6088024, 1.4838507 ], [ 100.6087702, 1.4838788 ], [ 100.6086745, 1.4839409 ], [ 100.6085536, 1.4840278 ], [ 100.6084396, 1.4840708 ], [ 100.6083802, 1.4841424 ], [ 100.6083007, 1.4841729 ], [ 100.6082136, 1.4842211 ], [ 100.6081352, 1.484251 ], [ 100.6080465, 1.4842815 ], [ 100.6079824, 1.4843267 ], [ 100.6079455, 1.4843444 ] ] ] } },
{ "type": "Feature", "properties": { "Name": "polygon", "description": null, "timestamp": null, "begin": null, "end": null }, "geometry": { "type": "Polygon", "coordinates": [ [ [ 100.5762345, 1.4936074 ], [ 100.5761185, 1.4935188 ], [ 100.5760233, 1.4933438 ], [ 100.5760155, 1.4932462 ], [ 100.576003, 1.4927735 ], [ 100.5757579, 1.492434 ], [ 100.5756246, 1.4923358 ], [ 100.5753104, 1.4919971 ], [ 100.5752799, 1.491937 ], [ 100.5754341, 1.4917628 ], [ 100.5755161, 1.4916459 ], [ 100.5755621, 1.4915847 ], [ 100.5756083, 1.4915257 ], [ 100.5757239, 1.4913498 ], [ 100.5758532, 1.4911397 ], [ 100.5759336, 1.4910174 ], [ 100.5759908, 1.4909257 ], [ 100.5762413, 1.4905606 ], [ 100.5766628, 1.4899746 ], [ 100.5770952, 1.4892054 ], [ 100.5774206, 1.4886526 ], [ 100.5776466, 1.4883491 ], [ 100.5779453, 1.4884278 ], [ 100.5780678, 1.4884837 ], [ 100.5784754, 1.4887148 ], [ 100.578564, 1.4887595 ], [ 100.5788207, 1.4889076 ], [ 100.579155, 1.4891577 ], [ 100.579027, 1.4894421 ], [ 100.5789634, 1.4895738 ], [ 100.5788985, 1.4897013 ], [ 100.5788822, 1.4897348 ], [ 100.5787887, 1.4898768 ], [ 100.5786702, 1.4900612 ], [ 100.5786104, 1.490145 ], [ 100.5784358, 1.4903868 ], [ 100.5783957, 1.4904439 ], [ 100.5782636, 1.4906191 ], [ 100.5778113, 1.4911248 ], [ 100.5777482, 1.4911737 ], [ 100.5772296, 1.4916323 ], [ 100.5770255, 1.4919111 ], [ 100.5769742, 1.491997 ], [ 100.576825, 1.492297 ], [ 100.5768096, 1.4923447 ], [ 100.5767177, 1.4926615 ], [ 100.5765476, 1.4931552 ], [ 100.5764155, 1.4934297 ], [ 100.5763431, 1.4935265 ], [ 100.5763065, 1.4935992 ], [ 100.576253, 1.4936111 ], [ 100.5762345, 1.4936074 ] ] ] } },
{ "type": "Feature", "properties": { "Name": "Polygon", "description": null, "timestamp": null, "begin": null, "end": null }, "geometry": { "type": "Polygon", "coordinates": [ [ [ 100.6208311, 1.5229475 ], [ 100.6207658, 1.5229824 ], [ 100.6207619, 1.5229789 ], [ 100.6206793, 1.5229018 ], [ 100.6205485, 1.522665 ], [ 100.6204254, 1.5224731 ], [ 100.6203333, 1.5223 ], [ 100.6202216, 1.5221533 ], [ 100.620097, 1.5219745 ], [ 100.6199611, 1.5217878 ], [ 100.6198762, 1.5216764 ], [ 100.6198337, 1.5216326 ], [ 100.6197312, 1.521529 ], [ 100.6195417, 1.5213412 ], [ 100.6193935, 1.5211765 ], [ 100.6192605, 1.5210096 ], [ 100.6190869, 1.5208254 ], [ 100.6188952, 1.5206642 ], [ 100.6186783, 1.5204642 ], [ 100.6185036, 1.5203048 ], [ 100.6183911, 1.5202069 ], [ 100.6182421, 1.5200719 ], [ 100.6180771, 1.5199209 ], [ 100.6179105, 1.5197689 ], [ 100.6177728, 1.519621 ], [ 100.6176002, 1.5194233 ], [ 100.6174084, 1.5192267 ], [ 100.61731, 1.5191117 ], [ 100.6173144, 1.5190138 ], [ 100.6173322, 1.5188305 ], [ 100.6173649, 1.5186741 ], [ 100.6173893, 1.5184327 ], [ 100.6174309, 1.518173 ], [ 100.6174733, 1.5179133 ], [ 100.6175101, 1.517667 ], [ 100.6175202, 1.5174623 ], [ 100.6174996, 1.5172463 ], [ 100.6174748, 1.5170514 ], [ 100.6174664, 1.5168853 ], [ 100.6174625, 1.5167149 ], [ 100.6174706, 1.5166074 ], [ 100.6175012, 1.5164159 ], [ 100.6175241, 1.5162205 ], [ 100.6175498, 1.5160356 ], [ 100.6175676, 1.5158466 ], [ 100.6175762, 1.5156589 ], [ 100.6175753, 1.5156129 ], [ 100.6175848, 1.5155256 ], [ 100.6175889, 1.5155191 ], [ 100.6176044, 1.5154618 ], [ 100.6176224, 1.5153448 ], [ 100.6175675, 1.5152741 ], [ 100.6174304, 1.5151557 ], [ 100.6173855, 1.5151318 ], [ 100.6172745, 1.5150724 ], [ 100.6171029, 1.5149411 ], [ 100.6170782, 1.5149138 ], [ 100.6170997, 1.5148071 ], [ 100.6171271, 1.5145566 ], [ 100.6171246, 1.5143585 ], [ 100.6171205, 1.5140912 ], [ 100.6170765, 1.5138377 ], [ 100.6169862, 1.5135838 ], [ 100.6169739, 1.5133486 ], [ 100.6169256, 1.5131804 ], [ 100.6167811, 1.5130526 ], [ 100.6165373, 1.5129281 ], [ 100.616463, 1.5128794 ], [ 100.6164674, 1.5127665 ], [ 100.6165849, 1.5125967 ], [ 100.6167142, 1.5124122 ], [ 100.6168259, 1.5122563 ], [ 100.6169713, 1.5120774 ], [ 100.6171262, 1.5118819 ], [ 100.6172781, 1.5116782 ], [ 100.6173883, 1.5115021 ], [ 100.6174676, 1.5113405 ], [ 100.6175122, 1.5112359 ], [ 100.6176229, 1.5110499 ], [ 100.6177153, 1.5108406 ], [ 100.6177722, 1.5106681 ], [ 100.6178079, 1.5105644 ], [ 100.6178699, 1.5103848 ], [ 100.6179385, 1.5102061 ], [ 100.6180349, 1.5099968 ], [ 100.6180467, 1.5099896 ], [ 100.6182093, 1.5100838 ], [ 100.6183938, 1.5101977 ], [ 100.6186393, 1.5103419 ], [ 100.6188139, 1.5104484 ], [ 100.6190197, 1.5105703 ], [ 100.6192414, 1.5106935 ], [ 100.6194287, 1.5108033 ], [ 100.6194313, 1.510886 ], [ 100.6194273, 1.510895 ], [ 100.6193138, 1.5110603 ], [ 100.6191986, 1.5112241 ], [ 100.6191303, 1.5113238 ], [ 100.6190563, 1.5114261 ], [ 100.6189173, 1.5115497 ], [ 100.6187552, 1.5116576 ], [ 100.6186324, 1.5117383 ], [ 100.618478, 1.5118433 ], [ 100.6184444, 1.5118658 ], [ 100.6183361, 1.5119906 ], [ 100.6182482, 1.5121033 ], [ 100.6181653, 1.512216 ], [ 100.6180576, 1.512378 ], [ 100.6179757, 1.5125421 ], [ 100.6179332, 1.5126448 ], [ 100.6179768, 1.5128496 ], [ 100.6180716, 1.5130677 ], [ 100.6181559, 1.5132461 ], [ 100.6182491, 1.5134378 ], [ 100.6182922, 1.5136871 ], [ 100.618342, 1.513913 ], [ 100.618369, 1.5141005 ], [ 100.6183932, 1.514285 ], [ 100.6184259, 1.5145056 ], [ 100.6184777, 1.5146914 ], [ 100.6185409, 1.5148719 ], [ 100.6185419, 1.5150547 ], [ 100.6185452, 1.51511 ], [ 100.6185303, 1.5151743 ], [ 100.6185184, 1.5153508 ], [ 100.6185091, 1.5155331 ], [ 100.6185143, 1.5156974 ], [ 100.6185382, 1.5158596 ], [ 100.6185574, 1.5160115 ], [ 100.6185627, 1.5161798 ], [ 100.6185372, 1.5163487 ], [ 100.6184958, 1.5165215 ], [ 100.6184264, 1.5166514 ], [ 100.6184045, 1.5167095 ], [ 100.6183393, 1.5169081 ], [ 100.6183353, 1.5169519 ], [ 100.6183934, 1.517133 ], [ 100.6184031, 1.5173012 ], [ 100.6183918, 1.5175436 ], [ 100.6183767, 1.5177668 ], [ 100.6183493, 1.5180203 ], [ 100.6183001, 1.5182352 ], [ 100.6182688, 1.5183678 ], [ 100.6182595, 1.5184672 ], [ 100.6182823, 1.5186981 ], [ 100.6183358, 1.518802 ], [ 100.6185003, 1.518944 ], [ 100.6186606, 1.5191001 ], [ 100.6187829, 1.5192422 ], [ 100.6188424, 1.5193135 ], [ 100.6189567, 1.5195287 ], [ 100.6191247, 1.5197119 ], [ 100.6192675, 1.5198256 ], [ 100.619425, 1.5199328 ], [ 100.6194789, 1.5200908 ], [ 100.6195312, 1.5202622 ], [ 100.6195946, 1.5204 ], [ 100.6197467, 1.5205191 ], [ 100.6197606, 1.5206516 ], [ 100.6197601, 1.5207591 ], [ 100.6197915, 1.5207707 ], [ 100.6199245, 1.5207579 ], [ 100.6200937, 1.5207187 ], [ 100.6201882, 1.5206999 ], [ 100.6201971, 1.5207004 ], [ 100.6202698, 1.5207186 ], [ 100.6202833, 1.5208408 ], [ 100.6202896, 1.520868 ], [ 100.6203052, 1.521006 ], [ 100.6203161, 1.5211265 ], [ 100.6203322, 1.52128 ], [ 100.6203449, 1.5214105 ], [ 100.6203242, 1.521509 ], [ 100.6203275, 1.5216404 ], [ 100.6203753, 1.5217478 ], [ 100.6204511, 1.5220187 ], [ 100.620529, 1.5222544 ], [ 100.6205844, 1.5223972 ], [ 100.6207128, 1.5226285 ], [ 100.6208635, 1.5228657 ], [ 100.6208816, 1.5228854 ], [ 100.6208812, 1.5228979 ], [ 100.6208311, 1.5229475 ] ] ] } },
{ "type": "Feature", "properties": { "Name": "div1", "description": null, "timestamp": null, "begin": null, "end": null }, "geometry": { "type": "Polygon", "coordinates": [ [ [ 100.618876, 1.5257413 ], [ 100.6190922, 1.5256251 ], [ 100.6192968, 1.5255132 ], [ 100.619508, 1.5253858 ], [ 100.6197041, 1.5252683 ], [ 100.6199078, 1.5251506 ], [ 100.6200916, 1.5250564 ], [ 100.6201404, 1.5250411 ], [ 100.62015, 1.5251207 ], [ 100.6201509, 1.5251696 ], [ 100.6201674, 1.5253066 ], [ 100.6201712, 1.5254934 ], [ 100.6201544, 1.5256603 ], [ 100.6201595, 1.5257746 ], [ 100.6201699, 1.5258545 ], [ 100.6201373, 1.5259068 ], [ 100.6201441, 1.5259711 ], [ 100.620155, 1.5259743 ], [ 100.6203228, 1.5261114 ], [ 100.6205418, 1.526338 ], [ 100.6205533, 1.5264734 ], [ 100.6205607, 1.5265119 ], [ 100.6205627, 1.5267281 ], [ 100.6205793, 1.5269949 ], [ 100.6206347, 1.5270434 ], [ 100.6208408, 1.5271668 ], [ 100.6209171, 1.5271254 ], [ 100.6211304, 1.5270114 ], [ 100.6212251, 1.5270274 ], [ 100.6213136, 1.5271036 ], [ 100.6213252, 1.527148 ], [ 100.6213702, 1.5273383 ], [ 100.6213759, 1.5273397 ], [ 100.6215889, 1.5274334 ], [ 100.6217695, 1.5275219 ], [ 100.6219221, 1.5276822 ], [ 100.621968, 1.5277762 ], [ 100.6220233, 1.5279014 ], [ 100.6220182, 1.5279684 ], [ 100.6220409, 1.5282015 ], [ 100.6220854, 1.5282958 ], [ 100.6223354, 1.5282749 ], [ 100.6224669, 1.5282456 ], [ 100.6224703, 1.5282596 ], [ 100.6225197, 1.528481 ], [ 100.6225336, 1.5285299 ], [ 100.6225556, 1.5286253 ], [ 100.6225875, 1.5288005 ], [ 100.6225989, 1.5288093 ], [ 100.6226578, 1.5288316 ], [ 100.6228926, 1.5288905 ], [ 100.6230331, 1.528926 ], [ 100.6231619, 1.5289141 ], [ 100.6231749, 1.5289497 ], [ 100.6231968, 1.5291506 ], [ 100.6231968, 1.529159 ], [ 100.6232215, 1.5293409 ], [ 100.6232528, 1.5295391 ], [ 100.6232878, 1.52975 ], [ 100.6232955, 1.529913 ], [ 100.6233106, 1.5300838 ], [ 100.6233129, 1.5302671 ], [ 100.6233481, 1.5303462 ], [ 100.623218, 1.5303508 ], [ 100.6230742, 1.5303475 ], [ 100.6229752, 1.5303606 ], [ 100.6229411, 1.5303462 ], [ 100.6229005, 1.5303448 ], [ 100.622863, 1.5303451 ], [ 100.6227989, 1.5303451 ], [ 100.6226142, 1.5303415 ], [ 100.6224643, 1.5303364 ], [ 100.6225294, 1.5301223 ], [ 100.6224986, 1.5300228 ], [ 100.6224834, 1.5299245 ], [ 100.6224587, 1.5296696 ], [ 100.6224476, 1.529462 ], [ 100.62243, 1.5292933 ], [ 100.6224031, 1.5290863 ], [ 100.6223668, 1.5290182 ], [ 100.6221929, 1.528999 ], [ 100.62203, 1.5289928 ], [ 100.6220203, 1.5289928 ], [ 100.6217369, 1.5289998 ], [ 100.6214325, 1.5290202 ], [ 100.6211807, 1.5290466 ], [ 100.6207769, 1.5290075 ], [ 100.620373, 1.5289683 ], [ 100.6200927, 1.5289326 ], [ 100.6198795, 1.5289187 ], [ 100.6196271, 1.5288928 ], [ 100.619347, 1.5288663 ], [ 100.6191307, 1.5288492 ], [ 100.618924, 1.5288475 ], [ 100.618673, 1.5288865 ], [ 100.6185476, 1.5288756 ], [ 100.6185024, 1.5286072 ], [ 100.6185004, 1.5284089 ], [ 100.6184949, 1.5281131 ], [ 100.6184846, 1.5278231 ], [ 100.6184787, 1.5276102 ], [ 100.6184762, 1.5273179 ], [ 100.6184751, 1.5270626 ], [ 100.618475, 1.5267735 ], [ 100.6184724, 1.5264938 ], [ 100.6184724, 1.5264938 ], [ 100.6184704, 1.5261624 ], [ 100.6184591, 1.5259653 ], [ 100.6184563, 1.5259647 ], [ 100.6186019, 1.5258948 ], [ 100.6186672, 1.5258617 ], [ 100.618876, 1.5257413 ], [ 100.618876, 1.5257413 ] ] ] } },
{ "type": "Feature", "properties": { "Name": "Perum", "description": null, "timestamp": null, "begin": null, "end": null }, "geometry": { "type": "Polygon", "coordinates": [ [ [ 100.6322423, 1.4807856 ], [ 100.6322424, 1.4807762 ], [ 100.6322366, 1.4807787 ], [ 100.6322304, 1.4807804 ], [ 100.6322465, 1.4806959 ], [ 100.6322889, 1.4805052 ], [ 100.6323344, 1.480224 ], [ 100.6323635, 1.4799787 ], [ 100.6324583, 1.4797638 ], [ 100.6324887, 1.4797487 ], [ 100.6325499, 1.47966 ], [ 100.6326147, 1.4795366 ], [ 100.6326387, 1.479528 ], [ 100.6326896, 1.479545 ], [ 100.6328555, 1.4796243 ], [ 100.6329023, 1.4796744 ], [ 100.6327637, 1.4799235 ], [ 100.6326461, 1.480208 ], [ 100.6325754, 1.480586 ], [ 100.6325582, 1.4806473 ], [ 100.6325262, 1.4808137 ], [ 100.6325101, 1.4808888 ], [ 100.6326862, 1.4809313 ], [ 100.6327353, 1.4809866 ], [ 100.6327125, 1.4810991 ], [ 100.6326901, 1.4811456 ], [ 100.632687, 1.4812074 ], [ 100.6326441, 1.4812802 ], [ 100.6326794, 1.4812849 ], [ 100.6327592, 1.4813599 ], [ 100.6326938, 1.4814257 ], [ 100.6326081, 1.4814088 ], [ 100.6326023, 1.4813917 ], [ 100.6325861, 1.4813592 ], [ 100.6325737, 1.481355 ], [ 100.6324158, 1.4813119 ], [ 100.6323728, 1.4813107 ], [ 100.6323104, 1.4813316 ], [ 100.6321987, 1.4813126 ], [ 100.6321887, 1.4811287 ], [ 100.632193, 1.4811162 ], [ 100.6321765, 1.4810519 ], [ 100.6322056, 1.48091 ], [ 100.6322382, 1.4808397 ], [ 100.6322423, 1.4807856 ] ] ] } },
{ "type": "Feature", "properties": { "Name": "polygon", "description": null, "timestamp": null, "begin": null, "end": null }, "geometry": { "type": "Polygon", "coordinates": [ [ [ 100.5965805, 1.4725044 ], [ 100.5967011, 1.4724674 ], [ 100.5967488, 1.4724554 ], [ 100.5969077, 1.4724281 ], [ 100.5970933, 1.4723929 ], [ 100.5972415, 1.4723598 ], [ 100.5972635, 1.4723571 ], [ 100.5973598, 1.4723472 ], [ 100.5974973, 1.4723106 ], [ 100.5976142, 1.4723001 ], [ 100.5976843, 1.4722829 ], [ 100.5977381, 1.472287 ], [ 100.5978968, 1.4722744 ], [ 100.5979438, 1.4722665 ], [ 100.5980936, 1.4722488 ], [ 100.5982338, 1.4722264 ], [ 100.5983619, 1.472205 ], [ 100.5983668, 1.4722193 ], [ 100.598369, 1.4722365 ], [ 100.5983756, 1.472308 ], [ 100.5983711, 1.4723389 ], [ 100.5983826, 1.4724519 ], [ 100.5983761, 1.4725528 ], [ 100.5983169, 1.4726057 ], [ 100.5982572, 1.4726247 ], [ 100.5981836, 1.4726618 ], [ 100.5980768, 1.4727022 ], [ 100.5979275, 1.4727659 ], [ 100.5978079, 1.4728094 ], [ 100.5976732, 1.4728699 ], [ 100.5975518, 1.472914 ], [ 100.5973911, 1.4729813 ], [ 100.5972531, 1.473034 ], [ 100.59717, 1.4730745 ], [ 100.5969264, 1.473206 ], [ 100.5969065, 1.4732028 ], [ 100.5969056, 1.4732083 ], [ 100.5968595, 1.4731466 ], [ 100.5968066, 1.4730217 ], [ 100.5967375, 1.4728451 ], [ 100.5966545, 1.4726892 ], [ 100.5965979, 1.4725855 ], [ 100.5965403, 1.4725166 ], [ 100.5965805, 1.4725044 ] ] ] } },
{ "type": "Feature", "properties": { "Name": "polygon", "description": null, "timestamp": null, "begin": null, "end": null }, "geometry": { "type": "Polygon", "coordinates": [ [ [ 100.6019348, 1.4776684 ], [ 100.6019309, 1.4775704 ], [ 100.6018988, 1.4774928 ], [ 100.6018931, 1.4774461 ], [ 100.601903, 1.4773875 ], [ 100.6019168, 1.4773486 ], [ 100.6019248, 1.4772351 ], [ 100.6019181, 1.4772069 ], [ 100.6019338, 1.4771213 ], [ 100.6019439, 1.4771015 ], [ 100.601954, 1.477069 ], [ 100.601952, 1.4770337 ], [ 100.6019307, 1.476982 ], [ 100.6019502, 1.4769325 ], [ 100.6019535, 1.4768711 ], [ 100.6019449, 1.4767918 ], [ 100.6019392, 1.4767406 ], [ 100.6019391, 1.4767083 ], [ 100.6019387, 1.4766446 ], [ 100.6019778, 1.4765507 ], [ 100.6019651, 1.4765147 ], [ 100.6019641, 1.4764834 ], [ 100.6019397, 1.4764265 ], [ 100.6019528, 1.4763654 ], [ 100.6019459, 1.476323 ], [ 100.6019931, 1.4762918 ], [ 100.601991, 1.4762913 ], [ 100.6019941, 1.4762629 ], [ 100.6019949, 1.4761981 ], [ 100.6020101, 1.4761648 ], [ 100.6019934, 1.4761189 ], [ 100.6019906, 1.4760428 ], [ 100.6020252, 1.4759878 ], [ 100.6020307, 1.475959 ], [ 100.6020354, 1.4758761 ], [ 100.6020351, 1.4757957 ], [ 100.6020251, 1.4757371 ], [ 100.6020102, 1.4757107 ], [ 100.6020138, 1.4756863 ], [ 100.6020133, 1.4755922 ], [ 100.6020362, 1.4754788 ], [ 100.6020317, 1.4754517 ], [ 100.6020538, 1.4753345 ], [ 100.6020614, 1.4752668 ], [ 100.6020837, 1.4752626 ], [ 100.6020889, 1.475172 ], [ 100.6020851, 1.4751138 ], [ 100.6020958, 1.4750739 ], [ 100.6020955, 1.4750186 ], [ 100.602125, 1.4749423 ], [ 100.6021174, 1.4749227 ], [ 100.6021252, 1.474805 ], [ 100.6021526, 1.4747993 ], [ 100.6022483, 1.4747553 ], [ 100.6023697, 1.4746934 ], [ 100.602526, 1.4745795 ], [ 100.602552, 1.474552 ], [ 100.6026016, 1.4745204 ], [ 100.6026668, 1.474496 ], [ 100.6026748, 1.4745117 ], [ 100.6026659, 1.474668 ], [ 100.6026679, 1.474726 ], [ 100.6026648, 1.4747465 ], [ 100.602657, 1.4748633 ], [ 100.6026663, 1.4749007 ], [ 100.6026653, 1.4749551 ], [ 100.6026684, 1.4749701 ], [ 100.6026705, 1.4750749 ], [ 100.6026686, 1.4750855 ], [ 100.6026467, 1.4751956 ], [ 100.6026472, 1.4751964 ], [ 100.6026544, 1.475285 ], [ 100.6026477, 1.4753636 ], [ 100.6026406, 1.4754756 ], [ 100.6026389, 1.4754963 ], [ 100.6026494, 1.4755206 ], [ 100.6026523, 1.4755476 ], [ 100.6026511, 1.475587 ], [ 100.6026604, 1.4756481 ], [ 100.6026568, 1.4757326 ], [ 100.6026443, 1.4758081 ], [ 100.6026107, 1.4759003 ], [ 100.6026042, 1.4760164 ], [ 100.6026057, 1.4760389 ], [ 100.6026, 1.4761382 ], [ 100.6025975, 1.4762619 ], [ 100.6025876, 1.4763976 ], [ 100.6025783, 1.4764469 ], [ 100.6025899, 1.4765447 ], [ 100.6025945, 1.4765924 ], [ 100.6026053, 1.4766613 ], [ 100.6026229, 1.4767751 ], [ 100.6026074, 1.4768095 ], [ 100.6026193, 1.4768676 ], [ 100.6025627, 1.4769621 ], [ 100.6025561, 1.4769817 ], [ 100.6025549, 1.4770638 ], [ 100.6025617, 1.477139 ], [ 100.6025462, 1.4771632 ], [ 100.6025514, 1.4771689 ], [ 100.602566, 1.4772229 ], [ 100.6025658, 1.4772262 ], [ 100.6025492, 1.4772297 ], [ 100.6025489, 1.477239 ], [ 100.6025318, 1.4772604 ], [ 100.6025269, 1.4772838 ], [ 100.6025282, 1.4773249 ], [ 100.6025271, 1.4773414 ], [ 100.602515, 1.4773415 ], [ 100.6025138, 1.4773476 ], [ 100.6025095, 1.4773526 ], [ 100.6025101, 1.4773591 ], [ 100.6024955, 1.4773658 ], [ 100.6024788, 1.4773651 ], [ 100.6024496, 1.477387 ], [ 100.602375, 1.4774305 ], [ 100.6023228, 1.4774641 ], [ 100.6022691, 1.4774956 ], [ 100.6022013, 1.4775346 ], [ 100.6020958, 1.4776041 ], [ 100.6020293, 1.4776569 ], [ 100.6019721, 1.477673 ], [ 100.6019522, 1.4776905 ], [ 100.6019053, 1.4776787 ], [ 100.6019055, 1.4776665 ], [ 100.6019348, 1.4776684 ] ] ] } },
{ "type": "Feature", "properties": { "Name": "polygon", "description": null, "timestamp": null, "begin": null, "end": null }, "geometry": { "type": "Polygon", "coordinates": [ [ [ 100.5996481, 1.5109498 ], [ 100.5996481, 1.5109498 ], [ 100.599824, 1.5111921 ], [ 100.5994357, 1.5116 ], [ 100.5994357, 1.5116 ], [ 100.5990454, 1.5119621 ], [ 100.5986949, 1.5125651 ], [ 100.5985421, 1.512864 ], [ 100.5983431, 1.5132898 ], [ 100.5983431, 1.5132898 ], [ 100.5983282, 1.5133504 ], [ 100.5982924, 1.5133504 ], [ 100.598253, 1.5134258 ], [ 100.598253, 1.5134258 ], [ 100.598253, 1.5134258 ], [ 100.5981075, 1.5135063 ], [ 100.5980473, 1.5136235 ], [ 100.5978519, 1.5141492 ], [ 100.5974806, 1.5139932 ], [ 100.5974613, 1.5139429 ], [ 100.5975801, 1.5137342 ], [ 100.5976526, 1.5135082 ], [ 100.5979257, 1.5130161 ], [ 100.597991, 1.5128033 ], [ 100.5980287, 1.5125439 ], [ 100.5980298, 1.5125434 ], [ 100.5980532, 1.5125313 ], [ 100.5980161, 1.5124678 ], [ 100.5978367, 1.5123465 ], [ 100.5972408, 1.5120782 ], [ 100.5968763, 1.5124614 ], [ 100.5967851, 1.512656 ], [ 100.5966555, 1.5127577 ], [ 100.5964144, 1.5132908 ], [ 100.5963981, 1.5133696 ], [ 100.5964241, 1.5134486 ], [ 100.5963048, 1.513601 ], [ 100.5963705, 1.5136503 ], [ 100.5962741, 1.5136813 ], [ 100.5962814, 1.5137749 ], [ 100.5962432, 1.5137791 ], [ 100.5963048, 1.5138881 ], [ 100.5962707, 1.5139228 ], [ 100.5962642, 1.5142459 ], [ 100.5960391, 1.5147372 ], [ 100.5959029, 1.5151546 ], [ 100.5958329, 1.5151718 ], [ 100.5956372, 1.5150736 ], [ 100.5956406, 1.514823 ], [ 100.5957153, 1.5147149 ], [ 100.595698, 1.5146848 ], [ 100.5956986, 1.5146854 ], [ 100.5956372, 1.5146181 ], [ 100.5954267, 1.5145561 ], [ 100.595333, 1.5145894 ], [ 100.5951753, 1.5149028 ], [ 100.5951739, 1.514999 ], [ 100.5949227, 1.5149247 ], [ 100.5945259, 1.5146972 ], [ 100.5945025, 1.5145402 ], [ 100.5944703, 1.5144916 ], [ 100.5943404, 1.5144412 ], [ 100.5942876, 1.514364 ], [ 100.5942079, 1.5144166 ], [ 100.5938769, 1.5142639 ], [ 100.5936674, 1.5141326 ], [ 100.5934825, 1.5139454 ], [ 100.5933089, 1.5138503 ], [ 100.5928542, 1.5131815 ], [ 100.5927404, 1.5128024 ], [ 100.592212, 1.5125127 ], [ 100.5917844, 1.5123631 ], [ 100.591282, 1.5119679 ], [ 100.5910769, 1.5117311 ], [ 100.5910433, 1.5115693 ], [ 100.5909469, 1.5114601 ], [ 100.5907569, 1.5112136 ], [ 100.5905943, 1.5110572 ], [ 100.5903424, 1.5106603 ], [ 100.5898305, 1.5101088 ], [ 100.5898502, 1.5100641 ], [ 100.5897893, 1.5099192 ], [ 100.5896166, 1.5097755 ], [ 100.5891623, 1.5096259 ], [ 100.5886581, 1.5093203 ], [ 100.5890428, 1.5076533 ], [ 100.5893239, 1.5077725 ], [ 100.5895208, 1.5078537 ], [ 100.5903069, 1.5081644 ], [ 100.5906854, 1.5083385 ], [ 100.5908699, 1.5084192 ], [ 100.5911838, 1.5085286 ], [ 100.5915039, 1.5085804 ], [ 100.5917017, 1.5086152 ], [ 100.5919179, 1.508657 ], [ 100.5920574, 1.508686 ], [ 100.5923207, 1.5087159 ], [ 100.5925091, 1.5087265 ], [ 100.5932199, 1.5087033 ], [ 100.5937553, 1.5086737 ], [ 100.5961805, 1.5090587 ], [ 100.5967823, 1.5094012 ], [ 100.5968141, 1.5094404 ], [ 100.5969366, 1.5095128 ], [ 100.5970221, 1.5095537 ], [ 100.5976195, 1.509842 ], [ 100.5979086, 1.5100113 ], [ 100.5980639, 1.510119 ], [ 100.5982601, 1.5102469 ], [ 100.5987083, 1.5104573 ], [ 100.5989607, 1.5105578 ], [ 100.5991149, 1.5106458 ], [ 100.5996481, 1.5109498 ] ] ] } },
{ "type": "Feature", "properties": { "Name": "polygon", "description": null, "timestamp": null, "begin": null, "end": null }, "geometry": { "type": "Polygon", "coordinates": [ [ [ 100.5825189, 1.5000793 ], [ 100.5827103, 1.4998584 ], [ 100.5838476, 1.4984306 ], [ 100.5838154, 1.4980522 ], [ 100.5836977, 1.4978562 ], [ 100.5836182, 1.4976578 ], [ 100.5836095, 1.4975535 ], [ 100.5840212, 1.4975073 ], [ 100.5844618, 1.4974697 ], [ 100.5846315, 1.4974801 ], [ 100.5848437, 1.4974821 ], [ 100.585068, 1.4974687 ], [ 100.5854586, 1.4974761 ], [ 100.58622, 1.4974724 ], [ 100.5871031, 1.497395 ], [ 100.5872647, 1.4974101 ], [ 100.5879594, 1.4973866 ], [ 100.5881673, 1.4975699 ], [ 100.588285, 1.4977637 ], [ 100.5883614, 1.4978743 ], [ 100.5886769, 1.4984514 ], [ 100.5888003, 1.4986713 ], [ 100.5891154, 1.4991298 ], [ 100.5894913, 1.4997642 ], [ 100.5897786, 1.5002083 ], [ 100.590018, 1.5007992 ], [ 100.5901575, 1.5012051 ], [ 100.5902359, 1.5013365 ], [ 100.5902349, 1.5014287 ], [ 100.5899067, 1.5014659 ], [ 100.5895168, 1.5014766 ], [ 100.5890608, 1.5015071 ], [ 100.5884878, 1.5015007 ], [ 100.5878243, 1.5015168 ], [ 100.5871386, 1.5016173 ], [ 100.5865261, 1.5016609 ], [ 100.5860329, 1.5016432 ], [ 100.5856933, 1.50156 ], [ 100.5852816, 1.501432 ], [ 100.5849798, 1.5013083 ], [ 100.5847283, 1.5012845 ], [ 100.5844792, 1.5012715 ], [ 100.5842217, 1.5011893 ], [ 100.5840833, 1.5011066 ], [ 100.5839361, 1.501012 ], [ 100.5837963, 1.5009293 ], [ 100.583466, 1.5007349 ], [ 100.5831589, 1.5005204 ], [ 100.5829752, 1.5003652 ], [ 100.5827606, 1.5002338 ], [ 100.5825189, 1.5000793 ] ] ] } },
{ "type": "Feature", "properties": { "Name": null, "description": null, "timestamp": null, "begin": null, "end": null }, "geometry": { "type": "Polygon", "coordinates": [ [ [ 100.599805, 1.4830571 ], [ 100.59997, 1.47933 ], [ 100.6001142, 1.4793287 ], [ 100.6001588, 1.4795445 ], [ 100.6002111, 1.4802775 ], [ 100.600151, 1.4810126 ], [ 100.6001296, 1.4816353 ], [ 100.6002567, 1.4816819 ], [ 100.6006734, 1.4819286 ], [ 100.6007854, 1.4820499 ], [ 100.6017389, 1.4824846 ], [ 100.6015746, 1.4827785 ], [ 100.6023451, 1.4832786 ], [ 100.6021567, 1.4837096 ], [ 100.6017664, 1.4841959 ], [ 100.6016678, 1.4846477 ], [ 100.6022013, 1.4852038 ], [ 100.6027065, 1.4856036 ], [ 100.6025556, 1.4858419 ], [ 100.600771, 1.4840522 ], [ 100.6001366, 1.4834673 ], [ 100.599805, 1.4830571 ] ] ] } },
{ "type": "Feature", "properties": { "Name": "Polygon", "description": null, "timestamp": null, "begin": null, "end": null }, "geometry": { "type": "Polygon", "coordinates": [ [ [ 100.5947829, 1.4909284 ], [ 100.5946579, 1.490807 ], [ 100.5947601, 1.4905583 ], [ 100.5949647, 1.4901893 ], [ 100.5952312, 1.4896159 ], [ 100.5954813, 1.4890233 ], [ 100.5956925, 1.4886653 ], [ 100.5956825, 1.4890585 ], [ 100.5958917, 1.4891523 ], [ 100.5961626, 1.4893323 ], [ 100.5964268, 1.4894744 ], [ 100.5968858, 1.4897633 ], [ 100.5983851, 1.4905935 ], [ 100.5986091, 1.490742 ], [ 100.5986705, 1.4911171 ], [ 100.5987141, 1.4914405 ], [ 100.5987499, 1.4916838 ], [ 100.5988203, 1.4919761 ], [ 100.5988508, 1.4922596 ], [ 100.5987315, 1.4924896 ], [ 100.5985407, 1.4926203 ], [ 100.5983929, 1.4927382 ], [ 100.5982507, 1.4928348 ], [ 100.5981481, 1.4928291 ], [ 100.5974729, 1.4924121 ], [ 100.5970377, 1.4921031 ], [ 100.5968104, 1.4919989 ], [ 100.596403, 1.4917693 ], [ 100.5958394, 1.4914666 ], [ 100.5956117, 1.4913208 ], [ 100.5951564, 1.4911137 ], [ 100.5947829, 1.4909284 ] ] ] } },
{ "type": "Feature", "properties": { "Name": "polygon", "description": null, "timestamp": null, "begin": null, "end": null }, "geometry": { "type": "Polygon", "coordinates": [ [ [ 100.5976537, 1.4925857 ], [ 100.5980807, 1.4928895 ], [ 100.5982314, 1.4929572 ], [ 100.5985968, 1.4931416 ], [ 100.5987171, 1.4932134 ], [ 100.5987907, 1.4933525 ], [ 100.5987968, 1.4934163 ], [ 100.598871, 1.4943799 ], [ 100.5988717, 1.4944573 ], [ 100.5988848, 1.4945932 ], [ 100.5989084, 1.4949298 ], [ 100.5990295, 1.4951305 ], [ 100.5991088, 1.4955265 ], [ 100.5990965, 1.495507 ], [ 100.5990405, 1.495405 ], [ 100.5989952, 1.4953661 ], [ 100.5989423, 1.4953552 ], [ 100.5988219, 1.4952869 ], [ 100.5988252, 1.4952827 ], [ 100.5988571, 1.4953152 ], [ 100.5988195, 1.4953034 ], [ 100.5986807, 1.4952952 ], [ 100.5985333, 1.4953252 ], [ 100.5984447, 1.4953315 ], [ 100.5982001, 1.495316 ], [ 100.5979614, 1.4953107 ], [ 100.5977227, 1.4953106 ], [ 100.5975167, 1.4953217 ], [ 100.5972756, 1.4953328 ], [ 100.5971023, 1.4953408 ], [ 100.5969462, 1.4953557 ], [ 100.5968701, 1.4953795 ], [ 100.5968905, 1.4954278 ], [ 100.5968668, 1.4954764 ], [ 100.596876, 1.4955387 ], [ 100.5957925, 1.4954058 ], [ 100.5957862, 1.4954127 ], [ 100.595597, 1.4952056 ], [ 100.5955277, 1.4949476 ], [ 100.5955231, 1.4949112 ], [ 100.5955755, 1.4941517 ], [ 100.5956809, 1.4933438 ], [ 100.5956791, 1.4930331 ], [ 100.595645, 1.4928823 ], [ 100.5956334, 1.4926243 ], [ 100.5957304, 1.4925652 ], [ 100.5959204, 1.492513 ], [ 100.59602, 1.4925063 ], [ 100.5965263, 1.4924337 ], [ 100.596746, 1.4923766 ], [ 100.5969547, 1.4923325 ], [ 100.5970962, 1.4922367 ], [ 100.5972999, 1.4923469 ], [ 100.5978138, 1.4927023 ], [ 100.5976537, 1.4925857 ] ] ] } }
]

