<?xml version="1.0" encoding= "UTF-8" ?>
<kml>
   <Document>
      <name>peta kebun2 2018</name>
      <Placemark>
         <description></description>
         <ExtendedData/>
         <name>polygon</name>
         <Style>
            <LineStyle>
               <color>ff000000</color>
               <width>2.0</width>
            </LineStyle>
            <PolyStyle>
               <color>ff4fc5ff</color>
            </PolyStyle>
         </Style>
         <Polygon>
            <outerBoundaryIs>
               <LinearRing>
                  <coordinates>100.6078265234828,1.4858684113880503,0.0 100.60791905969381,1.4858375763559075,0.0 100.60770783573389,1.4860064987006487,0.0 100.60746610164642,1.48622301422681,0.0 100.60717977583408,1.4864693592656009,0.0 100.60712981969117,1.4864261231995481,0.0 100.60704407,1.48650496,0.0 100.60631694,1.48615209,0.0 100.60620638,1.48605268,0.0 100.60615618,1.48593466,0.0 100.60616565,1.48582402,0.0 100.60626707,1.48556929,0.0 100.60638065,1.48541255,0.0 100.60638459,1.48523242,0.0 100.60642842,1.48510133,0.0 100.60654040426016,1.4852349524890494,0.0 100.60676638036966,1.4854273363220227,0.0 100.60686394572258,1.4854484516197448,0.0 100.60699135065077,1.4855248688859959,0.0 100.60710031539202,1.485545649019359,0.0 100.60721699148418,1.4855396160774272,0.0 100.60735009610654,1.485548330326863,0.0 100.60747783631086,1.4855791653630515,0.0 100.60757037252188,1.4856086597450873,0.0 100.60760658234358,1.485674351776386,0.0 100.60770716518164,1.48572563177906,0.0 100.6078265234828,1.4858684113880503,0.0 </coordinates>
               </LinearRing>
            </outerBoundaryIs>
         </Polygon>
      </Placemark>
      <Placemark>
         <description></description>
         <ExtendedData/>
         <name>polygon</name>
         <Style>
            <LineStyle>
               <color>ff000000</color>
               <width>2.0</width>
            </LineStyle>
            <PolyStyle>
               <color>ff8b8b8b</color>
            </PolyStyle>
         </Style>
         <Polygon>
            <outerBoundaryIs>
               <LinearRing>
                  <coordinates>100.59646099805832,1.5058256249180815,0.0 100.59723624,1.50439144,0.0 100.59719827,1.50435624,0.0 100.59719785,1.50435749,0.0 100.59719768,1.50435808,0.0 100.59711018,1.5042886,0.0 100.59643745,1.50395877,0.0 100.5960383,1.50369122,0.0 100.59604249,1.50257944,0.0 100.59582615,1.50240728,0.0 100.59601718,1.50213587,0.0 100.59551007,1.50184988,0.0 100.59538862,1.50209136,0.0 100.59503616,1.50256025,0.0 100.59487958,1.50267986,0.0 100.59461606,1.50315695,0.0 100.59458152,1.50317757,0.0 100.59408238,1.50295872,0.0 100.59361266,1.50264616,0.0 100.593326,1.50250476,0.0 100.59330287,1.50244055,0.0 100.59343463,1.50214073,0.0 100.59348542243242,1.5019029047482537,0.0 100.59353772550823,1.5017430329718993,0.0 100.59364032000303,1.5016522043474336,0.0 100.59383109211922,1.5013887677990174,0.0 100.59385657310484,1.5013039720584829,0.0 100.59390518814325,1.5012526924193337,0.0 100.59385690838099,1.5011611934523594,0.0 100.59395279735328,1.501186330531579,0.0 100.59400510042906,1.5011377321781534,0.0 100.59407383203506,1.5010572935218547,0.0 100.59416469186544,1.5009292619878156,0.0 100.59421364217997,1.5007975436740095,0.0 100.59431154280901,1.5007264895167067,0.0 100.5944235250354,1.5006554353571013,0.0 100.5944798514247,1.5005746615219024,0.0 100.59455830603838,1.5004848383323726,0.0 100.59464480727911,1.5004054051355762,0.0 100.59471119195223,1.5003494332188003,0.0 100.59477522969246,1.5002817306588783,0.0 100.59472460299732,1.500180511976274,0.0 100.594919398427,1.500020975235224,0.0 100.59499014168979,1.4999442233115439,0.0 100.59510447084904,1.499845685903404,0.0 100.59538643807173,1.499723352040173,0.0 100.59552121907473,1.4996435836544515,0.0 100.59566874057053,1.4995755459113798,0.0 100.59579614549875,1.4994843820355734,0.0 100.59589270502329,1.4994434923547444,0.0 100.5959889292717,1.4994706404216176,0.0 100.5963134765625,1.4991944674788324,0.0 100.59645228087903,1.498987337748888,0.0 100.59659812599422,1.4989769477457349,0.0 100.59684522449969,1.4986736266642722,0.0 100.5969300493598,1.498637764389997,0.0 100.59701386839151,1.4985744188760297,0.0 100.59714730828999,1.4984685078538924,0.0 100.59724554419516,1.4983763384475428,0.0 100.59726063162088,1.4983575694043236,0.0 100.5972958356142,1.4982895316212916,0.0 100.59731729328632,1.4982285322278113,0.0 100.5973595380783,1.4981655218635337,0.0 100.59746850281954,1.4981558021795183,0.0 100.59753589332104,1.4981289892578822,0.0 100.59750203043222,1.498044528552576,0.0 100.59742659330368,1.4979392878279232,0.0 100.59726968407631,1.4976647905000051,0.0 100.597102381289,1.4974174412300165,0.0 100.5970413610339,1.4972914204530154,0.0 100.59677481651306,1.4968728035113978,0.0 100.59670507907867,1.4967417552770683,0.0 100.59662729501724,1.4966304815783347,0.0 100.59660550206898,1.4965547350211574,0.0 100.59656124562024,1.4965332846682078,0.0 100.59649217873812,1.4965245704622565,0.0 100.59640970081091,1.4965111639915023,0.0 100.5963634327054,1.4964555271369895,0.0 100.59628799557686,1.4964360877537426,0.0 100.59619009494781,1.4964273735474223,0.0 100.59609957039356,1.4964253625767145,0.0 100.59590846300124,1.4964709445787312,0.0 100.59580419212578,1.4965064717267125,0.0 100.59573076665401,1.4965309385358256,0.0 100.59567477554081,1.4964984278442115,0.0 100.59562850743532,1.496443461312933,0.0 100.59555944055317,1.4962795671962703,0.0 100.5954461172223,1.4961857218887784,0.0 100.5954846739769,1.4961438266609306,0.0 100.59545651078224,1.4960841678550785,0.0 100.5954947322607,1.4960473000529064,0.0 100.5955832451582,1.4960117728974955,0.0 100.59564292430879,1.4959625041055469,0.0 100.59569824486971,1.4959004991617275,0.0 100.59570360928772,1.495810340618672,0.0 100.59577569365501,1.4955955018450113,0.0 100.59577602893116,1.4954792006592301,0.0 100.59573847800493,1.4954389812275537,0.0 100.59554804116488,1.4950987918384906,0.0 100.59548735618591,1.495121918015384,0.0 100.59487681835891,1.4947609485309716,0.0 100.59328861534594,1.493802049733155,0.0 100.59319507330655,1.493755462189145,0.0 100.59306867420675,1.4937246272673927,0.0 100.59308376163244,1.4936431828524162,0.0 100.59314947575331,1.4935396177277707,0.0 100.59320915490387,1.4933854430995195,0.0 100.59326279908419,1.4932691417966937,0.0 100.59333086013794,1.4931545162991484,0.0 100.59344585984947,1.4929517431090051,0.0 100.59355046600103,1.4927972332771853,0.0 100.59361685067417,1.492645739895753,0.0 100.5936634540558,1.4925331253399472,0.0 100.59374760836363,1.4924040878210034,0.0 100.59382304549217,1.4922381824283761,0.0 100.59389278292656,1.4921084745672546,0.0 100.5939856544137,1.4919177671296309,0.0 100.59410568326712,1.4917049389503803,0.0 100.59422705322504,1.4914994843263125,0.0 100.59430584311484,1.4913245294763295,0.0 100.59443458914758,1.4911066738008076,0.0 100.59450499713421,1.490913955300609,0.0 100.59461932629347,1.490872395134897,0.0 100.59477020055056,1.4909793120112562,0.0 100.59496767818928,1.4910694707525238,0.0 100.5951326340437,1.4911522559131642,0.0 100.59528853744268,1.4912192884296265,0.0 100.59547461569309,1.491332238215234,0.0 100.5956020206213,1.491406309139746,0.0 100.59577737003565,1.49147836908654,0.0 100.59591483324766,1.491563835532001,0.0 100.59611231088638,1.4916493019741413,0.0 100.59622462838887,1.4917253838629871,0.0 100.59639427810907,1.4918061580240276,0.0 100.5965729802847,1.4919167616422286,0.0 100.59677448123693,1.4920199916808587,0.0 100.59692133218051,1.492110150379456,0.0 100.5970708653331,1.4921641115318784,0.0 100.5972146987915,1.4922663360716562,0.0 100.59734679758549,1.4923658793074541,0.0 100.59752214699984,1.49249458166625,0.0 100.59768442064522,1.4926102126853058,0.0 100.597866140306,1.4927121020419978,0.0 100.59800762683155,1.492813991393957,0.0 100.5981108918786,1.4928729799639893,0.0 100.59839721769094,1.4930985441972895,0.0 100.59873148798941,1.4933827618015443,0.0 100.59889376163483,1.494915458224692,0.0 100.59899535030127,1.495083709549085,0.0 100.59906810522081,1.4955271288143537,0.0 100.59909794479609,1.4956699077877165,0.0 100.59916567057371,1.4958063186761494,0.0 100.59931151568888,1.4962889517267917,0.0 100.59978995472193,1.496692151339768,0.0 100.59989523142578,1.497024296601186,0.0 100.60030326247215,1.4974104028357575,0.0 100.60160279273987,1.4988955035257772,0.0 100.60175366699696,1.4988492512513767,0.0 100.60236152261494,1.4986263689008412,0.0 100.60162760317324,1.49983227945298,0.0 100.59972289949657,1.5018238067639316,0.0 100.59829965233803,1.5035710001318088,0.0 100.59743329882622,1.5051791005224646,0.0 100.59640668332577,1.5070509707839346,0.0 100.59617601335049,1.5069939935570915,0.0 100.59611197561027,1.5068448472797646,0.0 100.59609822928905,1.5066863165063935,0.0 100.59617534279823,1.506504994825446,0.0 100.59633661061525,1.506141681097672,0.0 100.59646099805832,1.5058256249180815,0.0 </coordinates>
               </LinearRing>
            </outerBoundaryIs>
         </Polygon>
      </Placemark>
      <Placemark>
         <description></description>
         <ExtendedData/>
         <name>polygon</name>
         <Style>
            <LineStyle>
               <color>ff000000</color>
               <width>2.0</width>
            </LineStyle>
            <PolyStyle>
               <color>ee41c4fb</color>
            </PolyStyle>
         </Style>
         <Polygon>
            <outerBoundaryIs>
               <LinearRing>
                  <coordinates>100.59683751314878,1.498663236659643,0.0 100.59657197445631,1.4989605248374425,0.0 100.5964358523488,1.4989632061285985,0.0 100.59631079435349,1.4991787148948812,0.0 100.59596713632345,1.499477343647943,0.0 100.59579513967037,1.4993064113700416,0.0 100.59476081281899,1.4985526333813923,0.0 100.59434775263071,1.4982808174223248,0.0 100.59417910873891,1.4981521154028048,0.0 100.59378683567047,1.4978950465026666,0.0 100.59343814849854,1.4976594279144997,0.0 100.59318099170923,1.4974623528881634,0.0 100.59281218796968,1.49720193229047,0.0 100.59253893792628,1.4970018407677297,0.0 100.59248998761176,1.4969760333170714,0.0 100.59216443449257,1.4967859966255939,0.0 100.59182379394771,1.4965966302411682,0.0 100.59170342981817,1.4965289275652323,0.0 100.5916615203023,1.4965175320651096,0.0 100.59161458164452,1.4965399879035148,0.0 100.59163319,1.49639033,0.0 100.59169874,1.49625638,0.0 100.59199479,1.49576504,0.0 100.59235336,1.4950882,0.0 100.59266383,1.49447909,0.0 100.59292777,1.49400752,0.0 100.59301218,1.4938911,0.0 100.5930358171463,1.4938459559787574,0.0 100.59305492788553,1.4937859619482812,0.0 100.59306155,1.49374047,0.0 100.59318585,1.49376662,0.0 100.59327629,1.49380988,0.0 100.59350487,1.49393778,0.0 100.59423267,1.49436819,0.0 100.59464875,1.4946246,0.0 100.59487305,1.49477027,0.0 100.59533087,1.49503196,0.0 100.59549197,1.49511896,0.0 100.595526,1.49510337,0.0 100.59575876,1.49543806,0.0 100.59576538,1.49547276,0.0 100.59576337,1.49559053,0.0 100.59572389,1.49571927,0.0 100.59568995,1.49581349,0.0 100.59567603,1.49589244,0.0 100.59564158,1.49594902,0.0 100.59557294,1.49599504,0.0 100.59548308,1.49603913,0.0 100.59544746,1.49608145,0.0 100.59545618,1.4961439,0.0 100.59543924,1.49618698,0.0 100.5955470353365,1.4962869407559694,0.0 100.59561409056188,1.4964126264289275,0.0 100.59561241418125,1.4965403230652783,0.0 100.59560637921095,1.496647574827609,0.0 100.59560805559157,1.4967464475413494,0.0 100.59562481939793,1.49685101799984,0.0 100.59563186019659,1.4969234129297266,0.0 100.59571500867605,1.4970051923846897,0.0 100.59575255960226,1.4970360272603493,0.0 100.5958330258727,1.4971218286512322,0.0 100.5958554893732,1.4971834983988492,0.0 100.5959252268076,1.497255558156095,0.0 100.59601575136183,1.4973715240860448,0.0 100.59607677161694,1.4974469354533806,0.0 100.5961163341999,1.4975072645453817,0.0 100.59615053236486,1.497550835555241,0.0 100.5961699783802,1.4976222249772173,0.0 100.59619512408972,1.497629933693998,0.0 100.59624306857586,1.497715064738454,0.0 100.59624776244164,1.4977542786436455,0.0 100.59629000723362,1.49780890998049,0.0 100.5963007360697,1.4978511403380794,0.0 100.59638723731042,1.4979711281750823,0.0 100.59640433639287,1.4980066552987386,0.0 100.59648748487234,1.4981326760346212,0.0 100.59652972966433,1.4981745712244676,0.0 100.59660617262125,1.498269421931324,0.0 100.59662126004696,1.4983247235782864,0.0 100.59661857783794,1.4983602506962175,0.0 100.59670105576514,1.4984500739729327,0.0 100.59670574963093,1.4984926394796396,0.0 100.59679426252843,1.4986099459899025,0.0 100.59683751314878,1.498663236659643,0.0 </coordinates>
               </LinearRing>
            </outerBoundaryIs>
         </Polygon>
      </Placemark>
      <Placemark>
         <description></description>
         <ExtendedData/>
         <name>polygon</name>
         <Style>
            <LineStyle>
               <color>ff000000</color>
               <width>2.0</width>
            </LineStyle>
            <PolyStyle>
               <color>ff5cb8ff</color>
            </PolyStyle>
         </Style>
         <Polygon>
            <outerBoundaryIs>
               <LinearRing>
                  <coordinates>100.59560872614385,1.4967109203972615,0.0 100.5956097319722,1.4965835589325973,0.0 100.5956208,1.49644766,0.0 100.59566287,1.49651044,0.0 100.59573513,1.4965433,0.0 100.59581132,1.49652058,0.0 100.59584308415651,1.4965004388148304,0.0 100.59586521238089,1.4965004388148304,0.0 100.59590679,1.49648228,0.0 100.59599538,1.49646467,0.0 100.59610804,1.49644062,0.0 100.59618414,1.49643484,0.0 100.59628498,1.49644649,0.0 100.59635773,1.49646677,0.0 100.59640635,1.4965174,0.0 100.5964952,1.49653349,0.0 100.59655932,1.49654028,0.0 100.59659159,1.49655378,0.0 100.596619,1.49662745,0.0 100.59669913,1.49674849,0.0 100.59677163,1.49687908,0.0 100.59687389,1.49704713,0.0 100.59694916,1.49717412,0.0 100.59702518,1.49729675,0.0 100.59709408,1.49742499,0.0 100.59718905,1.49756296,0.0 100.59726063,1.49767377,0.0 100.59733724,1.49780913,0.0 100.59741142,1.49794324,0.0 100.59748468,1.49804458,0.0 100.59753095,1.49812245,0.0 100.59747395,1.49815078,0.0 100.59734898,1.49816092,0.0 100.59730849,1.49822362,0.0 100.59728905,1.49828196,0.0 100.59725619,1.49836209,0.0 100.59723406,1.49838824,0.0 100.59716424,1.49844255,0.0 100.59708729,1.49849678,0.0 100.59699283,1.49857147,0.0 100.59693005,1.4986283,0.0 100.59683918952942,1.4986629014981978,0.0 100.59670742601156,1.4984916339952399,0.0 100.59670239686966,1.498445716873774,0.0 100.59661991894245,1.4983599155347214,0.0 100.59662327170373,1.4983230477708305,0.0 100.59660751372576,1.4982657351548014,0.0 100.59653073549269,1.4981745712244676,0.0 100.59648748487234,1.4981310002270125,0.0 100.59640500694515,1.4980043091679591,0.0 100.5963858962059,1.4979674413980635,0.0 100.5962997302413,1.497848459045562,0.0 100.59629101306199,1.4978068990110545,0.0 100.59624876827003,1.4977542786436455,0.0 100.59624541550875,1.4977153999000392,0.0 100.59619545936584,1.4976279227244096,0.0 100.59617098420858,1.4976232304620114,0.0 100.59615220874548,1.497550835555241,0.0 100.59612035751343,1.4975086051918503,0.0 100.59607878327371,1.497447940938264,0.0 100.5960261449218,1.4973822492584548,0.0 100.59592556208374,1.4972545526711354,0.0 100.59585615992545,1.4971838335605108,0.0 100.59583403170109,1.497120488004522,0.0 100.59575255960226,1.497035021775288,0.0 100.59571634978056,1.49700485722299,0.0 100.59563320130108,1.4969234129297266,0.0 100.59560805559157,1.4967444365709344,0.0 100.59560872614385,1.4967109203972615,0.0 </coordinates>
               </LinearRing>
            </outerBoundaryIs>
         </Polygon>
      </Placemark>
      <Placemark>
         <description></description>
         <ExtendedData/>
         <name>polygon</name>
         <Style>
            <LineStyle>
               <color>ff000000</color>
               <width>2.0</width>
            </LineStyle>
            <PolyStyle>
               <color>ff60af60</color>
            </PolyStyle>
         </Style>
         <Polygon>
            <outerBoundaryIs>
               <LinearRing>
                  <coordinates>100.57764429599048,1.4883459377809671,0.0 100.5774535238743,1.4885922825827305,0.0 100.57667735964061,1.4899500273839166,0.0 100.57649161666633,1.4901926852163137,0.0 100.57593639940023,1.4910017679062628,0.0 100.5756138637662,1.4914900997753209,0.0 100.5754043161869,1.491727059675481,0.0 100.57524959,1.49196108,0.0 100.57447325,1.49143059,0.0 100.57438893,1.49127184,0.0 100.57440729,1.49116103,0.0 100.57443026,1.49114166,0.0 100.57458348,1.49097646,0.0 100.57463779,1.49090647,0.0 100.57475799,1.49075828,0.0 100.57494088,1.49054395,0.0 100.57501364,1.4904598,0.0 100.57510684,1.49023742,0.0 100.57505806,1.49017548,0.0 100.5750071,1.49010449,0.0 100.57471013,1.48971565,0.0 100.57450377,1.48945313,0.0 100.5743746,1.48928457,0.0 100.57425063,1.48898366,0.0 100.57434342,1.48876154,0.0 100.57449035346508,1.4886177549688357,0.0 100.57488463819027,1.4880288735466183,0.0 100.57521287351847,1.4873562011775894,0.0 100.57645708322525,1.48775806177548,0.0 100.57745017111301,1.4882376801246706,0.0 100.57764429599048,1.4883459377809671,0.0 </coordinates>
               </LinearRing>
            </outerBoundaryIs>
         </Polygon>
      </Placemark>
      <Placemark>
         <description></description>
         <ExtendedData/>
         <name></name>
         <Style>
            <LineStyle>
               <color>ff000000</color>
               <width>2.0</width>
            </LineStyle>
            <PolyStyle>
               <color>e42a6632</color>
            </PolyStyle>
         </Style>
         <Polygon>
            <outerBoundaryIs>
               <LinearRing>
                  <coordinates>100.56585431098938,1.5125177611780292,0.0 100.56555323302746,1.5126042322784519,0.0 100.5653842538595,1.5126756212076076,0.0 100.56527579,1.51277125,0.0 100.56525383,1.51279321,0.0 100.56505661,1.51309982,0.0 100.56505661,1.51312178,0.0 100.56485946,1.5135817,0.0 100.56459652,1.51401982,0.0 100.56449811905622,1.5141684201549248,0.0 100.56400484,1.51474267,0.0 100.56378574,1.51509312,0.0 100.56420207,1.51537794,0.0 100.56472795,1.51577222,0.0 100.56523196,1.51612267,0.0 100.56525383,1.51614455,0.0 100.56560445,1.51642936,0.0 100.56564828,1.51649508,0.0 100.56595506,1.5168674,0.0 100.56637139,1.51734928,0.0 100.56637139,1.51737124,0.0 100.56643711,1.51759026,0.0 100.56643711,1.51765597,0.0 100.56634943,1.51800642,0.0 100.56613033,1.51809409,0.0 100.56610845,1.51809409,0.0 100.56597694,1.51809409,0.0 100.5659331,1.51809409,0.0 100.56584551,1.51822552,0.0 100.56584551,1.5182474,0.0 100.56569212,1.51846642,0.0 100.56551677,1.51848838,0.0 100.5654949,1.51848838,0.0 100.56536338,1.51848838,0.0 100.56534151,1.51899221,0.0 100.56525383,1.5193865,0.0 100.56520999,1.52010935,0.0 100.56520999,1.52013123,0.0 100.56545106,1.52078837,0.0 100.56551677,1.52085409,0.0 100.56573596,1.52140167,0.0 100.56575784,1.52142355,0.0 100.56582355,1.52177408,0.0 100.56580167,1.52234363,0.0 100.56575784,1.52289122,0.0 100.56575784,1.5233731,0.0 100.56567016,1.52365792,0.0 100.56569212,1.52400836,0.0 100.56488134,1.52394265,0.0 100.56354468,1.5253664,0.0 100.56356664,1.52547595,0.0 100.56402681,1.5255855,0.0 100.56404868,1.5255855,0.0 100.56540722,1.52571693,0.0 100.56641523,1.52580452,0.0 100.56641523,1.52567309,0.0 100.56626184,1.52403024,0.0 100.56746699,1.52392077,0.0 100.56775189,1.52236551,0.0 100.56700682,1.52223408,0.0 100.56718217,1.51769989,0.0 100.56799287,1.51750267,0.0 100.56799287,1.51748071,0.0 100.56794903,1.5157941,0.0 100.56797099,1.51566267,0.0 100.56764226,1.51546553,0.0 100.5675327,1.51467696,0.0 100.5675327,1.51465508,0.0 100.56788332,1.51458937,0.0 100.56792716,1.5142608,0.0 100.56772993,1.51355982,0.0 100.56667070835829,1.5120455216579407,0.0 100.56585431098938,1.5125177611780292,0.0 </coordinates>
               </LinearRing>
            </outerBoundaryIs>
         </Polygon>
      </Placemark>
      <Placemark>
         <description></description>
         <ExtendedData/>
         <name>Polygon</name>
         <Style>
            <LineStyle>
               <color>ff000000</color>
               <width>2.0</width>
            </LineStyle>
            <PolyStyle>
               <color>e5125115</color>
            </PolyStyle>
         </Style>
         <Polygon>
            <outerBoundaryIs>
               <LinearRing>
                  <coordinates>100.56047698,1.5103617,0.0 100.56034556,1.5103617,0.0 100.5598984658718,1.5104132948464388,0.0 100.55964433,1.51051509,0.0 100.55859257,1.51125982,0.0 100.55828579,1.51145697,0.0 100.55749697,1.51176358,0.0 100.55673002,1.51202643,0.0 100.55613843,1.51233313,0.0 100.55609459,1.51253027,0.0 100.55613843,1.51253027,0.0 100.55749697,1.51410741,0.0 100.55662047,1.51537794,0.0 100.55664235,1.51544365,0.0 100.55416625,1.51861981,0.0 100.55499891,1.51962739,0.0 100.55556863,1.52021882,0.0 100.55576585,1.52019686,0.0 100.55815167725086,1.5190409570221253,0.0 100.55983811616898,1.5182010501567806,0.0 100.5599511,1.51789695,0.0 100.56052082,1.51693312,0.0 100.56080564,1.51704267,0.0 100.56135348,1.51662651,0.0 100.56172597,1.51647312,0.0 100.56176981,1.51658267,0.0 100.56174793,1.51680169,0.0 100.56174793,1.5168674,0.0 100.5617041,1.51855409,0.0 100.56172597,1.51857597,0.0 100.5622081,1.51973695,0.0 100.56295308,1.52008739,0.0 100.56391725,1.51989025,0.0 100.56453073,1.51815981,0.0 100.56299692,1.51667026,0.0 100.56361048,1.51588169,0.0 100.56334745,1.51531222,0.0 100.56334745,1.51526838,0.0 100.56306263,1.51513696,0.0 100.56284353,1.51515883,0.0 100.56264631,1.51531222,0.0 100.56247104,1.51546553,0.0 100.56227381,1.51555312,0.0 100.56207659,1.51557508,0.0 100.56187936,1.51548741,0.0 100.5619687959552,1.5150398335241706,0.0 100.56176327168941,1.5149185059914558,0.0 100.5616868287325,1.5148062277438,0.0 100.5615433305502,1.514695960444168,0.0 100.56137669831513,1.5144271629303703,0.0 100.56145716458559,1.5126049025970425,0.0 100.56130796670912,1.5119164852914264,0.0 100.56081209331751,1.5106140554588032,0.0 100.56047698,1.5103617,0.0 </coordinates>
               </LinearRing>
            </outerBoundaryIs>
         </Polygon>
      </Placemark>
      <Placemark>
         <description></description>
         <ExtendedData/>
         <name>polygon</name>
         <Style>
            <LineStyle>
               <color>ff000000</color>
               <width>2.0</width>
            </LineStyle>
            <PolyStyle>
               <color>ffbbae7d</color>
            </PolyStyle>
         </Style>
         <Polygon>
            <outerBoundaryIs>
               <LinearRing>
                  <coordinates>100.61166074126959,1.498290201944284,0.0 100.61033255,1.50022002,0.0 100.61032265,1.50022362,0.0 100.61032198,1.50022388,0.0 100.60834595,1.49968894,0.0 100.60791319,1.49959884,0.0 100.60760306,1.49958442,0.0 100.60741749,1.49980562,0.0 100.60737399,1.50000276,0.0 100.60697978,1.50062243,0.0 100.6069968,1.5006677,0.0 100.60690242,1.50081002,0.0 100.60663185,1.50145819,0.0 100.60633136,1.50258288,0.0 100.60570817,1.50366515,0.0 100.60555176,1.50414066,0.0 100.60532536,1.5044181,0.0 100.60533349,1.5044098,0.0 100.60532956,1.50440443,0.0 100.60419666,1.5041332,0.0 100.60421275,1.50399657,0.0 100.6045979,1.50345275,0.0 100.6046611815691,1.5032267900776355,0.0 100.60471139,1.50316408,0.0 100.60471516102552,1.5029764249895408,0.0 100.60466185212135,1.502830630045494,0.0 100.60460854321718,1.5027015931328658,0.0 100.60456529259682,1.5025169195121828,0.0 100.60451801866293,1.5023453171501102,0.0 100.60447208583355,1.5021797476708114,0.0 100.60445062816143,1.5020309362252717,0.0 100.60441408306362,1.501884135735288,0.0 100.604465380311,1.501733983625736,0.0 100.60442079,1.50161552,0.0 100.60420520603657,1.5011152763869093,0.0 100.60417905449867,1.501050590300364,0.0 100.60419414192438,1.500995288722267,0.0 100.60424510389566,1.5010686889983393,0.0 100.6043202057481,1.5009946184001015,0.0 100.60437116771936,1.5008749658899583,0.0 100.60447476804258,1.5007633572401282,0.0 100.60462933033705,1.5005763373276408,0.0 100.60469102114439,1.5005602495924857,0.0 100.60474365949631,1.500578348294532,0.0 100.60527138411999,1.501012046776382,0.0 100.60529954731464,1.5010495848171475,0.0 100.60533676296473,1.5010881283404551,0.0 100.60539811849594,1.5011340454064779,0.0 100.60561705380678,1.501318383982989,0.0 100.60567505657671,1.501380723934442,0.0 100.60576792806387,1.501353575891283,0.0 100.6058209016919,1.5012986094818832,0.0 100.60580983757973,1.5012242037303802,0.0 100.60584168881178,1.5011947095579177,0.0 100.60590103268623,1.500981211956713,0.0 100.60604285448791,1.5005790186168249,0.0 100.60635298490524,1.5000142720105656,0.0 100.60641400516033,1.499853729773615,0.0 100.60649145394564,1.4996962039764548,0.0 100.6065246462822,1.4996740833316822,0.0 100.60664065182208,1.4994280749339177,0.0 100.60670334845781,1.499280939107876,0.0 100.60677140951157,1.4991405064992922,0.0 100.60685623437166,1.498934047087048,0.0 100.60690753161907,1.4987651257352759,0.0 100.60699705034494,1.4986437972959887,0.0 100.60708120465279,1.4985010185162961,0.0 100.60715362429619,1.4983468442366972,0.0 100.60772761702539,1.4975132974544902,0.0 100.60832943767308,1.4972776788252815,0.0 100.60860436409712,1.4972897446447453,0.0 100.60872204601766,1.497320244354774,0.0 100.60896512120962,1.4973919689458925,0.0 100.60923468321562,1.4975106161615532,0.0 100.60939829796553,1.4975665881508966,0.0 100.60962226241827,1.4976657959847866,0.0 100.60996491461992,1.497769360914693,0.0 100.6102130189538,1.4978213109585876,0.0 100.61042089015245,1.4978960519873337,0.0 100.6105724349618,1.4979278923351413,0.0 100.61096101999283,1.4980455340371794,0.0 100.61113771051168,1.498118599250658,0.0 100.61131171882153,1.4981822799393145,0.0 100.6114525347948,1.4982405980420461,0.0 100.61150282621382,1.4982818229068262,0.0 100.61167281121016,1.4982660703162975,0.0 100.61166074126959,1.498290201944284,0.0 </coordinates>
               </LinearRing>
            </outerBoundaryIs>
         </Polygon>
      </Placemark>
      <Placemark>
         <description></description>
         <ExtendedData/>
         <name></name>
         <Style>
            <LineStyle>
               <color>ff000000</color>
               <width>2.0</width>
            </LineStyle>
            <PolyStyle>
               <color>ffcabc87</color>
            </PolyStyle>
         </Style>
         <Polygon>
            <outerBoundaryIs>
               <LinearRing>
                  <coordinates>100.61771549284457,1.4767579813559342,0.0 100.62000911682844,1.4738913152415056,0.0 100.62017675489187,1.4736144687685966,0.0 100.62036953866482,1.4732229957312186,0.0 100.62044866383076,1.4730939570865367,0.0 100.62046844512224,1.4730299405093725,0.0 100.62052443623543,1.4724236263445198,0.0 100.6204342469573,1.4722855381866318,0.0 100.62023878097534,1.4722671040872317,0.0 100.61994340270756,1.4724963572397818,0.0 100.61962573,1.47260039,0.0 100.61918752,1.47241699,0.0 100.61885208,1.47199446,0.0 100.61833659,1.47208817,0.0 100.61807038,1.47207392,0.0 100.61797558,1.47210779,0.0 100.61772304,1.47256468,0.0 100.61743017,1.47313792,0.0 100.61745046,1.47322702,0.0 100.61756554,1.47331093,0.0 100.6181128,1.47345308,0.0 100.61842209,1.47359155,0.0 100.61847724,1.47377285,0.0 100.61835009,1.47416772,0.0 100.61824556,1.47430376,0.0 100.61794013,1.47457207,0.0 100.61790316,1.47466485,0.0 100.61763553,1.47490885,0.0 100.61745985,1.47501983,0.0 100.61698124,1.47538268,0.0 100.61641638,1.47598274,0.0 100.61614498,1.47615633,0.0 100.61583803,1.47627636,0.0 100.61556369,1.47642589,0.0 100.61549529,1.47646437,0.0 100.61530972,1.47661926,0.0 100.61495567,1.47735075,0.0 100.61495567,1.47735084,0.0 100.61495567,1.47735092,0.0 100.61495567,1.47735109,0.0 100.6149555,1.47735109,0.0 100.61495525,1.47735092,0.0 100.61468912,1.47765862,0.0 100.61463917,1.47777177,0.0 100.61451604,1.47785802,0.0 100.61443448,1.47807143,0.0 100.61429132,1.47822565,0.0 100.61430012,1.47859597,0.0 100.6142919883132,1.4797017315687437,0.0 100.6143607199192,1.4799386927333906,0.0 100.61437832,1.48009943,0.0 100.61427623033525,1.480210846118993,0.0 100.61376653,1.48038844,0.0 100.61302993,1.48051173,0.0 100.61348229646681,1.481274992349049,0.0 100.61399191617966,1.4808493339183273,0.0 100.61415083706379,1.4806763892097417,0.0 100.6143878772855,1.4804062468666006,0.0 100.61448343098165,1.4802322966307158,0.0 100.61474997550249,1.4800268409395336,0.0 100.6147674098611,1.47960520424124,0.0 100.6150433421135,1.4788842656310712,0.0 100.61518281698227,1.4786476395182933,0.0 100.61555463820697,1.4781257883560488,0.0 100.61577323824166,1.4778898324916092,0.0 100.61635494232178,1.4777051567904491,0.0 100.61671704053879,1.4774906514195651,0.0 100.6171005964279,1.4772258713237982,0.0 100.61771549284457,1.4767579813559342,0.0 </coordinates>
               </LinearRing>
            </outerBoundaryIs>
         </Polygon>
      </Placemark>
      <Placemark>
         <description></description>
         <ExtendedData/>
         <name>Polygon</name>
         <Style>
            <LineStyle>
               <color>ff000000</color>
               <width>2.0</width>
            </LineStyle>
            <PolyStyle>
               <color>ff918761</color>
            </PolyStyle>
         </Style>
         <Polygon>
            <outerBoundaryIs>
               <LinearRing>
                  <coordinates>100.61482306569816,1.4810591466668377,0.0 100.61471108347178,1.4811007070172255,0.0 100.61446029692888,1.48094720184823,0.0 100.61424739658834,1.4810185918080634,0.0 100.61402343213558,1.481224382571419,0.0 100.61391983181238,1.48138626682296,0.0 100.61370525509119,1.481624903627715,0.0 100.6134856492281,1.481285047271619,0.0 100.61387717,1.48095103,0.0 100.61399468,1.48085497,0.0 100.61416098,1.4806751,0.0 100.61439215,1.4804078,0.0 100.6144854426384,1.4802369889301357,0.0 100.61459977179766,1.4801521923749212,0.0 100.61475333,1.48003279,0.0 100.61530418694018,1.480430043525947,0.0 100.61554357409477,1.480447472065021,0.0 100.61565320938824,1.4804062468666006,0.0 100.61580207198857,1.4802996646427597,0.0 100.61609074473381,1.4800368958677652,0.0 100.61603005975485,1.4799356762547977,0.0 100.61561800539494,1.479584088887782,0.0 100.61529815196991,1.4790471555467388,0.0 100.61505943536758,1.4788852711244147,0.0 100.6151932105422,1.4786493153407105,0.0 100.61555463820697,1.4781311509890334,0.0 100.61564013361931,1.478256167366967,0.0 100.61601832509041,1.4784046452544042,0.0 100.61617825180292,1.4784250902900475,0.0 100.61646055430175,1.4784173815061445,0.0 100.61664495617151,1.4783905683445038,0.0 100.61681225895882,1.4786218318528968,0.0 100.61742983758451,1.4789663809192766,0.0 100.61793945729733,1.4792107157792413,0.0 100.61829887330532,1.4793779628078079,0.0 100.61818689107895,1.4794084627655635,0.0 100.61801556497812,1.479493594513571,0.0 100.61760552227497,1.479805632506861,0.0 100.61738893389702,1.4796115723636623,0.0 100.61726957559586,1.4794195231896958,0.0 100.6171877682209,1.4794232099977314,0.0 100.6170979142189,1.479469797844174,0.0 100.6171052902937,1.479539512029833,0.0 100.61701644212008,1.4797208359351586,0.0 100.6169269233942,1.4798203797363827,0.0 100.61672274023294,1.4801434781042393,0.0 100.61660774052142,1.4802423515580188,0.0 100.61656750738621,1.4802517361567948,0.0 100.61642434448002,1.4801139836493689,0.0 100.61630297452211,1.4800757749231674,0.0 100.61624363064767,1.4800828133727808,0.0 100.61597004532814,1.48023732409438,0.0 100.61568405479194,1.4805074664580802,0.0 100.61548423022032,1.4805108181001159,0.0 100.61530753970146,1.4805872355368572,0.0 100.61482306569816,1.4810591466668377,0.0 </coordinates>
               </LinearRing>
            </outerBoundaryIs>
         </Polygon>
      </Placemark>
      <Placemark>
         <description></description>
         <ExtendedData/>
         <name>Polygon</name>
         <Style>
            <LineStyle>
               <color>ff000000</color>
               <width>2.0</width>
            </LineStyle>
            <PolyStyle>
               <color>ffcabc87</color>
            </PolyStyle>
         </Style>
         <Polygon>
            <outerBoundaryIs>
               <LinearRing>
                  <coordinates>100.61475333,1.48003279,0.0 100.61494778841734,1.4801836978147866,0.0 100.6153114,1.48043479,0.0 100.61554668,1.48044594,0.0 100.61565128,1.48040906,0.0 100.61580526,1.4803068,0.0 100.61608949,1.48003707,0.0 100.61602763,1.47993162,0.0 100.61562656,1.47958914,0.0 100.61529479920864,1.4790521830130747,0.0 100.61504804,1.47889193,0.0 100.61477612704039,1.4796105668706496,0.0 100.61475333,1.48003279,0.0 </coordinates>
               </LinearRing>
            </outerBoundaryIs>
         </Polygon>
      </Placemark>
      <Placemark>
         <description></description>
         <ExtendedData/>
         <name>Polygon</name>
         <Style>
            <LineStyle>
               <color>ff000000</color>
               <width>2.0</width>
            </LineStyle>
            <PolyStyle>
               <color>ffcabc87</color>
            </PolyStyle>
         </Style>
         <Polygon>
            <outerBoundaryIs>
               <LinearRing>
                  <coordinates>100.61546629,1.47820738,0.0 100.61545447,1.47829154,0.0 100.61540854,1.47834627,0.0 100.61546629,1.47820738,0.0 </coordinates>
               </LinearRing>
            </outerBoundaryIs>
         </Polygon>
      </Placemark>
      <Placemark>
         <description></description>
         <ExtendedData/>
         <name>Polygon</name>
         <Style>
            <LineStyle>
               <color>ff000000</color>
               <width>2.0</width>
            </LineStyle>
            <PolyStyle>
               <color>ffcabc87</color>
            </PolyStyle>
         </Style>
         <Polygon>
            <outerBoundaryIs>
               <LinearRing>
                  <coordinates>100.6163645,1.47772123,0.0 100.61664336,1.47756256,0.0 100.61690203,1.47738713,0.0 100.61694469,1.47736148,0.0 100.61742632,1.47700357,0.0 100.6177195161581,1.4767727286057095,0.0 100.61789955943824,1.4767231242197092,0.0 100.61813995242119,1.4767418934469805,0.0 100.61844304203987,1.476926904392955,0.0 100.6186033040285,1.4774276404629285,0.0 100.61857983469963,1.4777949809083575,0.0 100.61870221048594,1.4780114972373415,0.0 100.61847422,1.47827142,0.0 100.61797633767128,1.478158634482903,0.0 100.61780735850334,1.4777483930267634,0.0 100.61754148453475,1.4775720964300052,0.0 100.61732959,1.47766742,0.0 100.61685986816883,1.4783865463702264,0.0 100.61664864420891,1.4784059859124883,0.0 100.61654403805731,1.4783992826220684,0.0 100.6164365,1.47840017,0.0 100.61630867,1.47840947,0.0 100.6161977,1.47842288,0.0 100.61606937,1.47840804,0.0 100.61588137,1.47836463,0.0 100.61574406921864,1.4783282277424745,0.0 100.61565539,1.47829824,0.0 100.61555246,1.47815877,0.0 100.6156837195158,1.478017195035181,0.0 100.61580944806336,1.4779126236841507,0.0 100.61622519,1.47777789,0.0 100.6163645,1.47772123,0.0 </coordinates>
               </LinearRing>
            </outerBoundaryIs>
         </Polygon>
      </Placemark>
      <Placemark>
         <description></description>
         <ExtendedData/>
         <name>Polygon</name>
         <Style>
            <LineStyle>
               <color>ff000000</color>
               <width>2.0</width>
            </LineStyle>
            <PolyStyle>
               <color>ffcabc87</color>
            </PolyStyle>
         </Style>
         <Polygon>
            <outerBoundaryIs>
               <LinearRing>
                  <coordinates>100.6180128,1.47650912,0.0 100.6180646,1.47645724,0.0 100.61829242,1.47617636,0.0 100.61866365,1.47564822,0.0 100.61883565,1.47542375,0.0 100.61904847,1.47515092,0.0 100.61902986,1.47506727,0.0 100.61882006,1.47454147,0.0 100.61875007,1.47437174,0.0 100.61856097,1.47388794,0.0 100.61862149,1.47363849,0.0 100.61873314,1.47348627,0.0 100.61879416,1.47340329,0.0 100.61890237,1.47324479,0.0 100.61903522,1.47305754,0.0 100.61897982,1.47316097,0.0 100.61892542,1.47322794,0.0 100.61862736,1.47365517,0.0 100.61857112,1.47373932,0.0 100.61854807,1.47383429,0.0 100.61858336,1.47395155,0.0 100.61895275,1.47489334,0.0 100.61905232,1.47513583,0.0 100.61923362,1.47500156,0.0 100.61930118,1.47492612,0.0 100.6180128,1.47650912,0.0 </coordinates>
               </LinearRing>
            </outerBoundaryIs>
         </Polygon>
      </Placemark>
      <Placemark>
         <description></description>
         <ExtendedData/>
         <name>Polygon</name>
         <Style>
            <LineStyle>
               <color>ff000000</color>
               <width>2.0</width>
            </LineStyle>
            <PolyStyle>
               <color>ffcabc87</color>
            </PolyStyle>
         </Style>
         <Polygon>
            <outerBoundaryIs>
               <LinearRing>
                  <coordinates>100.61977710574865,1.4743035684000971,0.0 100.61985556036234,1.4741886067546002,0.0 100.61997542,1.47399237,0.0 100.62001448,1.47391543,0.0 100.62005958,1.47383463,0.0 100.62018707,1.47362349,0.0 100.62037356,1.47324177,0.0 100.62045897,1.47310507,0.0 100.62048386782408,1.4730500504290907,0.0 100.62055159360172,1.4730688196873407,0.0 100.62059987336397,1.4731482538677934,0.0 100.62079433351757,1.4735970401759237,0.0 100.62075208872557,1.4739379032038986,0.0 100.62069710344076,1.4742680408951305,0.0 100.6206002086401,1.4744064640952441,0.0 100.6203504279256,1.4745509202585991,0.0 100.62008656561375,1.4744972938417458,0.0 100.6196966394782,1.4744198707001284,0.0 100.61977710574865,1.4743035684000971,0.0 </coordinates>
               </LinearRing>
            </outerBoundaryIs>
         </Polygon>
      </Placemark>
      <Placemark>
         <description></description>
         <ExtendedData/>
         <name>Polygon</name>
         <Style>
            <LineStyle>
               <color>ff000000</color>
               <width>2.0</width>
            </LineStyle>
            <PolyStyle>
               <color>ffcabc87</color>
            </PolyStyle>
         </Style>
         <Polygon>
            <outerBoundaryIs>
               <LinearRing>
                  <coordinates>100.62219578772782,1.472999775629452,0.0 100.62205530703068,1.4733751607727485,0.0 100.62198556959629,1.4735145895241553,0.0 100.62184073030949,1.4738112107571184,0.0 100.62176059931517,1.4739921999645962,0.0 100.621686168015,1.4741480517703718,0.0 100.62165968120098,1.474355518995958,0.0 100.62180008,1.47433067,0.0 100.62202186,1.47433679,0.0 100.62217819,1.4744678,0.0 100.62239259481431,1.4745479037726783,0.0 100.62257398,1.47468145,0.0 100.62290515,1.47474063,0.0 100.62295494,1.47476535,0.0 100.62296315,1.47486208,0.0 100.62300808,1.47490156,0.0 100.62328778,1.47491086,0.0 100.62334998,1.47430787,0.0 100.62344528,1.47404468,0.0 100.62349498,1.47363438,0.0 100.6235669,1.47274439,0.0 100.62358635,1.47235304,0.0 100.62355575,1.4721093,0.0 100.62362884,1.47153899,0.0 100.62355072,1.47140832,0.0 100.62278654,1.471727,0.0 100.62204089,1.47207669,0.0 100.6217572465539,1.4722748128924574,0.0 100.6219956278801,1.472316708572529,0.0 100.62218539416789,1.4723485492888615,0.0 100.6223376095295,1.4724474230893214,0.0 100.62237281352282,1.4725841705756018,0.0 100.62230475246906,1.4727383466530028,0.0 100.62222026288511,1.4729146436327887,0.0 100.62219578772782,1.472999775629452,0.0 </coordinates>
               </LinearRing>
            </outerBoundaryIs>
         </Polygon>
      </Placemark>
      <Placemark>
         <description></description>
         <ExtendedData/>
         <name>Polygon</name>
         <Style>
            <LineStyle>
               <color>ff000000</color>
               <width>2.0</width>
            </LineStyle>
            <PolyStyle>
               <color>ffaca073</color>
            </PolyStyle>
         </Style>
         <Polygon>
            <outerBoundaryIs>
               <LinearRing>
                  <coordinates>100.61556469649076,1.4955348375385131,0.0 100.61528708785772,1.4952657025009957,0.0 100.61521131545307,1.4950827040631203,0.0 100.615290440619,1.4948869694533495,0.0 100.61549361795187,1.4946097904469726,0.0 100.61574876308441,1.4941697226177288,0.0 100.6158708035946,1.4939525375484088,0.0 100.61598412692547,1.4937645115682843,0.0 100.61608035117388,1.4937598192976294,0.0 100.61788983643055,1.4947586023967192,0.0 100.61781406402588,1.494917469196774,0.0 100.61776779592037,1.4949804796543813,0.0 100.6176883354783,1.4951584506711229,0.0 100.61767593026161,1.4952482740789916,0.0 100.61787910759448,1.4953196635759272,0.0 100.61810173094271,1.495349492989438,0.0 100.61820935457945,1.4954175308636886,0.0 100.61829250305891,1.4955881282829968,0.0 100.61836659908296,1.4957050997867836,0.0 100.61839509755373,1.4957288962810593,0.0 100.61845108866692,1.495797939629188,0.0 100.618377327919,1.495846873262961,0.0 100.61836559325457,1.4959045211040847,0.0 100.618377327919,1.4959698776663146,0.0 100.61840683221817,1.4960580252317794,0.0 100.61846718192099,1.4961830405942127,0.0 100.61851680278777,1.4963529676304035,0.0 100.6186033040285,1.4963895002656469,0.0 100.61878167092799,1.4964662523138776,0.0 100.61891913414001,1.4965141804474242,0.0 100.61901167035103,1.496590597329528,0.0 100.6191796436906,1.49671326652944,0.0 100.61935599893332,1.496806106329187,0.0 100.61940629035236,1.4968550399404543,0.0 100.6194669753313,1.4968402928248346,0.0 100.61951458454132,1.4968644244685203,0.0 100.61967618763447,1.4969649729809895,0.0 100.61981666833162,1.4970752411776904,0.0 100.62001146376132,1.497181487428841,0.0 100.62014658004045,1.497219695858602,0.0 100.62030013650657,1.4973018104641582,0.0 100.62038630247116,1.4974130841288091,0.0 100.62051504850388,1.4975196655251968,0.0 100.62058009207249,1.4976071427051647,0.0 100.62061563134193,1.4977076911835638,0.0 100.62072493135929,1.4978219812817328,0.0 100.62081478536129,1.4978823103634162,0.0 100.62100555747747,1.4981072037588177,0.0 100.6210558488965,1.4980756985751522,0.0 100.62112659215929,1.498112566343216,0.0 100.62117353081703,1.4981806041317443,0.0 100.62113832682371,1.4982586967632523,0.0 100.6211869418621,1.4983545529509208,0.0 100.62117017805578,1.498419239117171,0.0 100.62103942036629,1.498672956341394,0.0 100.62095928937195,1.4988810915853046,0.0 100.6206974387169,1.498634412775543,0.0 100.62047548592089,1.4984852659273578,0.0 100.62026862055063,1.4983297510006797,0.0 100.62022268772125,1.4982597022477666,0.0 100.62007751315832,1.498137703457447,0.0 100.6198850646615,1.4980096717526121,0.0 100.61961852014066,1.4977586357441912,0.0 100.6194894388318,1.4976654608232012,0.0 100.6193120777607,1.4975297203736475,0.0 100.61915684491395,1.4973929744307883,0.0 100.61898719519378,1.497269634945605,0.0 100.61886247247456,1.4971818225905154,0.0 100.61869114637375,1.4970826147347178,0.0 100.6185634061694,1.4970105549717854,0.0 100.61841387301685,1.4969515665129198,0.0 100.61813157051802,1.4967632056279696,0.0 100.61777684837581,1.4966469045040947,0.0 100.61752840876578,1.4965031201090016,0.0 100.61701174825428,1.496322803068729,0.0 100.61671268194915,1.4961615902376246,0.0 100.6163090094924,1.4959990367472913,0.0 100.61585437506437,1.495749005994334,0.0 100.61556469649076,1.4955348375385131,0.0 </coordinates>
               </LinearRing>
            </outerBoundaryIs>
         </Polygon>
      </Placemark>
      <Placemark>
         <description></description>
         <ExtendedData/>
         <name>Polygon</name>
         <Style>
            <LineStyle>
               <color>ff000000</color>
               <width>2.0</width>
            </LineStyle>
            <PolyStyle>
               <color>ffaca073</color>
            </PolyStyle>
         </Style>
         <Polygon>
            <outerBoundaryIs>
               <LinearRing>
                  <coordinates>100.61664428561926,1.4993429439560373,0.0 100.61667043715715,1.4994139981582748,0.0 100.61673648655416,1.4994676239697542,0.0 100.61677739024162,1.4995209146186048,0.0 100.61682902276515,1.4995708536531671,0.0 100.6168856844306,1.499626155267268,0.0 100.61693497002123,1.4996841381702475,0.0 100.6169943138957,1.4997377639750986,0.0 100.61704460531473,1.4997984281652774,0.0 100.6170841678977,1.499844010097093,0.0 100.61713445931673,1.4998905975117562,0.0 100.61718173325062,1.499955283632588,0.0 100.61721123754978,1.5000022062061011,0.0 100.61726253479718,1.5000484584561513,0.0 100.61729975044727,1.5001128094111102,0.0 100.61733964830636,1.5001664352054653,0.0 100.61738893389702,1.500218385192492,0.0 100.61742648482323,1.5002579342140538,0.0 100.61745464801788,1.5003045216198752,0.0 100.61749923974276,1.5003658561166986,0.0 100.6175434961915,1.5004147896484392,0.0 100.61758406460285,1.5004617122120802,0.0 100.61761658638716,1.5005039425185134,0.0 100.61765346676111,1.5005431563737575,0.0 100.61768766492605,1.5005884031289245,0.0 100.6177245453,1.5006333147220356,0.0 100.61776075512171,1.50066817148022,0.0 100.6177956238389,1.5007181104885616,0.0 100.6178304925561,1.5007633572401282,0.0 100.61786502599716,1.500803576574047,0.0 100.6179216876626,1.500879658145372,0.0 100.61796426773071,1.5009359652096625,0.0 100.61800047755241,1.5009869096951651,0.0 100.61803702265024,1.5010355080519366,0.0 100.6180752441287,1.50108243060227,0.0 100.61810676008463,1.501114606064782,0.0 100.61814364045858,1.5011628692576526,0.0 100.61816342175007,1.501198731490555,0.0 100.61819057911634,1.501236939850191,0.0 100.61823215335608,1.5012858733624412,0.0 100.61827942728996,1.5013341365515336,0.0 100.61832301318644,1.5013880974769662,0.0 100.6183810159564,1.501462838383897,0.0 100.61843231320381,1.5015171344671618,0.0 100.6184805929661,1.5015737766760282,0.0 100.61853323131798,1.5016344408152673,0.0 100.6185845285654,1.5016954401138018,0.0 100.6186318024993,1.50175208231805,0.0 100.61867337673903,1.5017979993701163,0.0 100.6187193095684,1.5018586635031344,0.0 100.61875585466625,1.501903239909203,0.0 100.61880145221949,1.5019558601768315,0.0 100.61885342001914,1.5020121672134004,0.0 100.61892047524452,1.5020966277655563,0.0 100.61894997954369,1.5021391932012986,0.0 100.61899691820145,1.5021837696016422,0.0 100.61903648078442,1.5022367250234137,0.0 100.61907034367324,1.5022886749612434,0.0 100.6191213056445,1.502351014885013,0.0 100.61917796730995,1.5024100031983363,0.0 100.61921685934065,1.5024612828103363,0.0 100.61926748603582,1.5025169195121828,0.0 100.61937913298607,1.5026466267573706,0.0 100.61946798115969,1.5027632627232235,0.0 100.61955884099007,1.5028487287287244,0.0 100.61962220817806,1.5028195697389914,0.0 100.61966948211193,1.5027491859690556,0.0 100.61973351985216,1.5026543354564674,0.0 100.61978079378605,1.502582275877002,0.0 100.61984080821276,1.5025061943649627,0.0 100.61990953981876,1.5023791683983867,0.0 100.61996687203646,1.502296383661587,0.0 100.62001649290323,1.502210917634471,0.0 100.62007080763577,1.5021308141785858,0.0 100.62013417482376,1.5020507107197494,0.0 100.62019553035499,1.5019746291891864,0.0 100.62029510736465,1.5018667073659537,0.0 100.62037892639637,1.5017953180824462,0.0 100.62045939266682,1.501720912347851,0.0 100.62055695801973,1.5016384627471033,0.0 100.62061361968517,1.501562381202177,0.0 100.62071889638902,1.5014849590105785,0.0 100.62079936265945,1.5013984874686694,0.0 100.62086474150419,1.5013002852870874,0.0 100.62093917280436,1.5011960502021344,0.0 100.62101427465677,1.501128682829471,0.0 100.62110479921103,1.5010767328640724,0.0 100.62120873481034,1.501019755481242,0.0 100.6212617084384,1.5009463552035158,0.0 100.62128484249115,1.5008588781569911,0.0 100.6212667375803,1.5007901701294881,0.0 100.62118325382471,1.5006624737409406,0.0 100.62106993049383,1.50052907960529,0.0 100.6209596246481,1.5003655209555204,0.0 100.62082987278701,1.5001865448780163,0.0 100.62070783227684,1.5000839855461063,0.0 100.62071487307549,1.4999854481442512,0.0 100.62074337154625,1.4998426694520621,0.0 100.62077287584545,1.499694863331322,0.0 100.62084160745144,1.4994954423589457,0.0 100.62088284641504,1.4992832852372941,0.0 100.62093313783407,1.499100622296171,0.0 100.62092777341604,1.4989229867608387,0.0 100.62085166573524,1.4988177460783854,0.0 100.62069408595562,1.4986675937583696,0.0 100.62051739543676,1.4985341995011454,0.0 100.62038965523244,1.4984376729983848,0.0 100.62025789171456,1.498351871659027,0.0 100.62018379569054,1.4982597022477666,0.0 100.62005136162043,1.4981427308802728,0.0 100.61985991895199,1.498012688206473,0.0 100.61971876770258,1.4978883432714816,0.0 100.6195943802595,1.4977650038141852,0.0 100.61945825815201,1.497673169539829,0.0 100.61929129064083,1.4975337423130277,0.0 100.61913941055536,1.4973939799157099,0.0 100.61896171420813,1.4972884039981496,0.0 100.61883062124252,1.4971824929138386,0.0 100.61864253133534,1.4970779224711492,0.0 100.6185258552432,1.4970085440016245,0.0 100.61839476227759,1.4969599455554665,0.0 100.61825092881918,1.496871462864535,0.0 100.61809670180082,1.4967655517600975,0.0 100.61794884502888,1.4967179587937722,0.0 100.61779294162989,1.4966851129431809,0.0 100.61771985143425,1.4968131447253796,0.0 100.61765681952238,1.4970038517379032,0.0 100.61756629496813,1.4971824929138386,0.0 100.61750996857882,1.497344375993167,0.0 100.61745330691339,1.4975065942221475,0.0 100.61736278235912,1.4977194218390633,0.0 100.61728566884993,1.4979081178034006,0.0 100.61720721423626,1.4980455340371794,0.0 100.61714854091406,1.498211774152374,0.0 100.61704393476248,1.498368629733383,0.0 100.61701074242592,1.4985006833548253,0.0 100.61694234609604,1.4986370940671063,0.0 100.61690714210272,1.498756411538192,0.0 100.61684478074312,1.4988670148061505,0.0 100.61678644269705,1.4990164967897261,0.0 100.61672676354647,1.4991317923037222,0.0 100.61668585985899,1.4992323407121364,0.0 100.61664428561926,1.4993429439560373,0.0 </coordinates>
               </LinearRing>
            </outerBoundaryIs>
         </Polygon>
      </Placemark>
      <Placemark>
         <description></description>
         <ExtendedData/>
         <name>Polygon</name>
         <Style>
            <LineStyle>
               <color>ff000000</color>
               <width>2.0</width>
            </LineStyle>
            <PolyStyle>
               <color>ffaca073</color>
            </PolyStyle>
         </Style>
         <Polygon>
            <outerBoundaryIs>
               <LinearRing>
                  <coordinates>100.61423666775227,1.4964414503422505,0.0 100.61437346041203,1.4966388606221155,0.0 100.61453405767679,1.4967772824206476,0.0 100.61469532549381,1.4969783794489702,0.0 100.61487067490816,1.4971556799802945,0.0 100.61502289026976,1.497322590486291,0.0 100.61517342925072,1.4975045832524447,0.0 100.61530955135822,1.4976634498536383,0.0 100.6154714897275,1.4978441019452071,0.0 100.61562303453684,1.498011682721857,0.0 100.61580710113047,1.4982664054778065,0.0 100.61591405421495,1.4983961129750472,0.0 100.61605922877789,1.4986163140574285,0.0 100.61621781438588,1.4988965090099988,0.0 100.61635091900824,1.4990865455184288,0.0 100.61647396534681,1.4992490987797495,0.0 100.61657790094614,1.4993483065374205,0.0 100.61663623899221,1.4992655216858919,0.0 100.61669558286667,1.4991331329491984,0.0 100.61676230281591,1.4989796290368782,0.0 100.61681058257817,1.4988586357708935,0.0 100.61686657369137,1.4987413292739509,0.0 100.61692994087934,1.4985895011414285,0.0 100.61697285622358,1.49845476623355,0.0 100.61703152954578,1.4983431574603017,0.0 100.61706773936749,1.4982509880486852,0.0 100.61712473630905,1.4981501044336871,0.0 100.6171740218997,1.4980358143526296,0.0 100.61722498387098,1.497931243950664,0.0 100.61728868633509,1.4978079044957722,0.0 100.61735775321722,1.4976141810988002,0.0 100.61741106212139,1.4975002261514028,0.0 100.61746504157782,1.4973514143876423,0.0 100.61752069741488,1.4972026026137932,0.0 100.61756528913976,1.497111438639237,0.0 100.61760485172272,1.496994802372122,0.0 100.61766117811203,1.496883193524538,0.0 100.61770342290403,1.4967622001427812,0.0 100.6177195161581,1.4966894700458258,0.0 100.61766419559717,1.496583894094348,0.0 100.61757165938616,1.4965456856535315,0.0 100.61742078512907,1.4964890433145808,0.0 100.61724912375212,1.4964444667982741,0.0 100.61704896390438,1.4963569895719209,0.0 100.6169218942523,1.4963020230371054,0.0 100.61675693839788,1.4962071722451373,0.0 100.61664965003729,1.496148518926484,0.0 100.61648938804866,1.4960898656062784,0.0 100.6163790822029,1.4960348990647583,0.0 100.61625134199858,1.4959618337818419,0.0 100.61614707112312,1.495911894665056,0.0 100.61602234840394,1.495851565529163,0.0 100.61590533703567,1.4957888902584455,0.0 100.61578799039125,1.495721857881368,0.0 100.61570920050144,1.495626336740505,0.0 100.61556067317723,1.4954956235936285,0.0 100.61545975506306,1.4954185363495005,0.0 100.61536889523268,1.4953719488397894,0.0 100.61532329767942,1.4953086032314742,0.0 100.61527702957392,1.4952080546430915,0.0 100.61520662158728,1.4951225883393435,0.0 100.6151482835412,1.4951426980581777,0.0 100.61507552862167,1.4952452576213267,0.0 100.61502825468779,1.4953639049531287,0.0 100.61495248228313,1.4954654590201606,0.0 100.6148686632514,1.4955965073307471,0.0 100.61479523777962,1.4957077810819217,0.0 100.61468224972486,1.4958669829751543,0.0 100.6145913898945,1.4960147893541171,0.0 100.61447739601137,1.4961766725196386,0.0 100.6143546849489,1.4963217975833243,0.0 100.61428159475327,1.4963787750883897,0.0 100.61423666775227,1.4964414503422505,0.0 </coordinates>
               </LinearRing>
            </outerBoundaryIs>
         </Polygon>
      </Placemark>
      <Placemark>
         <description></description>
         <ExtendedData/>
         <name>Polygon</name>
         <Style>
            <LineStyle>
               <color>ff000000</color>
               <width>2.0</width>
            </LineStyle>
            <PolyStyle>
               <color>ffaca073</color>
            </PolyStyle>
         </Style>
         <Polygon>
            <outerBoundaryIs>
               <LinearRing>
                  <coordinates>100.6196067854762,1.5029372111779467,0.0 100.61973553150894,1.5026674067287544,0.0 100.61988539993763,1.5024632937754847,0.0 100.62003728002311,1.5022625324120384,0.0 100.62017641961573,1.5020094859259845,0.0 100.6203591451049,1.501813416774264,0.0 100.62059383839367,1.5016532098303703,0.0 100.62071654945612,1.502052721685292,0.0 100.62078461050987,1.5023862067766791,0.0 100.62083825469017,1.5026064074573693,0.0 100.62088821083307,1.5028664922510182,0.0 100.62101125717162,1.5032224329879926,0.0 100.6210682541132,1.5035508904904273,0.0 100.62104478478432,1.5038273980434296,0.0 100.62099751085043,1.5039805664546848,0.0 100.6209348142147,1.5041417787096254,0.0 100.62084227800369,1.5042305962670124,0.0 100.62075678259134,1.5041990911716139,0.0 100.62063608318569,1.5040646917700673,0.0 100.62052343040705,1.5039333088059574,0.0 100.62041178345679,1.5038116454928616,0.0 100.62030348926783,1.503687971208956,0.0 100.62017273157834,1.5035461982407385,0.0 100.6200597435236,1.5034285568345813,0.0 100.6199336796999,1.5033008606002145,0.0 100.61983678489922,1.5031852301453255,0.0 100.61973720788956,1.5030826709541232,0.0 100.6196067854762,1.5029372111779467,0.0 </coordinates>
               </LinearRing>
            </outerBoundaryIs>
         </Polygon>
      </Placemark>
      <Placemark>
         <description></description>
         <ExtendedData/>
         <name>Polygon</name>
         <Style>
            <LineStyle>
               <color>ff000000</color>
               <width>2.0</width>
            </LineStyle>
            <PolyStyle>
               <color>ffaca073</color>
            </PolyStyle>
         </Style>
         <Polygon>
            <outerBoundaryIs>
               <LinearRing>
                  <coordinates>100.62318217009307,1.5232113277320327,0.0 100.62512576580049,1.5229314710735251,0.0 100.62463123351336,1.522666361319156,0.0 100.6243834644556,1.5223985702699667,0.0 100.62363546341658,1.5219745956372086,0.0 100.62297195196153,1.5216256962918986,0.0 100.62235403805971,1.5212456272002373,0.0 100.62241405248643,1.520797856120988,0.0 100.62211968004704,1.520463703540966,0.0 100.62171466648579,1.520346398209735,0.0 100.62147561460733,1.520189879372141,0.0 100.6214001774788,1.5198158428748914,0.0 100.62127444893123,1.5198701384994693,0.0 100.62128685414791,1.518896168631272,0.0 100.62127981334926,1.5183284103568815,0.0 100.62139045447111,1.5176714997706677,0.0 100.62140084803104,1.517266293090173,0.0 100.62140956521034,1.5165621248072818,0.0 100.62143705785275,1.516008777747383,0.0 100.62143538147211,1.5152204841749355,0.0 100.62138777226211,1.5145692703483011,0.0 100.62137737870215,1.5140430706645227,0.0 100.62141224741934,1.5132282988002612,0.0 100.62138374894857,1.5123971038228285,0.0 100.6206464767456,1.512365934004991,0.0 100.62077220529316,1.513220254979425,0.0 100.62054555863142,1.515309301279704,0.0 100.62052577733992,1.5156250209207962,0.0 100.62043759971857,1.5159605148838524,0.0 100.62043726444244,1.5166894851038808,0.0 100.62048487365247,1.5173145559245826,0.0 100.62057171016932,1.517955714171226,0.0 100.62074538320303,1.5187999781903083,0.0 100.62096733599901,1.5195738586548673,0.0 100.62093716114758,1.5207663512660903,0.0 100.62090530991553,1.521050900417459,0.0 100.62081042677165,1.5217778579729688,0.0 100.62099047005178,1.5220181661566772,0.0 100.62161710113286,1.5222138983255504,0.0 100.62225714325905,1.5224374485720482,0.0 100.62268797308207,1.5225852531450794,0.0 100.62296256422997,1.5226643503727348,0.0 100.62319222837687,1.523052127840921,0.0 100.62318217009307,1.5232113277320327,0.0 </coordinates>
               </LinearRing>
            </outerBoundaryIs>
         </Polygon>
      </Placemark>
      <Placemark>
         <description></description>
         <ExtendedData/>
         <name>Polygon</name>
         <Style>
            <LineStyle>
               <color>ff000000</color>
               <width>2.0</width>
            </LineStyle>
            <PolyStyle>
               <color>ffaca073</color>
            </PolyStyle>
         </Style>
         <Polygon>
            <outerBoundaryIs>
               <LinearRing>
                  <coordinates>100.62147863209248,1.5230487762641505,0.0 100.62212839722635,1.523217695727449,0.0 100.62237951904534,1.5233179078630938,0.0 100.62288947403431,1.5233936534876182,0.0 100.62316909432411,1.5232203769886443,0.0 100.62318418174982,1.523056820048423,0.0 100.62295116484165,1.5226824488905253,0.0 100.6209820881486,1.5220298966809849,0.0 100.62078829854727,1.521786907235611,0.0 100.62091570347546,1.520770038004459,0.0 100.62094453722237,1.5195798915027818,0.0 100.62083758411929,1.5192035087618172,0.0 100.62073063105345,1.5188271260155612,0.0 100.62055461108683,1.5179744830454305,0.0 100.62046274542809,1.5173242755230538,0.0 100.62041211873293,1.5167142868449814,0.0 100.62041178345679,1.515971239964726,0.0 100.6204976141453,1.5156474765622996,0.0 100.62052007764578,1.5153113122329827,0.0 100.62057338654995,1.5148477874540565,0.0 100.62074974179268,1.5132242768898367,0.0 100.62063004821538,1.5123699559170058,0.0 100.62058813869953,1.5116084737777582,0.0 100.62059551477432,1.5110216094996671,0.0 100.62066357582808,1.5105842262537967,0.0 100.6207038089633,1.5099564722152734,0.0 100.62068603932858,1.509253307038516,0.0 100.62056466937065,1.508714705150218,0.0 100.6204030662775,1.5082169926457494,0.0 100.62022939324379,1.5076914617430817,0.0 100.62034774571657,1.5074099272787629,0.0 100.62060758471489,1.5071850348412048,0.0 100.62077455222607,1.5068418308381044,0.0 100.62104914337397,1.5062931735450389,0.0 100.62121074646711,1.506156092990245,0.0 100.62160268425941,1.5064393034178925,0.0 100.6215138360858,1.5058842779771382,0.0 100.62172472476959,1.5046911068651692,0.0 100.62187928706408,1.5041052462038178,0.0 100.6218172609806,1.5036252961626708,0.0 100.62115509063005,1.5038749908550784,0.0 100.62087077647448,1.5042118272740717,0.0 100.62067832797764,1.5042677990918814,0.0 100.62037389725447,1.5052779728504422,0.0 100.6201495975256,1.5056875388527948,0.0 100.61990886926651,1.5062683716848964,0.0 100.61970200389624,1.5068009412950567,0.0 100.61954073607922,1.5072899399602668,0.0 100.61946664005518,1.5074451190887905,0.0 100.61919271945953,1.5078865248863105,0.0 100.61892483383417,1.5083751881477296,0.0 100.61871327459812,1.508750232099033,0.0 100.61857111752033,1.5090009316836845,0.0 100.61833675950766,1.5093025755306655,0.0 100.61820164322855,1.5095740549571761,0.0 100.61807960271835,1.5099393790701943,0.0 100.61947166919708,1.510799733871772,0.0 100.61943780630827,1.5109512259947733,0.0 100.61909984797238,1.5114221251149753,0.0 100.61896406114101,1.511568589802721,0.0 100.61849802732468,1.5118833045102344,0.0 100.61824355274439,1.5121775744510522,0.0 100.61812084168197,1.5123237039284865,0.0 100.61802361160517,1.5125432332854796,0.0 100.61796091496944,1.512659198402505,0.0 100.61800852417944,1.5128472227553944,0.0 100.61826333403587,1.5134200098546884,0.0 100.61837766319515,1.5139173860077773,0.0 100.61845913529397,1.5145049198205796,0.0 100.61849903315304,1.514667136772211,0.0 100.61855971813203,1.5148571719046569,0.0 100.61856307089329,1.5151058598305576,0.0 100.61854261904955,1.5151738970883402,0.0 100.61853926628828,1.5155197810455423,0.0 100.61854362487793,1.5156977503857243,0.0 100.61857715249062,1.515994365920202,0.0 100.61858151108027,1.516180043872499,0.0 100.61857011169197,1.5163459474445644,0.0 100.61851982027294,1.5165175487016993,0.0 100.61845276504755,1.516663007569166,0.0 100.61834916472435,1.516904656956385,0.0 100.61834950000046,1.5169499033712328,0.0 100.61840314418077,1.5171245210078548,0.0 100.61841353774071,1.5173011495818014,0.0 100.61839040368795,1.5177512674953557,0.0 100.61836492270231,1.5180257622901656,0.0 100.61828278005123,1.5183632668313856,0.0 100.61827775090931,1.5184634791924554,0.0 100.61828814446928,1.5186853540355805,0.0 100.6183448061347,1.518791934390184,0.0 100.61859358102083,1.5190211826822737,0.0 100.61866231262684,1.5190862033922672,0.0 100.61884671449661,1.5192986937401622,0.0 100.61896439641713,1.5195205684975013,0.0 100.61912231147289,1.519703229723224,0.0 100.6192222237587,1.519776964525572,0.0 100.61926648020744,1.5198148374003386,0.0 100.61943143606187,1.5199237638063727,0.0 100.61948776245117,1.5200843045609302,0.0 100.61953939497472,1.5202555703631693,0.0 100.61959873884916,1.5203876226554451,0.0 100.61975497752428,1.5205159882008283,0.0 100.6197677180171,1.520647705319102,0.0 100.61976503580807,1.5207502636804466,0.0 100.61978951096536,1.5207623293696986,0.0 100.61992362141609,1.5207532801027692,0.0 100.6200734898448,1.5207177533507543,0.0 100.62018513679504,1.5206939571297267,0.0 100.62019519507885,1.5206946274458237,0.0 100.62027599662542,1.5207154072444653,0.0 100.62029041349886,1.520837069609934,0.0 100.62029544264078,1.5208635470935183,0.0 100.62035109847783,1.5214091842778839,0.0 100.62032863497734,1.5215097316555184,0.0 100.62033466994762,1.5216344103972808,0.0 100.62038429081441,1.5217423312378238,0.0 100.62045805156231,1.522007441105815,0.0 100.62053482979536,1.5222443976858833,0.0 100.62059249728918,1.5223928725877085,0.0 100.62082685530187,1.5227937212557925,0.0 100.62089759856462,1.5226666964768991,0.0 100.62113430351019,1.5229173944502055,0.0 100.62147863209248,1.5230487762641505,0.0 </coordinates>
               </LinearRing>
            </outerBoundaryIs>
         </Polygon>
      </Placemark>
      <Placemark>
         <description></description>
         <ExtendedData/>
         <name>Polygon</name>
         <Style>
            <LineStyle>
               <color>ff000000</color>
               <width>2.0</width>
            </LineStyle>
            <PolyStyle>
               <color>ffaca073</color>
            </PolyStyle>
         </Style>
         <Polygon>
            <outerBoundaryIs>
               <LinearRing>
                  <coordinates>100.61405997723341,1.5076696763394208,0.0 100.61425141990185,1.5077729056349207,0.0 100.61444353312254,1.5079143431681903,0.0 100.6146788969636,1.508006177011912,0.0 100.61495952308178,1.508200234646989,0.0 100.61522606760263,1.5083765287875317,0.0 100.61536185443401,1.5084133963816446,0.0 100.61557207256556,1.5085491361546308,0.0 100.61572998762131,1.5085977343429093,0.0 100.6159844622016,1.5087834129280733,0.0 100.61657924205065,1.5090927654815298,0.0 100.61694636940956,1.5093042513296993,0.0 100.6173986569047,1.5096012028979595,0.0 100.61800517141819,1.5099373681119541,0.0 100.61826635152102,1.5093565362588783,0.0 100.61865627765656,1.508757605616647,0.0 100.61914276331662,1.5079770180911463,0.0 100.6194233894348,1.5073998724757816,0.0 100.61890035867691,1.5069701971854326,0.0 100.61824254691601,1.5064362869756596,0.0 100.61736680567265,1.505750549000184,0.0 100.61666306108236,1.505141562552702,0.0 100.61580726849115,1.5044343739476098,0.0 100.61495147645473,1.503727185007039,0.0 100.61451494693756,1.504091169458314,0.0 100.61435803771019,1.5043874514161657,0.0 100.61424236744642,1.5047986933882842,0.0 100.61420112848282,1.5052005507906079,0.0 100.61424504965542,1.5056238583828458,0.0 100.61416022479534,1.5064828742496532,0.0 100.61405997723341,1.5076696763394208,0.0 </coordinates>
               </LinearRing>
            </outerBoundaryIs>
         </Polygon>
      </Placemark>
      <Placemark>
         <description></description>
         <ExtendedData/>
         <name>Polygon</name>
         <Style>
            <LineStyle>
               <color>ff000000</color>
               <width>2.0</width>
            </LineStyle>
            <PolyStyle>
               <color>ffaca073</color>
            </PolyStyle>
         </Style>
         <Polygon>
            <outerBoundaryIs>
               <LinearRing>
                  <coordinates>100.6121901422739,1.5103301752552445,0.0 100.612660869956,1.5070261689324433,0.0 100.61254285275936,1.5069175770387542,0.0 100.61232928186655,1.506854902085303,0.0 100.6121562793851,1.5067714471979605,0.0 100.61196517199278,1.5066863165063935,0.0 100.61174858361484,1.5065864387616348,0.0 100.61155613511802,1.5065348240863667,0.0 100.61148338019848,1.5064557262699652,0.0 100.61143308877945,1.5062804374547307,0.0 100.6113925203681,1.5061017970224089,0.0 100.61133686453104,1.5060629184273093,0.0 100.61118330806494,1.5059881776778923,0.0 100.61100460588932,1.5058708715637867,0.0 100.61091307550667,1.5058108778629689,0.0 100.6107809767127,1.505698599144756,0.0 100.610631108284,1.5055943642698215,0.0 100.61052549630404,1.5055323595990844,0.0 100.61035986989737,1.5053647793991074,0.0 100.61023782938719,1.5052474732514405,0.0 100.61008653544086,1.505122458561953,0.0 100.60985829681158,1.5049518617313484,0.0 100.60968361794949,1.5048194733391727,0.0 100.60953374952078,1.5046877552600026,0.0 100.60938186943531,1.5045329110956915,0.0 100.61031863093376,1.50025424744089,0.0 100.60979526489973,1.5000900184481158,0.0 100.60939393937588,1.49997908008072,0.0 100.6091508641839,1.4999445584727984,0.0 100.6086677312851,1.4998091533257794,0.0 100.60845483094454,1.4997387694589257,0.0 100.60800421983004,1.499679445912251,0.0 100.60787111520767,1.4995946501054467,0.0 100.60774002224207,1.499600347847512,0.0 100.60766827315094,1.4997069291374783,0.0 100.60748588293791,1.4999351739579252,0.0 100.60729075223207,1.5002462035721418,0.0 100.60690853744744,1.5008019007684867,0.0 100.60672547668219,1.5012262146966735,0.0 100.60660813003777,1.5015405957372843,0.0 100.60675833374263,1.5016026005214145,0.0 100.60725890100002,1.5017121981625479,0.0 100.60732260346413,1.5017607965031876,0.0 100.60732629150152,1.5018328561097387,0.0 100.60737457126379,1.5019233495657747,0.0 100.60737155377865,1.5020225572021393,0.0 100.60738764703274,1.5021375173967688,0.0 100.60738664120436,1.5022360547016171,0.0 100.60742184519768,1.502367772928734,0.0 100.60739401727913,1.5024914472874207,0.0 100.60742419213057,1.5026167974432838,0.0 100.60747012495993,1.5027116479575005,0.0 100.60752611607313,1.5028024765379344,0.0 100.60752946883439,1.50288995350665,0.0 100.60751806944609,1.5029864798129031,0.0 100.60753483325243,1.5031218847630838,0.0 100.60759551823139,1.503239861346513,0.0 100.60761898756026,1.5033464424590044,0.0 100.60760725289583,1.5034426335843727,0.0 100.60763105750084,1.5035187150637923,0.0 100.60769375413656,1.5036252961626708,0.0 100.60773197561502,1.5037184708297635,0.0 100.60780439525843,1.5038136564567757,0.0 100.60785803943872,1.5039604568170566,0.0 100.60799952596426,1.5040871475310071,0.0 100.60801729559898,1.5040975375098609,0.0 100.60810379683971,1.5041062516856478,0.0 100.60826808214188,1.5041109439341278,0.0 100.60832038521765,1.504093180421961,0.0 100.60843035578728,1.5041313887309753,0.0 100.60848399996756,1.5041920527991608,0.0 100.60850143432617,1.5042476894568992,0.0 100.6084843352437,1.504335836688851,0.0 100.60843102633953,1.5044182861877575,0.0 100.6084320321679,1.5044936973120737,0.0 100.608424320817,1.50458888290527,0.0 100.60844779014587,1.5046572556527569,0.0 100.60844007879496,1.5047450677076404,0.0 100.60844410210848,1.504813775610733,0.0 100.6084980815649,1.504874439659937,0.0 100.60855373740196,1.5049511914103915,0.0 100.60857921838472,1.5051973667526934,0.0 100.60856580734253,1.5053372962450737,0.0 100.60860469937325,1.505443542094698,0.0 100.60879396272578,1.505686365786208,0.0 100.60885213315487,1.5057877517990994,0.0 100.60891147702932,1.5058702012431096,0.0 100.60896512120962,1.5059352223471612,0.0 100.60898322612047,1.505929189461296,0.0 100.60909051448108,1.5059415903933264,0.0 100.60916662216187,1.5059861667159882,0.0 100.60917869210245,1.5060729732364482,0.0 100.60921858996154,1.506201674789368,0.0 100.60930140316486,1.5063166347638015,0.0 100.60935202986002,1.5064319298924287,0.0 100.60939896851778,1.5065036541844863,0.0 100.60946434736253,1.5065616369048382,0.0 100.60948245227337,1.5065666643082627,0.0 100.60951430350542,1.5066008506512565,0.0 100.60952167958021,1.5067097777209453,0.0 100.60955621302128,1.5068166938240353,0.0 100.60961488634348,1.506860599808425,0.0 100.60962460935116,1.506861940449156,0.0 100.6096450611949,1.5069108738352526,0.0 100.6096688657999,1.5069591368999344,0.0 100.60971546918154,1.5070107515651392,0.0 100.60978353023529,1.5070261689324433,0.0 100.60981269925833,1.5071196786143197,0.0 100.60984287410975,1.5071840293608125,0.0 100.60989584773779,1.5072168750535972,0.0 100.61002627015114,1.5072611161900433,0.0 100.61011746525764,1.5072664787519745,0.0 100.61021100729704,1.507280555476983,0.0 100.61027370393278,1.5072493855857765,0.0 100.61035618185997,1.507252402026877,0.0 100.6104376539588,1.507224918896659,0.0 100.61055868864058,1.5071582220304174,0.0 100.61062306165697,1.507107277688994,0.0 100.61070654541254,1.5071203489346023,0.0 100.61074811965226,1.507152859468219,0.0 100.61074443161486,1.5072289408181774,0.0 100.61070352792741,1.5073978615151877,0.0 100.61074275523424,1.50747762961756,0.0 100.61074677854776,1.507546002274401,0.0 100.61072498559953,1.507602309166649,0.0 100.61070587486027,1.5076438690147762,0.0 100.61072330921888,1.5077481037916352,0.0 100.61072800308466,1.5078389321622545,0.0 100.61072029173374,1.5080098637719848,0.0 100.6107873469591,1.5080996866517034,0.0 100.6108782067895,1.508154317729727,0.0 100.61094090342522,1.5082749753204796,0.0 100.61117324978113,1.5083735123479833,0.0 100.61128724366426,1.5083986493440757,0.0 100.6113338470459,1.508367814628818,0.0 100.61137206852436,1.5084522749347737,0.0 100.61138380318882,1.5085474603550244,0.0 100.61138212680817,1.5086607444060771,0.0 100.61124566942453,1.5087441992209794,0.0 100.6112040951848,1.5088286595123173,0.0 100.61110351234674,1.5088799389733174,0.0 100.61106093227863,1.5090475189027819,0.0 100.61115112155676,1.5093022403708614,0.0 100.61119806021453,1.50931397096406,0.0 100.61127215623856,1.509310619366005,0.0 100.61138950288296,1.5092824659421704,0.0 100.61159905046226,1.5093065974483417,0.0 100.61159938573837,1.509648125263948,0.0 100.6115048378706,1.5099614996108484,0.0 100.6121901422739,1.5103301752552445,0.0 </coordinates>
               </LinearRing>
            </outerBoundaryIs>
         </Polygon>
      </Placemark>
      <Placemark>
         <description></description>
         <ExtendedData/>
         <name>Polygon</name>
         <Style>
            <LineStyle>
               <color>ff000000</color>
               <width>2.0</width>
            </LineStyle>
            <PolyStyle>
               <color>ffaca073</color>
            </PolyStyle>
         </Style>
         <Polygon>
            <outerBoundaryIs>
               <LinearRing>
                  <coordinates>100.61805244535208,1.5099514448196731,0.0 100.6195591762662,1.5108262114781001,0.0 100.61972111463547,1.5108999465826392,0.0 100.61988774687052,1.5109294406237577,0.0 100.62009561806917,1.5109368141339674,0.0 100.62033768743278,1.5109465337610382,0.0 100.62047515064478,1.5109465337610382,0.0 100.62055695801973,1.5109203913157228,0.0 100.62060490250586,1.5108798370089274,0.0 100.62063708901405,1.51080409094625,0.0 100.62064714729787,1.5105527212503163,0.0 100.62064278870821,1.510315093071026,0.0 100.6206602230668,1.510179688567955,0.0 100.62067497521639,1.5099591534929058,0.0 100.62067866325378,1.509815034814773,0.0 100.62067832797764,1.5096739325648147,0.0 100.62066961079836,1.5095975161405966,0.0 100.62066558748482,1.5095224403527707,0.0 100.62066927552222,1.5093377673100836,0.0 100.6206152960658,1.509036458627843,0.0 100.62052678316832,1.5087126941908202,0.0 100.62046676874161,1.5085038895645726,0.0 100.62041513621807,1.508325249314662,0.0 100.62034975737333,1.5081057195315506,0.0 100.62021363526583,1.5076720224598188,0.0 100.62010366469622,1.5077822901160798,0.0 100.61986662447453,1.5081580044895326,0.0 100.61970803886653,1.5083403315126964,0.0 100.61958566308022,1.5085002028053394,0.0 100.61948474496602,1.508582316986737,0.0 100.61938147991896,1.5087136996705257,0.0 100.61877496540548,1.508716045789804,0.0 100.61867538839579,1.5088115663583834,0.0 100.61852987855673,1.5090274093119331,0.0 100.61842661350965,1.5091983408282696,0.0 100.61828143894671,1.5094316120524292,0.0 100.61805244535208,1.5099514448196731,0.0 </coordinates>
               </LinearRing>
            </outerBoundaryIs>
         </Polygon>
      </Placemark>
      <Placemark>
         <description></description>
         <ExtendedData/>
         <name>Polygon</name>
         <Style>
            <LineStyle>
               <color>ff000000</color>
               <width>2.0</width>
            </LineStyle>
            <PolyStyle>
               <color>ffaca073</color>
            </PolyStyle>
         </Style>
         <Polygon>
            <outerBoundaryIs>
               <LinearRing>
                  <coordinates>100.61230279505251,1.5097004101848575,0.0 100.61226792633535,1.509891451231358,0.0 100.61224076896906,1.5102426985852722,0.0 100.6125146895647,1.510361009942666,0.0 100.612814091146,1.5105845614134101,0.0 100.61315808445217,1.5107477841368873,0.0 100.61324693262576,1.5108553703606484,0.0 100.6134558096528,1.5108959246679148,0.0 100.61360601335764,1.510982395832928,0.0 100.61392787843943,1.5111298660289023,0.0 100.6140408664942,1.5112605782397035,0.0 100.61435334384441,1.5115230081160498,0.0 100.61471745371819,1.5115917158051293,0.0 100.61493705958127,1.511683214334052,0.0 100.61511006206273,1.5118028662506655,0.0 100.61515364795925,1.5120220605009698,0.0 100.61534777283669,1.512162157120299,0.0 100.61574138700962,1.512385708405604,0.0 100.61611622571945,1.5126256824733788,0.0 100.61645451933144,1.5127939324324233,0.0 100.61659734696151,1.5125596560914472,0.0 100.6167921423912,1.5122834848072448,0.0 100.61704393476248,1.5119707811141148,0.0 100.61731886118652,1.5115883642106112,0.0 100.61751365661621,1.511207287877777,0.0 100.61764977872372,1.5109354734957428,0.0 100.61789721250534,1.5102718574756573,0.0 100.61799108982086,1.5099839553109757,0.0 100.61737820506096,1.5096233234420486,0.0 100.61693731695414,1.5093270421964247,0.0 100.61656113713978,1.5091122047521086,0.0 100.6159894913435,1.5087998357624621,0.0 100.61573401093483,1.5086084594601556,0.0 100.61558229692255,1.5085705872630581,0.0 100.6153642013669,1.5084217753802234,0.0 100.61522170901299,1.508387589065842,0.0 100.61467856168747,1.508018242772103,0.0 100.61444688588381,1.5079307660091568,0.0 100.6142520904541,1.5077836307562509,0.0 100.61399459838867,1.5076676653790688,0.0 100.61373945325613,1.5075188543079696,0.0 100.61340417712927,1.507311055047525,0.0 100.61317350715399,1.5071572165500122,0.0 100.61297804117203,1.5071304037388686,0.0 100.61283387243748,1.5070663881509334,0.0 100.61266288161278,1.507131744379434,0.0 100.61259716749193,1.5075325958712655,0.0 100.61250530183315,1.5078419486025407,0.0 100.61246372759342,1.508186828247899,0.0 100.61241041868925,1.5087706768523448,0.0 100.61236683279276,1.5088491042648786,0.0 100.61233028769493,1.5090817052068202,0.0 100.61230279505251,1.5097004101848575,0.0 </coordinates>
               </LinearRing>
            </outerBoundaryIs>
         </Polygon>
      </Placemark>
      <Placemark>
         <description></description>
         <ExtendedData/>
         <name>Polygon</name>
         <Style>
            <LineStyle>
               <color>ff000000</color>
               <width>2.0</width>
            </LineStyle>
            <PolyStyle>
               <color>ffcabc87</color>
            </PolyStyle>
         </Style>
         <Polygon>
            <outerBoundaryIs>
               <LinearRing>
                  <coordinates>100.60027543455362,1.5022534830680123,0.0 100.6002053618431,1.5025128975819753,0.0 100.60024324804543,1.5026660660854538,0.0 100.6004346907139,1.5029864798129031,0.0 100.60048665851355,1.503087363204817,0.0 100.60059327632189,1.5031905927172815,0.0 100.60085345059633,1.503613230378155,0.0 100.60093626379968,1.5037261795250565,0.0 100.60103248804808,1.50387230956994,0.0 100.6011562049389,1.504019109926277,0.0 100.6012712046504,1.504216854682903,0.0 100.60155618935823,1.5046418382686975,0.0 100.6016457080841,1.504335836688851,0.0 100.60182072222234,1.5039453745887177,0.0 100.60192231088877,1.5037791349094245,0.0 100.60198936611413,1.5036025052363038,0.0 100.60203596949576,1.503459056459002,0.0 100.60207452625038,1.5033159428329934,0.0 100.60209766030312,1.5032160649339015,0.0 100.6041767075658,1.5041260261613218,0.0 100.60420587658882,1.5039336439665887,0.0 100.60448046773672,1.5035374840627125,0.0 100.60469772666693,1.5031081431720026,0.0 100.60443989932537,1.5024317886545653,0.0 100.604417771101,1.5021686873610265,0.0 100.60436446219683,1.5018975421731298,0.0 100.60440704226494,1.5017346539476597,0.0 100.60433696955442,1.5014930028747595,0.0 100.60416564345361,1.5011169521922407,0.0 100.60388971120119,1.5006225895655412,0.0 100.60377202928066,1.5003618341825218,0.0 100.60361746698618,1.500004887495985,0.0 100.60346256941558,1.4996137542993608,0.0 100.60332845896482,1.4992397142618994,0.0 100.60297843068838,1.4993563504094765,0.0 100.60263946652412,1.4995252717156267,0.0 100.60249160975218,1.4996714020413913,0.0 100.60227133333682,1.4999529375038825,0.0 100.60198534280062,1.5004938876837266,0.0 100.6017603725195,1.5008277081740449,0.0 100.60155652463438,1.5009805416345472,0.0 100.60148946940899,1.5011353860507328,0.0 100.60139290988447,1.501214148898914,0.0 100.60116223990916,1.5014397122739604,0.0 100.60062982141972,1.5018529657669593,0.0 100.60027543455362,1.5022534830680123,0.0 </coordinates>
               </LinearRing>
            </outerBoundaryIs>
         </Polygon>
      </Placemark>
      <Placemark>
         <description></description>
         <ExtendedData/>
         <name>Polygon</name>
         <Style>
            <LineStyle>
               <color>ff000000</color>
               <width>2.0</width>
            </LineStyle>
            <PolyStyle>
               <color>ffcabc87</color>
            </PolyStyle>
         </Style>
         <Polygon>
            <outerBoundaryIs>
               <LinearRing>
                  <coordinates>100.59747286140917,1.5071672713541004,0.0 100.5976726859808,1.507175650357463,0.0 100.59786010533571,1.5071712932757206,0.0 100.59810888022184,1.507179672279083,0.0 100.59837944805622,1.5071605681513751,0.0 100.59854239225388,1.5071632494324678,0.0 100.5987636744976,1.5071649252331556,0.0 100.59899099171163,1.507159227510835,0.0 100.59914991259575,1.5071679416743706,0.0 100.59926994144917,1.5071803425993402,0.0 100.59943322092295,1.50718168323988,0.0 100.59952676296236,1.507196765445828,0.0 100.59966187924147,1.5072400011023144,0.0 100.59976547956467,1.5072430175434277,0.0 100.59986505657436,1.507280555476983,0.0 100.59996161609888,1.5073459116990462,0.0 100.60004476457836,1.5073780870691946,0.0 100.6001316010952,1.5074337236456,0.0 100.6002415716648,1.507500420503407,0.0 100.6003562361002,1.5075493538751659,0.0 100.60043938457964,1.5076026443267203,0.0 100.60052152723074,1.5076462151352124,0.0 100.60065899044274,1.5076944781835842,0.0 100.60074515640736,1.5076824124215866,0.0 100.60076627880333,1.5075882324437269,0.0 100.60079980641603,1.5074950579420485,0.0 100.60082998126745,1.5073288185334588,0.0 100.60083802789451,1.507224918896659,0.0 100.60087222605944,1.5071035909273944,0.0 100.60090944170952,1.5069671807439504,0.0 100.60094699263573,1.50685456692513,0.0 100.60097582638264,1.5067369256974525,0.0 100.60103181749584,1.5065948177672488,0.0 100.60108512639998,1.506464775596562,0.0 100.60110893100502,1.5063005470709603,0.0 100.60115117579699,1.5061383294947444,0.0 100.60118202120066,1.5059911941207484,0.0 100.60121085494757,1.505864503517405,0.0 100.60128293931484,1.505650336052149,0.0 100.60130272060631,1.5055249860705548,0.0 100.6013349071145,1.5053007637593037,0.0 100.60141269117594,1.50513117257881,0.0 100.60144823044538,1.5049867184206036,0.0 100.60153372585773,1.5048680716106546,0.0 100.60153171420097,1.5047765727951765,0.0 100.60148879885674,1.504687420099486,0.0 100.60146331787111,1.504616366068731,0.0 100.60140062123537,1.5044983895597268,0.0 100.60132686048746,1.5043814185260387,0.0 100.60124304145575,1.504271150697697,0.0 100.60118068009616,1.5041535093306222,0.0 100.60111932456492,1.5040278241023692,0.0 100.6010177358985,1.5039021388668898,0.0 100.60093156993389,1.5037670691257612,0.0 100.60083769261837,1.5036685318899818,0.0 100.60076124966143,1.5035351379378619,0.0 100.60068346560001,1.5033873320668207,0.0 100.60058321803808,1.5032388558643015,0.0 100.60047961771488,1.5031781917696028,0.0 100.60042597353458,1.503078649024959,0.0 100.60038138180971,1.5029727382209568,0.0 100.60032472014427,1.5028785580396689,0.0 100.60024928301573,1.5028118610404797,0.0 100.6001527234912,1.5026912031473711,0.0 100.60005716979505,1.502679807679334,0.0 100.59991635382175,1.5027974491258334,0.0 100.5997446924448,1.502944919876013,0.0 100.59961561113595,1.5031336153895767,0.0 100.59949692338705,1.5032566193834147,0.0 100.59937119483948,1.5034128042811379,0.0 100.5992629006505,1.5035123470105405,0.0 100.59910599142313,1.50369735570771,0.0 100.59903524816036,1.503803266476548,0.0 100.59908553957939,1.5039353197697571,0.0 100.59918008744717,1.5040348624753566,0.0 100.5992655828595,1.5041277019643378,0.0 100.59916701167823,1.5045114608209837,0.0 100.59891253709793,1.5049196863253742,0.0 100.59877373278141,1.5050266025162857,0.0 100.59842940419912,1.5050453715022423,0.0 100.59833921492098,1.505094304929139,0.0 100.59830468147993,1.50527026416062,0.0 100.59816487133503,1.5054864426255776,0.0 100.59808071702719,1.5058433884161269,0.0 100.59802941977978,1.5059650516158931,0.0 100.59791274368763,1.5060203530680911,0.0 100.59789095073938,1.5061698345621413,0.0 100.59774611145258,1.5065760487946254,0.0 100.59757210314274,1.5068203805861182,0.0 100.59757579118013,1.5069336647270408,0.0 100.59747286140917,1.5071672713541004,0.0 </coordinates>
               </LinearRing>
            </outerBoundaryIs>
         </Polygon>
      </Placemark>
      <Placemark>
         <description></description>
         <ExtendedData/>
         <name>Polygon</name>
         <Style>
            <LineStyle>
               <color>ff000000</color>
               <width>2.0</width>
            </LineStyle>
            <PolyStyle>
               <color>ffcabc87</color>
            </PolyStyle>
         </Style>
         <Polygon>
            <outerBoundaryIs>
               <LinearRing>
                  <coordinates>100.59614215046167,1.5089704321368311,0.0 100.59621121734382,1.509053216620166,0.0 100.59630643576385,1.5091115344324366,0.0 100.5963721498847,1.5091494074935963,0.0 100.59648245573044,1.509211412061334,0.0 100.59656258672474,1.5092529718787118,0.0 100.59665780514479,1.509315646763094,0.0 100.59672050178051,1.5093528495010955,0.0 100.5968227609992,1.5094376449285871,0.0 100.5968951806426,1.509472501546038,0.0 100.59695854783057,1.5095177481159443,0.0 100.5970661714673,1.5095683572411658,0.0 100.59718251228333,1.5096085764126856,0.0 100.59728443622589,1.5096454439859213,0.0 100.5973618850112,1.509692031191215,0.0 100.59745442122221,1.5097359371175787,0.0 100.5975167825818,1.5097671069731757,0.0 100.59761300683022,1.5098203973704065,0.0 100.59769414365292,1.50986765489139,0.0 100.59779841452838,1.5099293242789174,0.0 100.59788390994072,1.5099739005199024,0.0 100.59798080474138,1.5100385863416603,0.0 100.59806160628796,1.5100969041275067,0.0 100.59813067317008,1.5101438264827958,0.0 100.5982369557023,1.510210523257514,0.0 100.59832647442818,1.5102594565683078,0.0 100.59842202812433,1.5103124117938265,0.0 100.59854708611967,1.510379108563354,0.0 100.59864263981582,1.5104240199547414,0.0 100.59876903891563,1.5104558601197182,0.0 100.59885520488024,1.5104816674109927,0.0 100.59894874691963,1.510524232682949,0.0 100.59907514601946,1.5105889184883208,0.0 100.59913851320744,1.5106378517906034,0.0 100.59921931475401,1.5106475714189973,0.0 100.59931620955467,1.5106472362594094,0.0 100.59949424117805,1.5105523860907029,0.0 100.59958945959806,1.5104990957114233,0.0 100.59966959059237,1.510446140490472,0.0 100.59973563998938,1.5104069268133518,0.0 100.59982012957335,1.5103566528672976,0.0 100.5999042838812,1.5103000108866933,0.0 100.59999816119672,1.5102366657113533,0.0 100.60008835047483,1.510181699525979,0.0 100.60014601796865,1.5101518703150312,0.0 100.60016948729753,1.5101036073211866,0.0 100.60018826276065,1.5100392566610652,0.0 100.60021240264177,1.5099631754093732,0.0 100.60023218393326,1.5098643032941876,0.0 100.6002626940608,1.5097768266054628,0.0 100.60027040541172,1.5096943773094373,0.0 100.60029085725546,1.509602208377245,0.0 100.60030862689018,1.5095197590745788,0.0 100.60032103210688,1.50944803488192,0.0 100.60035053640604,1.5093588823774697,0.0 100.60037098824978,1.5092623563534844,0.0 100.60037467628717,1.5092006869470265,0.0 100.60042027384043,1.5090753371698273,0.0 100.6004336848855,1.5090093106799987,0.0 100.60046888887882,1.5088876476503539,0.0 100.60050208121537,1.5087964841636186,0.0 100.60052722692488,1.5086949307161712,0.0 100.60054164379835,1.508601756261883,0.0 100.60056444257498,1.508516290481947,0.0 100.60058321803808,1.5084033415833196,0.0 100.60060735791922,1.508331282193886,0.0 100.60061540454625,1.5082521844427494,0.0 100.60062747448683,1.5081439277701985,0.0 100.60064055025576,1.508087620891945,0.0 100.60064926743507,1.508004501211873,0.0 100.6006459146738,1.5078892061665128,0.0 100.6006345152855,1.5077903339570426,0.0 100.60061272233725,1.507727323868672,0.0 100.60054264962675,1.5076860991822065,0.0 100.6004735827446,1.507649901895883,0.0 100.60041893273592,1.507623089090808,0.0 100.60031432658434,1.5075644360785692,0.0 100.60022782534361,1.507513491746662,0.0 100.60012489557265,1.5074655638543668,0.0 100.60004141181707,1.5074186414412933,0.0 100.5999478697777,1.507375740948466,0.0 100.59987343847752,1.5073281482132523,0.0 100.5997547507286,1.5072698303531717,0.0 100.59964813292025,1.5072785445162746,0.0 100.59950865805149,1.5072326275795607,0.0 100.59938728809357,1.5072312869390587,0.0 100.59926223009825,1.5072326275795607,0.0 100.59913817793131,1.5072212321352632,0.0 100.59906341135502,1.5072111773314167,0.0 100.59895779937504,1.5072182156941119,0.0 100.59884145855904,1.5072172102137322,0.0 100.59870935976505,1.5072205618150059,0.0 100.59858296066523,1.5072239134162797,0.0 100.59849143028259,1.5072322924194383,0.0 100.5983891710639,1.5072242485764018,0.0 100.59827718883753,1.5072229079359,0.0 100.59816855937241,1.5072279353377978,0.0 100.59806495904922,1.507235979180809,0.0 100.59797678142786,1.5072343033801847,0.0 100.59786982834339,1.507226259537161,0.0 100.59777393937112,1.5072235782561574,0.0 100.59766631573439,1.507228605658055,0.0 100.59755835682154,1.5072192211745041,0.0 100.59746447950603,1.5072178805339895,0.0 100.59738367795944,1.5072195563346265,0.0 100.59727236628532,1.507224583736537,0.0 100.59716641902922,1.507214193772581,0.0 100.59704471379519,1.5072158695732176,0.0 100.59690624475479,1.5072135234523236,0.0 100.59678487479687,1.507206820249738,0.0 100.59669267386198,1.5072061499294809,0.0 100.59661019593477,1.5072041389686963,0.0 100.59656158089638,1.5072309517789366,0.0 100.59652905911207,1.5073077034463913,0.0 100.5965032428503,1.5074327181653222,0.0 100.59647507965565,1.5075141620668175,0.0 100.59645328670739,1.5076267758515425,0.0 100.59641808271408,1.507744417031117,0.0 100.59639729559422,1.5078577011239749,0.0 100.59635303914548,1.5079646171707184,0.0 100.5963084474206,1.508088961531925,0.0 100.59628464281559,1.508169399928932,0.0 100.59625580906868,1.5082649205215057,0.0 100.59622697532177,1.5083483753515983,0.0 100.59619814157486,1.508460989093144,0.0 100.59617467224598,1.508547125195093,0.0 100.59613779187202,1.508634266773363,0.0 100.59610527008773,1.5087552594974067,0.0 100.59611029922964,1.5088239672739896,0.0 100.59612471610308,1.5089141252799765,0.0 100.59614215046167,1.5089704321368311,0.0 </coordinates>
               </LinearRing>
            </outerBoundaryIs>
         </Polygon>
      </Placemark>
      <Placemark>
         <description></description>
         <ExtendedData/>
         <name>Polygon</name>
         <Style>
            <LineStyle>
               <color>ff000000</color>
               <width>2.0</width>
            </LineStyle>
            <PolyStyle>
               <color>ffcabc87</color>
            </PolyStyle>
         </Style>
         <Polygon>
            <outerBoundaryIs>
               <LinearRing>
                  <coordinates>100.60158804059029,1.5046344647371654,0.0 100.60163665562868,1.5044236487566858,0.0 100.60171745717525,1.5042319369093717,0.0 100.60182306915522,1.503998329967768,0.0 100.60191191732883,1.5038310848105634,0.0 100.60199841856955,1.5036155765029293,0.0 100.60204200446606,1.5034788309405411,0.0 100.60207653790714,1.5033283437798834,0.0 100.6021100655198,1.5032492458471882,0.0 100.60216806828976,1.5032619819551927,0.0 100.60223914682865,1.5032904706175567,0.0 100.60234978795053,1.503336722798029,0.0 100.60246746987103,1.503390013352557,0.0 100.60257341712713,1.5034309029595465,0.0 100.60266025364399,1.5034791661012612,0.0 100.60276553034781,1.5035230721528499,0.0 100.602932497859,1.5035887636482377,0.0 100.60306593775748,1.5036484222494784,0.0 100.60317356139421,1.5036936689403473,0.0 100.60327716171741,1.5037486352894693,0.0 100.60338914394379,1.5037878490864838,0.0 100.60351587831973,1.5038404693087069,0.0 100.60364093631507,1.5038967762966766,0.0 100.60376096516848,1.5039497316769102,0.0 100.6038746237755,1.5040023518952275,0.0 100.60401443392038,1.5040599995214983,0.0 100.60409992933273,1.504093180421961,0.0 100.60419447720052,1.5041327293733726,0.0 100.6043329462409,1.5041665805939402,0.0 100.60446973890068,1.5042000966533802,0.0 100.60461055487394,1.5042302611064322,0.0 100.60474298894405,1.5042684694130546,0.0 100.60482881963253,1.504278524230463,0.0 100.60497399419546,1.5043190786602314,0.0 100.60511011630297,1.5043515892356407,0.0 100.60520701110363,1.5043706933879533,0.0 100.60526467859745,1.504390132700668,0.0 100.60532569885255,1.5044313574494979,0.0 100.60531195253134,1.5045148124264176,0.0 100.60526434332134,1.5045955861159088,0.0 100.60524456202984,1.5046867497784526,0.0 100.6052378565073,1.504787297931252,0.0 100.6052117049694,1.5049039337827066,0.0 100.60520231723784,1.5050178883441883,0.0 100.60519024729729,1.5051254748511715,0.0 100.60517314821482,1.5052595390269237,0.0 100.60516610741615,1.5054106963751839,0.0 100.6051644310355,1.5055561559864425,0.0 100.6051553785801,1.5056587150613636,0.0 100.60516677796839,1.5057947901663873,0.0 100.60517817735672,1.5059087446813184,0.0 100.60520432889462,1.5060347649614532,0.0 100.60518857091665,1.5060900664118826,0.0 100.60513660311699,1.5060924125339852,0.0 100.60506720095873,1.5060870499691663,0.0 100.60499511659147,1.5060971047781908,0.0 100.60489252209663,1.5060944234958002,0.0 100.60478858649729,1.506098110259092,0.0 100.6047148257494,1.506117214396125,0.0 100.60458675026894,1.506134977891804,0.0 100.60449287295341,1.506146038181488,0.0 100.60437686741352,1.5061627961960622,0.0 100.60427997261286,1.5061487194638274,0.0 100.60418274253607,1.5061272692050096,0.0 100.6040881946683,1.506114868274035,0.0 100.6039172038436,1.5060505174959657,0.0 100.6038186326623,1.506026721114002,0.0 100.60368150472641,1.5059854963953492,0.0 100.60359165072441,1.505960024211082,0.0 100.60347095131873,1.5059328762248803,0.0 100.60333348810673,1.5058775747704687,0.0 100.60316450893879,1.5058601464330292,0.0 100.60298446565868,1.5058014933733237,0.0 100.60285840183496,1.5057096594366535,0.0 100.602752789855,1.5056751379193267,0.0 100.60262706130743,1.5056138035716333,0.0 100.60248021036386,1.5055501230995343,0.0 100.60235146433115,1.505486777785967,0.0 100.60225054621698,1.5054489046611075,0.0 100.60204636305572,1.5053124943740537,0.0 100.60196254402399,1.5052035672345454,0.0 100.60173992067575,1.5049196863253742,0.0 100.60170203447342,1.5048177975366912,0.0 100.60164034366608,1.504710546175034,0.0 100.60158804059029,1.5046344647371654,0.0 </coordinates>
               </LinearRing>
            </outerBoundaryIs>
         </Polygon>
      </Placemark>
      <Placemark>
         <description></description>
         <ExtendedData/>
         <name>Polygon</name>
         <Style>
            <LineStyle>
               <color>ff000000</color>
               <width>2.0</width>
            </LineStyle>
            <PolyStyle>
               <color>ffcabc87</color>
            </PolyStyle>
         </Style>
         <Polygon>
            <outerBoundaryIs>
               <LinearRing>
                  <coordinates>100.60024794191122,1.510034229265643,0.0 100.60033444315195,1.5101156730697496,0.0 100.60046050697565,1.5101444968021625,0.0 100.60061305761339,1.5101830401646614,0.0 100.60077633708715,1.5102259406021217,0.0 100.60090810060501,1.5102742035932564,0.0 100.60107372701168,1.5103201204657741,0.0 100.60121253132819,1.5103633560601761,0.0 100.60133423656225,1.5104149706446075,0.0 100.60147035866976,1.5104578710775005,0.0 100.60159575194119,1.5105041231057512,0.0 100.60173321515322,1.5105373039080112,0.0 100.60184083878994,1.5105812098173144,0.0 100.60195047408342,1.5106130499799886,0.0 100.60201786458492,1.5106381869501913,0.0 100.60209330171347,1.5106552800897746,0.0 100.60213152319191,1.5106036655110426,0.0 100.60215264558792,1.51054400710033,0.0 100.60216035693882,1.5104759696973613,0.0 100.60219153761864,1.510400893939891,0.0 100.60220763087274,1.5103006812059965,0.0 100.60224149376154,1.5102316383164145,0.0 100.60226429253817,1.5101280739779386,0.0 100.60228273272514,1.5100576904441017,0.0 100.60231257230043,1.5099564722152734,0.0 100.60233369469643,1.5098830722384404,0.0 100.60236252844334,1.5097865462377242,0.0 100.60236923396587,1.5097148220538565,0.0 100.60240142047405,1.509602208377245,0.0 100.60242019593716,1.5095207645539024,0.0 100.6024419888854,1.5094312768926375,0.0 100.60246881097554,1.5093498330629083,0.0 100.60248155146837,1.5092704001889765,0.0 100.6025231257081,1.509181917996896,0.0 100.60252580791713,1.5091135453914528,0.0 100.60255598276854,1.509038804746765,0.0 100.6025844812393,1.5089064166030288,0.0 100.60260627418756,1.5088196101955422,0.0 100.60262706130743,1.5087113535512344,0.0 100.60266327112913,1.508604102381276,0.0 100.60266729444264,1.508520647561005,0.0 100.60271255671978,1.508396638384398,0.0 100.60272864997386,1.5082796675599905,0.0 100.60277558863163,1.5081549880496918,0.0 100.60281582176685,1.5079957870516836,0.0 100.60283828526735,1.5078627285244224,0.0 100.60287214815615,1.5077306754691697,0.0 100.60292176902296,1.5076277813317185,0.0 100.60293987393379,1.5075258926696724,0.0 100.60298983007671,1.5074397565272921,0.0 100.60307197272776,1.5073559665022693,0.0 100.60317523777485,1.5073020057244526,0.0 100.60332678258419,1.507341219457525,0.0 100.60342267155646,1.5073697080665958,0.0 100.6035591289401,1.507387136391962,0.0 100.6037338078022,1.5074156250004218,0.0 100.60383271425962,1.5074300368845603,0.0 100.60399498790503,1.5074655638543668,0.0 100.60409490019083,1.5075071237050766,0.0 100.60424208641052,1.50753192555111,0.0 100.60436882078648,1.5075687931595354,0.0 100.60449320822954,1.5075966114454862,0.0 100.6045937910676,1.50763012745218,0.0 100.60470778495073,1.5076790608210253,0.0 100.60483150184156,1.5077001759045052,0.0 100.6049394607544,1.5077373786701267,0.0 100.6050843000412,1.507798712958026,0.0 100.6051879003644,1.5078148006397987,0.0 100.6053377687931,1.5078577011239749,0.0 100.60543533414604,1.507861052724269,0.0 100.60552183538677,1.5078563604838549,0.0 100.60560464859009,1.5077675430742237,0.0 100.60563247650862,1.5076666598988928,0.0 100.60562845319508,1.5075664470390229,0.0 100.60562845319508,1.5074488058498048,0.0 100.60560397803785,1.5073556313421725,0.0 100.60560967773199,1.507272176474015,0.0 100.60555335134268,1.5071555407493247,0.0 100.60552284121513,1.5070389050183748,0.0 100.60548897832632,1.5069504227355592,0.0 100.60541789978743,1.5068595943278675,0.0 100.60537599027158,1.5067711120377747,0.0 100.60532972216606,1.5066571575679566,0.0 100.60528211295606,1.5065599611037053,0.0 100.60525629669426,1.5064201992836963,0.0 100.60525126755238,1.5063243434499216,0.0 100.6052153930068,1.5061869277368252,0.0 100.60514062643051,1.5061031376635978,0.0 100.60502797365189,1.5061004563812073,0.0 100.60489889234303,1.5061101760298805,0.0 100.60473393648863,1.5061403404565086,0.0 100.60462262481451,1.5061540820284938,0.0 100.60447912663221,1.5061792190502215,0.0 100.60437753796577,1.5061869277368252,0.0 100.60427427291869,1.5061684939209907,0.0 100.6040881946683,1.5061326317697394,0.0 100.60397822409868,1.5061118518313696,0.0 100.60383170843124,1.5060652645494375,0.0 100.60366977006198,1.5060203530680911,0.0 100.60356114059687,1.5059714196619696,0.0 100.60342166572809,1.5059516452030253,0.0 100.6033056601882,1.5058993601920678,0.0 100.60315780341624,1.5058789154118102,0.0 100.6029764190316,1.505829311681831,0.0 100.60284331440924,1.5057421699913127,0.0 100.60273535549639,1.5057156923231292,0.0 100.60256939381361,1.5056382702788413,0.0 100.6024470180273,1.5055806226942994,0.0 100.60231827199459,1.5055095686926403,0.0 100.60221735388039,1.5054690142850085,0.0 100.6021124124527,1.5053949438360532,0.0 100.60201317071915,1.505325565630438,0.0 100.6019390746951,1.5052411052032395,0.0 100.60186732560395,1.5051452493176092,0.0 100.6017979234457,1.505050734069631,0.0 100.60169935226442,1.5049304114607498,0.0 100.60167588293552,1.5048308687960397,0.0 100.60161754488945,1.5047259635585974,0.0 100.60153607279062,1.5047252932375768,0.0 100.60150891542435,1.504887510918942,0.0 100.6014770641923,1.5050721843390338,0.0 100.60142375528812,1.5053248953095955,0.0 100.60138251632453,1.5054897942295105,0.0 100.60134764760733,1.5056516766936305,0.0 100.60133088380097,1.5057495435191046,0.0 100.60121990740298,1.5058742231671214,0.0 100.60119107365607,1.5059972270064355,0.0 100.60117430984974,1.5061265988844215,0.0 100.60114279389381,1.5063313818154793,0.0 100.60106568038464,1.5065780597559952,0.0 100.60101572424173,1.506718827046486,0.0 100.60096878558399,1.5068793687785804,0.0 100.60092989355326,1.507004048361943,0.0 100.60088261961937,1.5071910677235965,0.0 100.60084171593188,1.5073455765389367,0.0 100.60080584138632,1.507472267056138,0.0 100.6007793545723,1.5076056607673374,0.0 100.60075554996729,1.5076941430235256,0.0 100.60072503983974,1.507777262715467,0.0 100.60071565210819,1.5079153486482646,0.0 100.60067810118198,1.5081003569716807,0.0 100.60064490884544,1.5083262547945326,0.0 100.60059998184443,1.508572597349094,0.0 100.60055807232857,1.5087529133781665,0.0 100.6005097925663,1.5088983727661882,0.0 100.6004611775279,1.5090833810060194,0.0 100.60041055083275,1.5092352084084646,0.0 100.6003575772047,1.5094269198154115,0.0 100.60030996799469,1.5096457791456745,0.0 100.60026537626983,1.5098522375442252,0.0 100.6002365425229,1.5099568073749758,0.0 100.60024794191122,1.510034229265643,0.0 </coordinates>
               </LinearRing>
            </outerBoundaryIs>
         </Polygon>
      </Placemark>
      <Placemark>
         <description></description>
         <ExtendedData/>
         <name>Polygon</name>
         <Style>
            <LineStyle>
               <color>ff000000</color>
               <width>2.0</width>
            </LineStyle>
            <PolyStyle>
               <color>ffcabc87</color>
            </PolyStyle>
         </Style>
         <Polygon>
            <outerBoundaryIs>
               <LinearRing>
                  <coordinates>100.6021647155285,1.5106613129625357,0.0 100.6023407354951,1.5107373941897755,0.0 100.60249596834183,1.5107772781800795,0.0 100.60274507850409,1.510847996850159,0.0 100.60292512178421,1.5108942488701023,0.0 100.60308571904898,1.5109408360486283,0.0 100.60322418808937,1.5109431821655022,0.0 100.60337271541357,1.510958934664469,0.0 100.60350514948368,1.5109596049835685,0.0 100.60355477035046,1.510810123818604,0.0 100.60360137373209,1.5106257860449412,0.0 100.60366675257683,1.5104310583070426,0.0 100.60371167957783,1.5102681707194265,0.0 100.60375157743692,1.5101136621116622,0.0 100.60382232069969,1.5099718895616878,0.0 100.60387428849936,1.5098230786482167,0.0 100.60400638729334,1.5095767362352919,0.0 100.60400068759918,1.5094165298619768,0.0 100.60403488576412,1.5092710705086105,0.0 100.60407344251871,1.5090853919650609,0.0 100.60420520603657,1.5090321015498156,0.0 100.60435775667429,1.5090669581737677,0.0 100.60446001589297,1.5091621435671108,0.0 100.60460317879915,1.5092338677692094,0.0 100.60460519045591,1.509385024841563,0.0 100.60447912663221,1.5095914832648838,0.0 100.60429338365795,1.5097299042422476,0.0 100.6043141707778,1.509848550787282,0.0 100.6043104827404,1.5099655215273031,0.0 100.60426320880653,1.510121370784335,0.0 100.60419984161854,1.510308389877995,0.0 100.60412105172874,1.5104642391104348,0.0 100.60404930263758,1.5106546097705733,0.0 100.60400705784559,1.510883523764115,0.0 100.60400370508432,1.5110018350866117,0.0 100.60423538088799,1.5110155766278983,0.0 100.60435239225626,1.5109864177475127,0.0 100.60443051159383,1.5109270945068585,0.0 100.60449488461019,1.5107940361589804,0.0 100.60454551130533,1.5106281321621586,0.0 100.60464341193438,1.510389833671822,0.0 100.60471281409264,1.5101823698453203,0.0 100.60479026287794,1.5099976968587125,0.0 100.60486804693937,1.509803974543727,0.0 100.60494348406792,1.509647119784688,0.0 100.60498673468828,1.5094885892154448,0.0 100.60504138469696,1.5093602230166612,0.0 100.60509402304888,1.5092080604631266,0.0 100.60517147183418,1.5090146732376297,0.0 100.60522746294735,1.5088517855438977,0.0 100.60528948903085,1.5087086722720502,0.0 100.6053602322936,1.5085601964320632,0.0 100.60539275407791,1.5084097096222588,0.0 100.60544706881046,1.5083014529575574,0.0 100.60549769550562,1.5081740921686722,0.0 100.60552284121513,1.5080319843322565,0.0 100.60544606298208,1.5079361285694337,0.0 100.60528613626957,1.5078938984068506,0.0 100.60513660311699,1.5078704372050593,0.0 100.60498338192701,1.5078201632003811,0.0 100.60482580214739,1.5077708946746577,0.0 100.60463033616543,1.5077041978251455,0.0 100.60447543859482,1.507658951217518,0.0 100.60430478304625,1.5076240945710095,0.0 100.60411669313906,1.5075765018412155,0.0 100.60394000262022,1.5075208652684615,0.0 100.60378611087799,1.5074866789399075,0.0 100.60362450778486,1.5074260149634238,0.0 100.6034417822957,1.5073891473525682,0.0 100.60329258441925,1.5073512742607738,0.0 100.6031708791852,1.5073700432266925,0.0 100.60305453836918,1.5074216578821649,0.0 100.60295864939688,1.5075761666811442,0.0 100.60290098190306,1.5077799439957837,0.0 100.6028600782156,1.5079438372498162,0.0 100.60281582176685,1.508110746931413,0.0 100.60277625918388,1.5083292712341445,0.0 100.60271456837656,1.5085283562393137,0.0 100.60265824198721,1.508738501502781,0.0 100.60259856283665,1.5089784759734046,0.0 100.60254760086536,1.509220461376468,0.0 100.60248591005801,1.5094222275783815,0.0 100.60242623090744,1.5096437681871546,0.0 100.60237862169744,1.5098830722384404,0.0 100.60230787843466,1.5101314255747214,0.0 100.60224786400795,1.5103633560601761,0.0 100.60221232473849,1.5104679258663347,0.0 100.6021647155285,1.5106613129625357,0.0 </coordinates>
               </LinearRing>
            </outerBoundaryIs>
         </Polygon>
      </Placemark>
      <Placemark>
         <description></description>
         <ExtendedData/>
         <name>Polygon</name>
         <Style>
            <LineStyle>
               <color>ff000000</color>
               <width>2.0</width>
            </LineStyle>
            <PolyStyle>
               <color>ffcabc87</color>
            </PolyStyle>
         </Style>
         <Polygon>
            <outerBoundaryIs>
               <LinearRing>
                  <coordinates>100.60527607798576,1.5064319298924287,0.0 100.60526769608259,1.5063079205968566,0.0 100.60523182153703,1.506173856485606,0.0 100.60524322092533,1.506073978717362,0.0 100.60538671910763,1.5060776654807044,0.0 100.6057421118021,1.5062435698244867,0.0 100.60601536184548,1.506368584604497,0.0 100.60659237205982,1.5066913439095253,0.0 100.60701448470354,1.506891769705204,0.0 100.60743425041437,1.507065717830638,0.0 100.60782417654991,1.5073107198874156,0.0 100.6084293499589,1.50779536135763,0.0 100.60898993164302,1.508241459323722,0.0 100.60935974121094,1.5085819818268182,0.0 100.60958437621592,1.508732468624702,0.0 100.61004839837551,1.5090575736981553,0.0 100.61054158955814,1.509453062278678,0.0 100.61141431331635,1.5099303297580375,0.0 100.61192158609629,1.5101977871901315,0.0 100.61216399073601,1.5103781030844248,0.0 100.61215829104187,1.5105875778498925,0.0 100.61216533184052,1.5107682288714084,0.0 100.61217606067659,1.511017252425609,0.0 100.61217907816172,1.5112247161723935,0.0 100.61218444257973,1.5113674941190733,0.0 100.61221294105053,1.5114734045147813,0.0 100.61219953000546,1.5116285833447274,0.0 100.61195243149996,1.5115293761458672,0.0 100.61172645539045,1.5113879388477678,0.0 100.6115460768342,1.5112870558404083,0.0 100.61133351176977,1.5112156668655927,0.0 100.61111591756345,1.5111211518812442,0.0 100.61081819236279,1.5109639620577284,0.0 100.61064317822456,1.5108315740312401,0.0 100.61046782881021,1.5107259987638235,0.0 100.61028745025396,1.510610033543557,0.0 100.61007354408503,1.5104799916128748,0.0 100.6097972765565,1.5103539715901486,0.0 100.60954380780458,1.5102383415096745,0.0 100.60938991606236,1.5101585735085457,0.0 100.60925681143999,1.5100858438579112,0.0 100.60906302183867,1.509998032018402,0.0 100.60890711843969,1.5098988247450915,0.0 100.60866471379995,1.509764425695289,0.0 100.60857184231281,1.5097097946577092,0.0 100.60844276100397,1.5096343837140103,0.0 100.60831435024738,1.5095646704837264,0.0 100.60791671276093,1.5093618988156567,0.0 100.60766927897929,1.5092288403719298,0.0 100.6075931712985,1.509173539001256,0.0 100.60748890042305,1.509097792879115,0.0 100.60726560652256,1.5090026074829475,0.0 100.60707852244379,1.5088856366911214,0.0 100.6069202721119,1.508802517041532,0.0 100.6068180128932,1.5087488914594598,0.0 100.60645189136267,1.5085089169635189,0.0 100.60618635267018,1.5083534027509007,0.0 100.6060254201293,1.5082334154844257,0.0 100.60569752007723,1.5080641596922526,0.0 100.60561638325453,1.5078660801247037,0.0 100.60565225780009,1.5076529183364364,0.0 100.60565460473299,1.5074454542488873,0.0 100.60562476515769,1.5073542907017343,0.0 100.60562644153833,1.5072611161900433,0.0 100.60558084398508,1.5071521891479365,0.0 100.60551479458809,1.506946400813532,0.0 100.6054363399744,1.506845852760335,0.0 100.60535151511431,1.5066477730819374,0.0 100.60529585927725,1.5065505766172662,0.0 100.60527607798576,1.5064319298924287,0.0 </coordinates>
               </LinearRing>
            </outerBoundaryIs>
         </Polygon>
      </Placemark>
      <Placemark>
         <description></description>
         <ExtendedData/>
         <name></name>
         <Style>
            <LineStyle>
               <color>ff000000</color>
               <width>2.0</width>
            </LineStyle>
            <PolyStyle>
               <color>ffcabc87</color>
            </PolyStyle>
         </Style>
         <Polygon>
            <outerBoundaryIs>
               <LinearRing>
                  <coordinates>100.60451097786428,1.5109006169017642,0.0 100.60455724596977,1.5110604880061311,0.0 100.604845918715,1.511145953686045,0.0 100.60510005801915,1.511275995576856,0.0 100.6054349988699,1.5113953123564252,0.0 100.60571227222681,1.5115561889027633,0.0 100.60591209679842,1.511597413515847,0.0 100.60621082782747,1.5116533851437268,0.0 100.60651425272226,1.5117556087717923,0.0 100.60690149664879,1.511980500736542,0.0 100.60717977583408,1.512119927039825,0.0 100.60748688876629,1.512283149647886,0.0 100.60762602835894,1.5123679449610048,0.0 100.60785502195358,1.5124862562026011,0.0 100.60798678547144,1.5125888149507265,0.0 100.60831166803837,1.5127503617271594,0.0 100.60859464108944,1.5129182765172906,0.0 100.60895137488842,1.5131290916745281,0.0 100.60927055776119,1.513313094076422,0.0 100.6096725538373,1.5135383210389075,0.0 100.610023252666,1.5137189718148336,0.0 100.6102693453431,1.5138382884600563,0.0 100.61044570058583,1.5137876794343734,0.0 100.61063814908266,1.5137461197037867,0.0 100.6109442561865,1.5136251272577872,0.0 100.61121080070734,1.5132711991775454,0.0 100.61134994029999,1.5130687630147772,0.0 100.61140727251768,1.51293536963891,0.0 100.61161179095507,1.5127235489850084,0.0 100.61166476458311,1.512599540048292,0.0 100.61179015785456,1.512412521151928,0.0 100.61189644038676,1.51223890861365,0.0 100.61196617782116,1.51216349775776,0.0 100.61206676065923,1.511999269662513,0.0 100.61212476342916,1.5119081063063204,0.0 100.61219215393066,1.511796833381072,0.0 100.61218343675138,1.5116976261899089,0.0 100.61208721250296,1.5116406490848173,0.0 100.61192393302916,1.5115514966703258,0.0 100.61175562441349,1.5114402237268085,0.0 100.6115735694766,1.511346714230702,0.0 100.61133217066525,1.5112317545220864,0.0 100.61114240437747,1.511137574697962,0.0 100.61098549515009,1.5110584770489215,0.0 100.61081115156412,1.5109669784936892,0.0 100.61066228896381,1.5108664306263382,0.0 100.6104825809598,1.5107652124351805,0.0 100.61031695455313,1.5106559504089632,0.0 100.61013121157885,1.5105409906637968,0.0 100.60997765511274,1.5104531788426967,0.0 100.60975704342127,1.510344922279722,0.0 100.60953207314014,1.5102393469886675,0.0 100.60931950807571,1.510122376263366,0.0 100.6090573221445,1.5099946804214033,0.0 100.60883972793816,1.5098636329747446,0.0 100.60857620090246,1.5097235362071633,0.0 100.60833480209112,1.5095767362352919,0.0 100.60810178518295,1.509455408397155,0.0 100.60788050293922,1.5093484924237042,0.0 100.60766525566578,1.5092335326093924,0.0 100.60748755931854,1.5091004741578158,0.0 100.60726325958967,1.5090059590814857,0.0 100.60707584023474,1.5088856366911214,0.0 100.60681633651257,1.5087492266193658,0.0 100.60663729906082,1.508630915174265,0.0 100.60646396130323,1.508519977241142,0.0 100.60618031769991,1.5083547433907156,0.0 100.60602810233831,1.5082471570432052,0.0 100.60584101825953,1.5081456035701228,0.0 100.60569852590561,1.5080668409722258,0.0 100.60558620840312,1.5080246108121744,0.0 100.60553155839442,1.5081489551699843,0.0 100.60545746237038,1.508390270345408,0.0 100.6053716316819,1.508615832978253,0.0 100.60528043657543,1.508833686910513,0.0 100.60519393533468,1.5090941061208867,0.0 100.6050856411457,1.5093699426507674,0.0 100.60496661812067,1.509723871366904,0.0 100.60479663312435,1.5101103105148412,0.0 100.60451097786428,1.5109006169017642,0.0 </coordinates>
               </LinearRing>
            </outerBoundaryIs>
         </Polygon>
      </Placemark>
      <Placemark>
         <description></description>
         <ExtendedData/>
         <name></name>
         <Style>
            <LineStyle>
               <color>ff000000</color>
               <width>2.0</width>
            </LineStyle>
            <PolyStyle>
               <color>ff918761</color>
            </PolyStyle>
         </Style>
         <Polygon>
            <outerBoundaryIs>
               <LinearRing>
                  <coordinates>100.60611326247454,1.5192759029782934,0.0 100.60624066740274,1.5192779139278823,0.0 100.60628090053797,1.5192748975035115,0.0 100.60631610453129,1.5192795897192064,0.0 100.6063774600625,1.5192755678200285,0.0 100.60644619166851,1.5192775787696176,0.0 100.60660678893326,1.519255793482327,0.0 100.60666445642708,1.519260150539808,0.0 100.60667317360638,1.519211217432277,0.0 100.60667686164378,1.519122400487719,0.0 100.60668557882309,1.5190526875626158,0.0 100.60669396072628,1.5190355944893028,0.0 100.60671139508486,1.5190248694236195,0.0 100.60676772147417,1.5189903481180922,0.0 100.60696251690386,1.5188918115730532,0.0 100.60708153992891,1.5188244447488701,0.0 100.60722135007381,1.5187329465216166,0.0 100.60746408998966,1.5186032402367782,0.0 100.60759920626879,1.51851777485104,0.0 100.60764346271753,1.518507384941166,0.0 100.60775008052588,1.5184678362515396,0.0 100.60787178575993,1.5184413587385797,0.0 100.60799852013587,1.5184286227195798,0.0 100.60849472880363,1.5182838342876972,0.0 100.60865599662066,1.5181541279759003,0.0 100.60875389724968,1.518165188204352,0.0 100.60930207371712,1.518361926197754,0.0 100.60952670872211,1.5183847169692661,0.0 100.60967590659855,1.5184001342557332,0.0 100.60986366122961,1.51842124923484,0.0 100.60993675142527,1.518425941452405,0.0 100.60998301953079,1.5184343204122956,0.0 100.6100158765912,1.5184430345305526,0.0 100.6101479753852,1.5184678362515396,0.0 100.61028979718685,1.518493643447397,0.0 100.61040479689838,1.5185154287423592,0.0 100.61047319322824,1.5185268241273457,0.0 100.61121381819248,1.5186283771142994,0.0 100.611265450716,1.5184168921756795,0.0 100.61130702495574,1.5180723493153763,0.0 100.61131440103054,1.5180143669025583,0.0 100.61132647097111,1.5179902354932922,0.0 100.61131641268732,1.517921863165575,0.0 100.6113398820162,1.5178065686472964,0.0 100.61135832220316,1.5177435588498194,0.0 100.61134424060583,1.5176839006356266,0.0 100.61138380318882,1.517583353079881,0.0 100.61141800135374,1.5172796994331705,0.0 100.61093486845493,1.516947892419481,0.0 100.61107534915209,1.5166214478937303,0.0 100.6091870740056,1.5158928128095754,0.0 100.6089061126113,1.516008777747383,0.0 100.60863085091114,1.5160097832236914,0.0 100.60823690146208,1.5160587164036627,0.0 100.60813765972854,1.5161649617289539,0.0 100.60794621706009,1.5166033493251525,0.0 100.6078315526247,1.5168587402232903,0.0 100.60732595622538,1.5172331123908867,0.0 100.60719452798367,1.517287743238931,0.0 100.60708321630953,1.517290089348935,0.0 100.60691323131323,1.5172270795364202,0.0 100.60660779476166,1.5171168123600793,0.0 100.60648944228888,1.51705715412861,0.0 100.6063811480999,1.5170611760318973,0.0 100.6062738597393,1.517140608620495,0.0 100.60619540512562,1.5172837213360508,0.0 100.60606230050325,1.5175488317513266,0.0 100.60594998300076,1.5177284767171768,0.0 100.60582257807255,1.517942307832427,0.0 100.60568947345018,1.5181561389265326,0.0 100.60560431331396,1.5182064126916768,0.0 100.60553960502149,1.5182878561887072,0.0 100.60560397803785,1.5183676238906605,0.0 100.60563985258341,1.518426946927594,0.0 100.60572735965252,1.5185439172046917,0.0 100.60573171824217,1.5185744166168678,0.0 100.60574077069761,1.5186327341730272,0.0 100.60577496886255,1.5186997658448487,0.0 100.60578938573599,1.5187704842563363,0.0 100.60587488114832,1.5189320305715635,0.0 100.60589164495468,1.5190007380256378,0.0 100.60593623667954,1.5190855330756738,0.0 100.60596004128456,1.5191458615677589,0.0 100.60601200908422,1.5192299862955783,0.0 100.6060566008091,1.5192668537051301,0.0 100.60611326247454,1.5192759029782934,0.0 </coordinates>
               </LinearRing>
            </outerBoundaryIs>
         </Polygon>
      </Placemark>
      <Placemark>
         <description></description>
         <ExtendedData/>
         <name></name>
         <Style>
            <LineStyle>
               <color>ff000000</color>
               <width>2.0</width>
            </LineStyle>
            <PolyStyle>
               <color>000000ff</color>
            </PolyStyle>
         </Style>
         <Polygon>
            <outerBoundaryIs>
               <LinearRing>
                  <coordinates>100.60951564460993,1.5135004480542975,0.0 100.60865499079226,1.5130087695125787,0.0 100.60800287872554,1.5126504842609791,0.0 100.60951564460993,1.5135004480542975,0.0 </coordinates>
               </LinearRing>
            </outerBoundaryIs>
         </Polygon>
      </Placemark>
      <Placemark>
         <description></description>
         <ExtendedData/>
         <name></name>
         <Style>
            <LineStyle>
               <color>ff000000</color>
               <width>2.0</width>
            </LineStyle>
            <PolyStyle>
               <color>ff918761</color>
            </PolyStyle>
         </Style>
         <Polygon>
            <outerBoundaryIs>
               <LinearRing>
                  <coordinates>100.60800287872554,1.5126504842609791,0.0 100.60650687664747,1.511819959381076,0.0 100.6060891225934,1.5117060051758162,0.0 100.60581620782615,1.5116711485942038,0.0 100.60526836663485,1.511440894045768,0.0 100.60488346964121,1.5112555508471184,0.0 100.6045039370656,1.511108415819205,0.0 100.60429841279984,1.5110484222628224,0.0 100.60376733541489,1.5110289830095713,0.0 100.60325805097818,1.510998148331615,0.0 100.60256235301495,1.5108319091908153,0.0 100.60180597007273,1.5106023248726146,0.0 100.60020502656698,1.5101250575408074,0.0 100.59936113655569,1.510653604291784,0.0 100.59949290006693,1.510762866319361,0.0 100.59962466359138,1.5108721283389517,0.0 100.59980738908052,1.511144277888436,0.0 100.59955861419438,1.5119275455517218,0.0 100.60020200908184,1.5131639482327446,0.0 100.60065228492023,1.5142083040821774,0.0 100.60086250305177,1.5146419998486862,0.0 100.60111831873655,1.5147650031917064,0.0 100.60160346329212,1.5145887095698356,0.0 100.6021647155285,1.5144033666401335,0.0 100.60258213430645,1.514419119113974,0.0 100.60284968465567,1.5144469373121925,0.0 100.60323055833578,1.5144643655807792,0.0 100.60376029461622,1.514478777418151,0.0 100.60454081743954,1.5145354192896876,0.0 100.60477953404188,1.5145625671684246,0.0 100.60504741966724,1.5145803305950603,0.0 100.60535721480846,1.5145866986158956,0.0 100.60584872961046,1.5146115003810794,0.0 100.60605626553297,1.5146131761760167,0.0 100.60642205178738,1.5146118355400695,0.0 100.60679823160173,1.5146054675193104,0.0 100.60741748660803,1.5145934017956957,0.0 100.60763776302338,1.514565583599373,0.0 100.60971412807703,1.51405211995953,0.0 100.61006851494312,1.5139371603942557,0.0 100.61015032231808,1.5138614144382925,0.0 100.60994278639555,1.5137323781797898,0.0 100.60800287872554,1.5126504842609791,0.0 </coordinates>
               </LinearRing>
            </outerBoundaryIs>
         </Polygon>
      </Placemark>
      <Placemark>
         <description></description>
         <ExtendedData/>
         <name>polygon</name>
         <Style>
            <LineStyle>
               <color>ff000000</color>
               <width>2.0</width>
            </LineStyle>
            <PolyStyle>
               <color>ff746c4d</color>
            </PolyStyle>
         </Style>
         <Polygon>
            <outerBoundaryIs>
               <LinearRing>
                  <coordinates>100.60312125831842,1.5184909621802989,0.0 100.60304883867502,1.518403820998135,0.0 100.60264382511377,1.5180877666040826,0.0 100.60186062008144,1.5172964573618062,0.0 100.60144554823638,1.5170434126256174,0.0 100.60088261961937,1.5169150468739432,0.0 100.60066636651756,1.5165989922623409,0.0 100.60043670237064,1.5164448192643147,0.0 100.59962801635265,1.5162531084775248,0.0 100.5991804227233,1.5160898861683978,0.0 100.599036924541,1.516073463389185,0.0 100.59935811907054,1.5149557086334302,0.0 100.59947747737168,1.5143721968511246,0.0 100.5997047945857,1.5138128163678088,0.0 100.59920959174632,1.513651939988781,0.0 100.59878144413233,1.5135761940228558,0.0 100.59824600815772,1.513428053674774,0.0 100.59862520545721,1.512705115224592,0.0 100.59906810522081,1.51193726517434,0.0 100.59982247650623,1.5111814805951282,0.0 100.59954185038805,1.511944973840537,0.0 100.60021910816431,1.5131984696311696,0.0 100.60040485113859,1.5136512696705209,0.0 100.60063418000937,1.5142042821735724,0.0 100.6008169054985,1.5145605562144466,0.0 100.60087893158197,1.514652389777109,0.0 100.60111530125141,1.514772041529924,0.0 100.60169130563736,1.5145582101014783,0.0 100.60216438025236,1.5144197894320177,0.0 100.60258280485867,1.5144261574533238,0.0 100.60284834355116,1.5144549811284869,0.0 100.60324497520925,1.5144677171708703,0.0 100.60378175228834,1.5144895025063654,0.0 100.60490056872366,1.5145773141641374,0.0 100.60586784034967,1.5146269176944287,0.0 100.6074221804738,1.5145934017956957,0.0 100.60763407498598,1.5145679297123285,0.0 100.6087488681078,1.5142937696380754,0.0 100.60971613973379,1.5140682075950067,0.0 100.61092782765627,1.513653615784456,0.0 100.61063814908266,1.5141298768631997,0.0 100.60920584946871,1.5157835510416828,0.0 100.60903921723366,1.5158911370156432,0.0 100.60892220586538,1.5159568281372777,0.0 100.60867007821798,1.5159786134578115,0.0 100.60845717787741,1.515948114009021,0.0 100.60817956924438,1.5160473210056997,0.0 100.60806959867477,1.5161810493487313,0.0 100.60781244188547,1.5168238837245376,0.0 100.60729846358298,1.51719523947088,0.0 100.6071774289012,1.5172374694524389,0.0 100.6070577353239,1.5172354585009542,0.0 100.60691725462675,1.5171942339951188,0.0 100.60662690550089,1.517098713795649,0.0 100.60649681836367,1.5170226327916587,0.0 100.6063674017787,1.5170326875500488,0.0 100.60623429715633,1.5171456359994293,0.0 100.60611158609392,1.5173598023308683,0.0 100.60598786920309,1.5175830179213619,0.0 100.60580614954233,1.5178699136014226,0.0 100.60565628111362,1.518099497149751,0.0 100.60553524643181,1.5182586974061811,0.0 100.60538370162249,1.5182741146935388,0.0 100.60507524758577,1.5182013853152108,0.0 100.60455758124591,1.5179128138867506,0.0 100.60419648885728,1.5177723824808107,0.0 100.6040047109127,1.5177646738353507,0.0 100.6037113443017,1.518082068910438,0.0 100.60322519391775,1.5183612558809443,0.0 100.60312125831842,1.5184909621802989,0.0 </coordinates>
               </LinearRing>
            </outerBoundaryIs>
         </Polygon>
      </Placemark>
      <Placemark>
         <description></description>
         <ExtendedData/>
         <name>polygon</name>
         <Style>
            <LineStyle>
               <color>ff000000</color>
               <width>2.0</width>
            </LineStyle>
            <PolyStyle>
               <color>ffcabc87</color>
            </PolyStyle>
         </Style>
         <Polygon>
            <outerBoundaryIs>
               <LinearRing>
                  <coordinates>100.62208648771046,1.5282943226970336,0.0 100.62203485518694,1.5281817099887356,0.0 100.62201607972382,1.5279595009666385,0.0 100.62202110886572,1.527883420345956,0.0 100.6219208613038,1.5276776339839917,0.0 100.62176965177058,1.5275234617780638,0.0 100.62136631458999,1.527331751976139,0.0 100.62131267040968,1.5271004936258805,0.0 100.62122985720634,1.5270240778177229,0.0 100.62113028019668,1.5270110066923648,0.0 100.62083758413792,1.5271648437780165,0.0 100.6206277012825,1.5270384895712297,0.0 100.62058512121438,1.5269851995984884,0.0 100.62056232243776,1.526723106757392,0.0 100.62056198716162,1.5264972108559134,0.0 100.62054388225079,1.5263306377501675,0.0 100.62031857669352,1.5261054121218738,0.0 100.62016602605581,1.5259750359661395,0.0 100.6201445683837,1.525969673450568,0.0 100.62013618648052,1.5259066638915946,0.0 100.62017105519772,1.5258510277901096,0.0 100.62015898525715,1.5257625462763649,0.0 100.62015529721975,1.525652614693605,0.0 100.62017206102611,1.5254833602640452,0.0 100.62016803771257,1.525306732359987,0.0 100.62015328556299,1.5251656311207074,0.0 100.62014892697334,1.525110665314786,0.0 100.62013987451792,1.5250365955375,0.0 100.61998330056669,1.5251113356295092,0.0 100.61932012438774,1.5254964313986779,0.0 100.61846751719713,1.525965986721105,0.0 100.61844036,1.52447775,0.0 100.61843734,1.52448798,0.0 100.61843902,1.52448714,0.0 100.61837649,1.52404273,0.0 100.61889097,1.52298795,0.0 100.61889097,1.52298795,0.0 100.61986076,1.52449946,0.0 100.62116926,1.52463726,0.0 100.62116926,1.52463726,0.0 100.62116926,1.52463726,0.0 100.62119423,1.5246495,0.0 100.62119096517561,1.5244410208103414,0.0 100.62144979834557,1.5241739002967456,0.0 100.62152197,1.52375816,0.0 100.62124553,1.52341048,0.0 100.62073809,1.52295845,0.0 100.62090472,1.52268168,0.0 100.62090472,1.52268168,0.0 100.62090472,1.52268168,0.0 100.62113145,1.52293154,0.0 100.62146447,1.52304704,0.0 100.6218699,1.52314687,0.0 100.62211859,1.52322139,0.0 100.62237374,1.52332675,0.0 100.62288855,1.52339489,0.0 100.62317806,1.52321594,0.0 100.62317806,1.52321594,0.0 100.62511722,1.52293825,0.0 100.62511722,1.52293825,0.0 100.62501538,1.52392513,0.0 100.62490683,1.52487656,0.0 100.62479124,1.52554879,0.0 100.62482997,1.52568575,0.0 100.62506315,1.52594618,0.0 100.62540522,1.52654339,0.0 100.62564947,1.52689048,0.0 100.62562675,1.52694672,0.0 100.62562675,1.52694672,0.0 100.62652948,1.53112083,0.0 100.62474522739649,1.5332626822531557,0.0 100.6233099102974,1.5302647089793724,0.0 100.62316507101058,1.5289063190382661,0.0 100.62302559614182,1.5289230768764848,0.0 100.62265645712614,1.5288315790782374,0.0 100.62258537858725,1.528798733713813,0.0 100.62253240495919,1.5285296028006607,0.0 100.6224687024951,1.5282383515004878,0.0 100.62232989817858,1.5282698562460255,0.0 100.62208648771046,1.5282943226970336,0.0 </coordinates>
               </LinearRing>
            </outerBoundaryIs>
         </Polygon>
      </Placemark>
      <Placemark>
         <description></description>
         <ExtendedData/>
         <name>polygon</name>
         <Style>
            <LineStyle>
               <color>ff000000</color>
               <width>2.0</width>
            </LineStyle>
            <PolyStyle>
               <color>f03d8637</color>
            </PolyStyle>
         </Style>
         <Polygon>
            <outerBoundaryIs>
               <LinearRing>
                  <coordinates>100.56755785,1.50195256,0.0 100.56756790727378,1.50197664015478,0.0 100.56755684,1.5019938,0.0 100.56753094,1.50201693,0.0 100.56747973,1.50203864,0.0 100.56742835,1.50207887,0.0 100.56738334,1.50213654,0.0 100.56729348,1.50219019,0.0 100.56723179,1.50224475,0.0 100.56718888,1.50228389,0.0 100.56713389,1.50232547,0.0 100.56705938,1.50234274,0.0 100.56703314,1.50234123,0.0 100.56697732,1.50235137,0.0 100.56691186,1.5023414,0.0 100.56684203,1.50234022,0.0 100.56682762,1.50234349,0.0 100.5667811,1.50233695,0.0 100.56668965,1.50235598,0.0 100.56654733,1.50235187,0.0 100.56650827,1.50235866,0.0 100.56645856,1.50241809,0.0 100.56642478,1.50245145,0.0 100.56636184,1.50251498,0.0 100.5663413,1.50257634,0.0 100.56629763,1.50263904,0.0 100.56623619,1.50269226,0.0 100.56623745,1.50267776,0.0 100.56621356,1.5026154,0.0 100.56618925,1.50256989,0.0 100.56615095,1.5025082,0.0 100.56612463,1.50242739,0.0 100.56609714,1.50236143,0.0 100.56605673,1.50230745,0.0 100.56600024,1.50223176,0.0 100.56594458,1.50211466,0.0 100.56589874,1.50201073,0.0 100.56586135,1.50194937,0.0 100.56582254,1.50188835,0.0 100.56577586,1.50182423,0.0 100.56568768,1.50173287,0.0 100.56549255,1.50151645,0.0 100.56542943,1.50143833,0.0 100.56536967,1.50133716,0.0 100.56533597,1.50126809,0.0 100.56529348,1.50120037,0.0 100.56525677,1.50114924,0.0 100.56523439,1.50112476,0.0 100.56525366,1.50109274,0.0 100.56530815,1.50098009,0.0 100.56532625,1.50094304,0.0 100.56544335,1.50075546,0.0 100.56547495,1.50068966,0.0 100.56552893,1.50066828,0.0 100.56574954,1.50076845,0.0 100.56580645,1.50078596,0.0 100.56595238,1.50083584,0.0 100.56626528,1.50100054,0.0 100.56663978,1.50121679,0.0 100.56670038,1.50128528,0.0 100.56681144,1.50138217,0.0 100.56687028,1.50142626,0.0 100.56692627,1.50146624,0.0 100.56700548,1.50152299,0.0 100.56709408,1.50160186,0.0 100.56714747,1.50165366,0.0 100.56714948,1.50167026,0.0 100.56717178,1.50168878,0.0 100.56718703,1.50169364,0.0 100.56723246,1.50171787,0.0 100.56734369,1.50180168,0.0 100.5674312,1.50186832,0.0 100.56753907352687,1.5019414482565236,0.0 100.56755785,1.50195256,0.0 </coordinates>
               </LinearRing>
            </outerBoundaryIs>
         </Polygon>
      </Placemark>
      <Placemark>
         <description></description>
         <ExtendedData/>
         <name>Polygon</name>
         <Style>
            <LineStyle>
               <color>ff000000</color>
               <width>2.0</width>
            </LineStyle>
            <PolyStyle>
               <color>ffcabc87</color>
            </PolyStyle>
         </Style>
         <Polygon>
            <outerBoundaryIs>
               <LinearRing>
                  <coordinates>100.62296692,1.48007026,0.0 100.62304957,1.47971369,0.0 100.62315803,1.47928152,0.0 100.62323254,1.47889386,0.0 100.62331276,1.47850268,0.0 100.623411,1.47834518,0.0 100.62342868,1.47830352,0.0 100.62349632,1.47812365,0.0 100.62354838,1.47800714,0.0 100.62355123,1.47796657,0.0 100.62355734,1.47798426,0.0 100.62355734,1.47798426,0.0 100.62307932,1.47789155,0.0 100.62234876,1.47787328,0.0 100.62234473,1.4778706,0.0 100.6223439,1.47786808,0.0 100.62234398,1.47786657,0.0 100.62173629,1.47964882,0.0 100.62175498,1.47969852,0.0 100.62165893,1.47998946,0.0 100.62121318,1.48033823,0.0 100.62086944,1.48039598,0.0 100.62080774,1.48040478,0.0 100.62061756,1.48043328,0.0 100.62027415,1.48048919,0.0 100.62016502,1.48050218,0.0 100.61934058,1.48080007,0.0 100.61933999,1.48079806,0.0 100.61876063,1.48100367,0.0 100.61872803,1.48101616,0.0 100.61869978,1.48112495,0.0 100.61903983,1.48133325,0.0 100.61909398,1.48136837,0.0 100.61919188,1.48142645,0.0 100.61926858,1.48148102,0.0 100.61938047,1.48154849,0.0 100.6195223,1.48163265,0.0 100.61993879,1.48179534,0.0 100.62047389,1.48177246,0.0 100.62075276,1.48176969,0.0 100.62092375,1.48176416,0.0 100.62107714,1.48175963,0.0 100.62136984,1.48175477,0.0 100.62156354,1.48174027,0.0 100.62182598,1.48172443,0.0 100.62258513,1.48155646,0.0 100.62287129,1.48059765,0.0 100.622951,1.48012759,0.0 100.62296692,1.48007026,0.0 </coordinates>
               </LinearRing>
            </outerBoundaryIs>
         </Polygon>
      </Placemark>
      <Placemark>
         <description></description>
         <ExtendedData/>
         <name>Polygon</name>
         <Style>
            <LineStyle>
               <color>ff000000</color>
               <width>2.0</width>
            </LineStyle>
            <PolyStyle>
               <color>ffcabc87</color>
            </PolyStyle>
         </Style>
         <Polygon>
            <outerBoundaryIs>
               <LinearRing>
                  <coordinates>100.61442375,1.48390439,0.0 100.61473833,1.48420966,0.0 100.61517896,1.48464032,0.0 100.61574055,1.48514843,0.0 100.61622377,1.48558128,0.0 100.61659525,1.48595008,0.0 100.61689298,1.48624747,0.0 100.61706757,1.48640522,0.0 100.61712256,1.4864763,0.0 100.61745264,1.48684996,0.0 100.61748507,1.486885,0.0 100.61782169,1.48730527,0.0 100.61793409,1.48742345,0.0 100.61803719,1.48754675,0.0 100.6184759,1.48795905,0.0 100.61877228,1.48819786,0.0 100.61877228,1.48819786,0.0 100.61909784,1.48828469,0.0 100.61909784,1.48828469,0.0 100.61915844,1.48819752,0.0 100.61928283,1.48774842,0.0 100.61929389,1.48766544,0.0 100.61930646,1.48757952,0.0 100.61943077,1.48718474,0.0 100.619456,1.48710469,0.0 100.61962858,1.48670998,0.0 100.6199108,1.48609928,0.0 100.62011029,1.4856625,0.0 100.6203594,1.48509278,0.0 100.62053257,1.48470419,0.0 100.6203594,1.48509278,0.0 100.62053257,1.48470419,0.0 100.62037876,1.48468777,0.0 100.61983058,1.48460235,0.0 100.61908266,1.48446967,0.0 100.61882249,1.48444804,0.0 100.61854865,1.48436875,0.0 100.61809293,1.48428435,0.0 100.61778473,1.48423699,0.0 100.617731,1.48422106,0.0 100.61759806,1.48419198,0.0 100.61709196,1.48412777,0.0 100.61704972,1.48412073,0.0 100.61687009,1.48409734,0.0 100.61653356,1.48407388,0.0 100.6164878,1.48406549,0.0 100.61600818,1.48398243,0.0 100.61592478,1.48393767,0.0 100.61577626,1.48371924,0.0 100.61542128,1.48319822,0.0 100.61429358,1.48376827,0.0 100.61442375,1.48390439,0.0 </coordinates>
               </LinearRing>
            </outerBoundaryIs>
         </Polygon>
      </Placemark>
      <Placemark>
         <description></description>
         <ExtendedData/>
         <name>Polygon</name>
         <Style>
            <LineStyle>
               <color>ff000000</color>
               <width>2.0</width>
            </LineStyle>
            <PolyStyle>
               <color>ffcabc87</color>
            </PolyStyle>
         </Style>
         <Polygon>
            <outerBoundaryIs>
               <LinearRing>
                  <coordinates>100.62962106,1.48170188,0.0 100.62965417,1.48217437,0.0 100.62967203,1.48248215,0.0 100.62968812,1.48261978,0.0 100.62983849,1.48310753,0.0 100.62996866,1.48340458,0.0 100.62999272,1.48357716,0.0 100.63001636,1.48365998,0.0 100.62970044,1.48366903,0.0 100.62958276,1.48373399,0.0 100.62962936,1.48391755,0.0 100.62965845,1.48396986,0.0 100.62975258,1.48435216,0.0 100.62978233,1.48484333,0.0 100.62985559,1.48502019,0.0 100.62996045,1.48521029,0.0 100.62997688,1.48575822,0.0 100.62989616,1.48619282,0.0 100.62992684,1.48624236,0.0 100.62986506,1.48623389,0.0 100.6298571,1.48622752,0.0 100.62956097,1.48619777,0.0 100.62945535,1.48617656,0.0 100.62934019,1.48615762,0.0 100.62896619,1.4860997,0.0 100.62872655,1.48606625,0.0 100.62841776,1.48604379,0.0 100.62834978,1.48603507,0.0 100.62818474,1.48597548,0.0 100.62727765,1.48583676,0.0 100.62722644,1.48582955,0.0 100.62675169,1.48571949,0.0 100.62625196,1.48565956,0.0 100.62615775,1.48562939,0.0 100.6260202,1.48561187,0.0 100.62584837,1.48559326,0.0 100.62554956,1.48554959,0.0 100.62514203,1.48550534,0.0 100.62501202,1.48551783,0.0 100.62051807,1.48485105,0.0 100.62051807,1.48485105,0.0 100.62109533,1.48405518,0.0 100.62151702,1.48341422,0.0 100.62220476,1.48220186,0.0 100.62258513,1.48155646,0.0 100.62438497,1.48172468,0.0 100.62435245,1.48170599,0.0 100.62504103,1.48172409,0.0 100.62513725,1.48172485,0.0 100.62518654,1.48172292,0.0 100.62541117,1.48170699,0.0 100.6260948,1.48171764,0.0 100.6267998,1.48170808,0.0 100.62715008,1.48170096,0.0 100.62776967,1.48166953,0.0 100.62806346,1.48166894,0.0 100.62837367,1.48166433,0.0 100.62860208,1.48167045,0.0 100.62866142,1.48167523,0.0 100.62878287,1.48167674,0.0 100.62925779,1.48165586,0.0 100.62964336,1.48161052,0.0 100.62962106,1.48170188,0.0 </coordinates>
               </LinearRing>
            </outerBoundaryIs>
         </Polygon>
      </Placemark>
      <Placemark>
         <description></description>
         <ExtendedData/>
         <name>Polygon</name>
         <Style>
            <LineStyle>
               <color>ff000000</color>
               <width>2.0</width>
            </LineStyle>
            <PolyStyle>
               <color>ffcabc87</color>
            </PolyStyle>
         </Style>
         <Polygon>
            <outerBoundaryIs>
               <LinearRing>
                  <coordinates>100.62965333461761,1.4814955303069783,0.0 100.62965694,1.48124297,0.0 100.62968133,1.48088708,0.0 100.62970723,1.48035089,0.0 100.62971536,1.48026916,0.0 100.62968862,1.48012499,0.0 100.6295458,1.48006062,0.0 100.62894825,1.47996205,0.0 100.62876133,1.4798323,0.0 100.62883174,1.47943307,0.0 100.62893928,1.47888623,0.0 100.62900575,1.4785295,0.0 100.6291464,1.47834878,0.0 100.62933382,1.47794268,0.0 100.62962878,1.47756063,0.0 100.62971687,1.47723986,0.0 100.62978275,1.47712092,0.0 100.62978409,1.47710625,0.0 100.62986598,1.47707096,0.0 100.62982265,1.47704699,0.0 100.62984184,1.47704204,0.0 100.62993069,1.47704967,0.0 100.62996238,1.47704238,0.0 100.63020788,1.47702537,0.0 100.63032053,1.47699486,0.0 100.63049002,1.47701665,0.0 100.63060393,1.47700927,0.0 100.63087156,1.47699393,0.0 100.63100676,1.47700072,0.0 100.63108463,1.47696309,0.0 100.63129116,1.4769392,0.0 100.63114305,1.47646193,0.0 100.63109544,1.47602599,0.0 100.63048884,1.4756473,0.0 100.63023537,1.47557538,0.0 100.62986087,1.47610042,0.0 100.62964093,1.47642966,0.0 100.62948704,1.47656905,0.0 100.62928747,1.47677558,0.0 100.62917096,1.47693845,0.0 100.62886083,1.47717775,0.0 100.62874817,1.47719929,0.0 100.6285393,1.47742476,0.0 100.62846872,1.47819682,0.0 100.62839546,1.47848013,0.0 100.62831952,1.47857375,0.0 100.62812037,1.47861935,0.0 100.62794955,1.47872128,0.0 100.62781963,1.47871709,0.0 100.62753682,1.478817,0.0 100.62731839,1.47875757,0.0 100.62689552,1.4788921,0.0 100.626417,1.47910567,0.0 100.62637576,1.47908698,0.0 100.62584778,1.47926677,0.0 100.62548778,1.47939417,0.0 100.62522207,1.47940038,0.0 100.62506307,1.47935478,0.0 100.62507715,1.47924942,0.0 100.62496224,1.47881607,0.0 100.62492376,1.47839556,0.0 100.62480516,1.47816019,0.0 100.6244092,1.47804326,0.0 100.62395716,1.47803689,0.0 100.62355734,1.47798426,0.0 100.62355123,1.47796657,0.0 100.62353237,1.47798082,0.0 100.62354838,1.47800714,0.0 100.62349632,1.47812365,0.0 100.62342868,1.47830352,0.0 100.623411,1.47834518,0.0 100.62331276,1.47850268,0.0 100.62323254,1.47889386,0.0 100.62315803,1.47928152,0.0 100.62304957,1.47971369,0.0 100.62292426,1.4802208,0.0 100.62290892,1.48028282,0.0 100.62276257,1.48116577,0.0 100.62247717,1.48179199,0.0 100.62281537801027,1.481779414241786,0.0 100.62314856,1.4817712,0.0 100.6232649,1.48176584,0.0 100.6237047,1.48173013,0.0 100.62393738,1.4817277,0.0 100.62427006,1.48171093,0.0 100.62435245,1.48170599,0.0 100.62455203,1.48174153,0.0 100.62504103,1.48172409,0.0 100.62513725,1.48172485,0.0 100.62518654,1.48172292,0.0 100.62541117,1.48170699,0.0 100.6260948,1.48171764,0.0 100.6267998,1.48170808,0.0 100.62715008,1.48170096,0.0 100.62776967,1.48166953,0.0 100.62806346,1.48166894,0.0 100.62837367,1.48166433,0.0 100.62860208,1.48167045,0.0 100.62866142,1.48167523,0.0 100.62878287,1.48167674,0.0 100.62925779,1.48165586,0.0 100.62964336,1.48161052,0.0 100.62965333461761,1.4814955303069783,0.0 </coordinates>
               </LinearRing>
            </outerBoundaryIs>
         </Polygon>
      </Placemark>
      <Placemark>
         <description></description>
         <ExtendedData/>
         <name>Polygon</name>
         <Style>
            <LineStyle>
               <color>ff000000</color>
               <width>2.0</width>
            </LineStyle>
            <PolyStyle>
               <color>ffcabc87</color>
            </PolyStyle>
         </Style>
         <Polygon>
            <outerBoundaryIs>
               <LinearRing>
                  <coordinates>100.6301964,1.48629927,0.0 100.63008458,1.48627086,0.0 100.6300824,1.48626868,0.0 100.62992684,1.48624236,0.0 100.62986506,1.48623389,0.0 100.6298571,1.48622752,0.0 100.62956097,1.48619777,0.0 100.62945535,1.48617656,0.0 100.62934019,1.48615762,0.0 100.62896619,1.4860997,0.0 100.62872655,1.48606625,0.0 100.62841776,1.48604379,0.0 100.62834978,1.48603507,0.0 100.62818474,1.48597548,0.0 100.62727765,1.48583676,0.0 100.62722644,1.48582955,0.0 100.62675169,1.48571949,0.0 100.62625196,1.48565956,0.0 100.62615775,1.48562939,0.0 100.6260202,1.48561187,0.0 100.62584837,1.48559326,0.0 100.62554956,1.48554959,0.0 100.62514203,1.48550534,0.0 100.62501202,1.48551783,0.0 100.62051807,1.48485105,0.0 100.62008414,1.48577448,0.0 100.6197839,1.48641855,0.0 100.61958055,1.48687662,0.0 100.61940922,1.48729982,0.0 100.61917118,1.48812686,0.0 100.61917118,1.48812686,0.0 100.62000317,1.48928667,0.0 100.62076206,1.49030926,0.0 100.62100438,1.49013584,0.0 100.62218548,1.48954047,0.0 100.62240944,1.48949646,0.0 100.62265403,1.48949202,0.0 100.62295334,1.48951348,0.0 100.62319608,1.48953728,0.0 100.62360537,1.48957023,0.0 100.62380302,1.48958389,0.0 100.62401198,1.48960509,0.0 100.62460668,1.48967533,0.0 100.62496693,1.48973417,0.0 100.62524144,1.48975915,0.0 100.62557763,1.48979838,0.0 100.62573966,1.48981003,0.0 100.62614769,1.48985429,0.0 100.62625296,1.48985295,0.0 100.62671288,1.48990399,0.0 100.62705863,1.48991782,0.0 100.62715226,1.48992604,0.0 100.62725443,1.48993199,0.0 100.62752919,1.48995655,0.0 100.62779498,1.489977,0.0 100.62825046,1.49001564,0.0 100.62855019,1.49004674,0.0 100.628775,1.49005889,0.0 100.62877893,1.49007649,0.0 100.62907691,1.49012938,0.0 100.62996858,1.48819199,0.0 100.63014644,1.48786392,0.0 100.63019682,1.48777004,0.0 100.63021459,1.48767407,0.0 100.63023772,1.48759419,0.0 100.63027494,1.48753326,0.0 100.63033168,1.48742312,0.0 100.63036529,1.48733947,0.0 100.63041978,1.48726453,0.0 100.63050527,1.48712246,0.0 100.63052455,1.48707728,0.0 100.63052975,1.48701668,0.0 100.6304979,1.48692079,0.0 100.63046579,1.48681099,0.0 100.63043495,1.48667352,0.0 100.63037954,1.48653966,0.0 100.63039513,1.48643456,0.0 100.63038969,1.48635275,0.0 100.63020989,1.48630355,0.0 100.6301964,1.48629927,0.0 </coordinates>
               </LinearRing>
            </outerBoundaryIs>
         </Polygon>
      </Placemark>
      <Placemark>
         <description></description>
         <ExtendedData/>
         <name>polygon</name>
         <Style>
            <LineStyle>
               <color>ff000000</color>
               <width>2.0</width>
            </LineStyle>
            <PolyStyle>
               <color>ff4fb6ff</color>
            </PolyStyle>
         </Style>
         <Polygon>
            <outerBoundaryIs>
               <LinearRing>
                  <coordinates>100.60266528278589,1.489021961477233,0.0 100.60260602,1.48905298,0.0 100.60183388,1.48927409,0.0 100.60127414,1.48942145,0.0 100.60111379,1.48945925,0.0 100.60016345,1.48956939,0.0 100.59968149,1.48964214,0.0 100.59961762,1.48964885,0.0 100.59942677,1.48966234,0.0 100.5992396,1.48968355,0.0 100.59919777,1.48969017,0.0 100.59892478,1.48973828,0.0 100.59887482,1.48974935,0.0 100.59875295,1.48977776,0.0 100.59869402,1.48977617,0.0 100.59862336,1.49074864,0.0 100.59871154,1.49135356,0.0 100.59872864,1.49146286,0.0 100.59875513,1.49170887,0.0 100.59880039,1.49187282,0.0 100.59882629,1.49199486,0.0 100.59886392,1.49227247,0.0 100.59874222,1.49250247,0.0 100.59854415,1.49263448,0.0 100.59850023,1.49266734,0.0 100.59845765,1.49270305,0.0 100.59836369,1.49277228,0.0 100.59831399,1.49280287,0.0 100.59815272,1.49289499,0.0 100.59875496,1.49337854,0.0 100.59885185211897,1.494290716142407,0.0 100.5989195778966,1.4949030572301572,0.0 100.59902518987657,1.495107506050116,0.0 100.59910699725151,1.4955080245848045,0.0 100.59912342578173,1.4956920284729076,0.0 100.59918025,1.49579052,0.0 100.59921546,1.49588817,0.0 100.5992422,1.4959362,0.0 100.59928587,1.49608196,0.0 100.59930657,1.49613108,0.0 100.59931009,1.49614222,0.0 100.59935393,1.49629385,0.0 100.59981912,1.49668369,0.0 100.59989297,1.49693322,0.0 100.59991468,1.49700975,0.0 100.60022875,1.49731083,0.0 100.60034224,1.49740705,0.0 100.60162777,1.49889233,0.0 100.60165375471115,1.498872042227284,0.0 100.60167999,1.49885234,0.0 100.60176322,1.49881655,0.0 100.60206036,1.49870834,0.0 100.60232967,1.49861598,0.0 100.60249907,1.49856493,0.0 100.60264709,1.49851732,0.0 100.60280115,1.49843819,0.0 100.60280115,1.49843819,0.0 100.60285027,1.49840165,0.0 100.6033056601882,1.4978635413159607,0.0 100.60378510504961,1.497182828075513,0.0 100.60340867,1.49710338,0.0 100.60321497,1.49702299,0.0 100.60268263,1.49684899,0.0 100.60228114,1.49666668,0.0 100.60162492,1.49632176,0.0 100.6013733,1.49618857,0.0 100.60118487,1.49608917,0.0 100.60089905,1.49592144,0.0 100.60065907,1.49575934,0.0 100.60057626,1.49568055,0.0 100.60054927,1.49560989,0.0 100.60049236,1.49528006,0.0 100.60051549,1.49484973,0.0 100.60048289,1.49477254,0.0 100.60048448,1.494622,0.0 100.60050326,1.49448797,0.0 100.60051214,1.49447716,0.0 100.60057593,1.49442988,0.0 100.60058255,1.49440357,0.0 100.60073678,1.49437523,0.0 100.60090223,1.4942967,0.0 100.60130222,1.49431723,0.0 100.60147799,1.49438337,0.0 100.60185559,1.49460138,0.0 100.60233814,1.49495283,0.0 100.60274558,1.49528165,0.0 100.60287885,1.49538626,0.0 100.6030392,1.49549254,0.0 100.60339518,1.49572397,0.0 100.60352887,1.49580234,0.0 100.60359475,1.49579236,0.0 100.60370573,1.4955793,0.0 100.60373657,1.49546136,0.0 100.60372492,1.49539154,0.0 100.60369425,1.49522038,0.0 100.60385744,1.49498116,0.0 100.60393078,1.49491084,0.0 100.60393874,1.49486013,0.0 100.60410077,1.49461605,0.0 100.60412818,1.49450608,0.0 100.60365217,1.49404842,0.0 100.60333969,1.49376889,0.0 100.60304306,1.49347736,0.0 100.6029496,1.49335206,0.0 100.60285983,1.49330487,0.0 100.60274927,1.49317495,0.0 100.60245993,1.49290723,0.0 100.60253226,1.49276448,0.0 100.60259328,1.49269584,0.0 100.60266453,1.49252719,0.0 100.60270929,1.49247958,0.0 100.60277182,1.49237967,0.0 100.60281633,1.49234698,0.0 100.60287215,1.49225646,0.0 100.60302805,1.49209997,0.0 100.60339342,1.492378,0.0 100.60354513,1.49246986,0.0 100.60368603,1.49232519,0.0 100.60391075,1.49194675,0.0 100.60385627,1.49188698,0.0 100.60372534,1.49178732,0.0 100.603551,1.49161382,0.0 100.60326308,1.49136337,0.0 100.60313257,1.49114627,0.0 100.60351714,1.49094008,0.0 100.60368662,1.49090555,0.0 100.60382492,1.49081284,0.0 100.60348763,1.48953167,0.0 100.60331672,1.48906136,0.0 100.60299997,1.48885114,0.0 100.60291272,1.48888609,0.0 100.60270686,1.48900545,0.0 100.60266528278589,1.489021961477233,0.0 </coordinates>
               </LinearRing>
            </outerBoundaryIs>
         </Polygon>
      </Placemark>
      <Placemark>
         <description></description>
         <ExtendedData/>
         <name>polygon</name>
         <Style>
            <LineStyle>
               <color>ff000000</color>
               <width>2.0</width>
            </LineStyle>
            <PolyStyle>
               <color>ff5cb8ef</color>
            </PolyStyle>
         </Style>
         <Polygon>
            <outerBoundaryIs>
               <LinearRing>
                  <coordinates>100.59687045,1.48580918,0.0 100.59695017,1.48568966,0.0 100.59693466,1.48570265,0.0 100.59700188,1.48551498,0.0 100.59725267,1.48484166,0.0 100.59729282,1.48470545,0.0 100.59751603,1.48427437,0.0 100.5977353,1.48356719,0.0 100.5979762,1.48310208,0.0 100.59827618,1.48269036,0.0 100.59834634,1.48256823,0.0 100.59870735,1.48181219,0.0 100.59880039,1.48152469,0.0 100.5988278,1.48145026,0.0 100.59895176,1.48112177,0.0 100.59905117,1.48075665,0.0 100.59907054,1.48068616,0.0 100.59915335,1.48040336,0.0 100.59917648,1.48031392,0.0 100.59924245,1.47991729,0.0 100.59928847,1.47968595,0.0 100.59938335,1.47918413,0.0 100.59939014,1.47913107,0.0 100.59975743,1.47924339,0.0 100.59984091669321,1.479279424479877,0.0 100.59991158,1.47932695,0.0 100.60000989586115,1.4794037704644007,0.0 100.59979431331158,1.4831264379889348,0.0 100.6001238897443,1.4834904258525887,0.0 100.60067374259235,1.4839898197853678,0.0 100.60253402,1.48582838,0.0 100.60254257,1.48582234,0.0 100.60248868,1.48586526,0.0 100.60236102,1.48795914,0.0 100.60241324,1.48808596,0.0 100.60273368,1.48841729,0.0 100.60294423,1.48891979,0.0 100.60293568,1.48892012,0.0 100.60291858,1.48889959,0.0 100.60260602,1.48905298,0.0 100.60183388,1.48927409,0.0 100.60127414,1.48942145,0.0 100.60111379,1.48945925,0.0 100.60016345,1.48956939,0.0 100.59968149,1.48964214,0.0 100.59961762,1.48964885,0.0 100.59942677,1.48966234,0.0 100.5992396,1.48968355,0.0 100.59919777,1.48969017,0.0 100.59892478,1.48973828,0.0 100.59887482,1.48974935,0.0 100.59875295,1.48977776,0.0 100.59869402,1.48977617,0.0 100.59862336,1.49074864,0.0 100.59838406,1.49057815,0.0 100.59775458,1.49023097,0.0 100.59734847,1.49000684,0.0 100.59705117,1.48983845,0.0 100.59688127,1.48974499,0.0 100.59644323,1.48946813,0.0 100.59634952,1.48941365,0.0 100.59616369,1.48931164,0.0 100.59587125,1.48912665,0.0 100.59569405,1.48903412,0.0 100.59571979,1.48843716,0.0 100.59572968,1.48840388,0.0 100.59580386,1.48823365,0.0 100.59602698,1.48774255,0.0 100.5965413,1.48653598,0.0 100.59684229,1.4858785,0.0 100.59687045,1.48580918,0.0 </coordinates>
               </LinearRing>
            </outerBoundaryIs>
         </Polygon>
      </Placemark>
      <Placemark>
         <description></description>
         <ExtendedData/>
         <name>Polygon</name>
         <Style>
            <LineStyle>
               <color>ff000000</color>
               <width>2.0</width>
            </LineStyle>
            <PolyStyle>
               <color>ffbbae7d</color>
            </PolyStyle>
         </Style>
         <Polygon>
            <outerBoundaryIs>
               <LinearRing>
                  <coordinates>100.62912829220296,1.4902493277175366,0.0 100.62895026057959,1.4906190121720222,0.0 100.62865857034922,1.4912799528552554,0.0 100.62855664640665,1.491524956678793,0.0 100.62847148627043,1.491668071074712,0.0 100.62831692397594,1.4915048469268555,0.0 100.62778282910585,1.4913446392299208,0.0 100.62753438949585,1.491159964652654,0.0 100.62761351466179,1.491108014451182,0.0 100.62727220356464,1.4903562446241747,0.0 100.62543522566558,1.4906800117768568,0.0 100.62534747,1.49068418,0.0 100.62480591237545,1.4908462524495898,0.0 100.62473483383656,1.4908271481793676,0.0 100.62444834,1.49104225,0.0 100.62416939,1.49116765,0.0 100.62372448,1.49113739,0.0 100.62299567,1.49108375,0.0 100.62290339,1.49144786,0.0 100.62304898,1.49238604,0.0 100.62293348,1.49299834,0.0 100.62271572,1.49339858,0.0 100.62271572,1.49339858,0.0 100.62234867,1.49335298,0.0 100.6223128,1.49333286,0.0 100.62208305,1.49320537,0.0 100.62174409,1.49301108,0.0 100.62168416,1.49295023,0.0 100.6216995,1.49240985,0.0 100.621757,1.49113823,0.0 100.62128627,1.49097285,0.0 100.62110589,1.49075853,0.0 100.62076206,1.49030926,0.0 100.62100438,1.49013584,0.0 100.62218548,1.48954047,0.0 100.62240944,1.48949646,0.0 100.62265403,1.48949202,0.0 100.62295334,1.48951348,0.0 100.62319608,1.48953728,0.0 100.62360537,1.48957023,0.0 100.62380302,1.48958389,0.0 100.62401198,1.48960509,0.0 100.62460668,1.48967533,0.0 100.62496693,1.48973417,0.0 100.62524144,1.48975915,0.0 100.62557763,1.48979838,0.0 100.62573966,1.48981003,0.0 100.62614769,1.48985429,0.0 100.62625296,1.48985295,0.0 100.62671288,1.48990399,0.0 100.62705863,1.48991782,0.0 100.62715226,1.48992604,0.0 100.62725443,1.48993199,0.0 100.62752919,1.48995655,0.0 100.62779498,1.489977,0.0 100.62825046,1.49001564,0.0 100.62855019,1.49004674,0.0 100.62908772379159,1.490136377876371,0.0 100.62912829220296,1.4902493277175366,0.0 </coordinates>
               </LinearRing>
            </outerBoundaryIs>
         </Polygon>
      </Placemark>
      <Placemark>
         <description></description>
         <ExtendedData/>
         <name></name>
         <Style>
            <LineStyle>
               <color>ff000000</color>
               <width>2.0</width>
            </LineStyle>
            <PolyStyle>
               <color>ff918761</color>
            </PolyStyle>
         </Style>
         <Polygon>
            <outerBoundaryIs>
               <LinearRing>
                  <coordinates>100.61762095,1.49073212,0.0 100.61760276,1.49077688,0.0 100.61789797,1.49027732,0.0 100.61824037,1.48970534,0.0 100.61824037,1.48970534,0.0 100.61864153,1.48903043,0.0 100.61880833,1.48875793,0.0 100.61917118,1.48812686,0.0 100.62002907,1.48927795,0.0 100.62030282,1.48965513,0.0 100.62047834,1.48987742,0.0 100.62052318,1.48993878,0.0 100.62076206,1.49030926,0.0 100.62110589,1.49075853,0.0 100.62128627,1.49097285,0.0 100.621757,1.49113823,0.0 100.6216995,1.49240985,0.0 100.62168416,1.49295023,0.0 100.62174409,1.49301108,0.0 100.62208305,1.49320537,0.0 100.6223128,1.49333286,0.0 100.62234867,1.49335298,0.0 100.62271572,1.49339858,0.0 100.62259628,1.49374349,0.0 100.62206277,1.49486155,0.0 100.62178105,1.49532566,0.0 100.62193444,1.49700388,0.0 100.62176907,1.49674773,0.0 100.61942389,1.49549673,0.0 100.61894688,1.49531594,0.0 100.61754869,1.49453759,0.0 100.61595479,1.49379588,0.0 100.6175321,1.4907851,0.0 100.61762095,1.49073212,0.0 </coordinates>
               </LinearRing>
            </outerBoundaryIs>
         </Polygon>
      </Placemark>
      <Placemark>
         <description></description>
         <ExtendedData/>
         <name>polygon</name>
         <Style>
            <LineStyle>
               <color>ff000000</color>
               <width>2.0</width>
            </LineStyle>
            <PolyStyle>
               <color>ffcabc87</color>
            </PolyStyle>
         </Style>
         <Polygon>
            <outerBoundaryIs>
               <LinearRing>
                  <coordinates>100.58424756,1.50138904,0.0 100.58432099,1.50172373,0.0 100.58431244,1.5018446,0.0 100.58429282,1.50200377,0.0 100.58419257,1.50230099,0.0 100.58414119,1.50246536,0.0 100.58409618,1.50272202,0.0 100.58415142,1.50290047,0.0 100.58426198,1.50302008,0.0 100.58475927,1.50328402,0.0 100.58479506,1.50329232,0.0 100.58517175,1.5033686,0.0 100.58524786,1.50338092,0.0 100.58597473,1.50348117,0.0 100.58617598,1.50353028,0.0 100.58632099,1.50359189,0.0 100.58639467,1.503625,0.0 100.58653238,1.50368569,0.0 100.58671318,1.50376883,0.0 100.58695927,1.50387922,0.0 100.58759085,1.50421106,0.0 100.58769696,1.50427929,0.0 100.58781389,1.50442807,0.0 100.58799184,1.50477558,0.0 100.58807583,1.5052091,0.0 100.58819678,1.5053966,0.0 100.58835059,1.50551244,0.0 100.58868804,1.50567664,0.0 100.58895459,1.50574822,0.0 100.58934149,1.50575384,0.0 100.58966629,1.50576867,0.0 100.59056215,1.50588007,0.0 100.59062602,1.50589055,0.0 100.59107252,1.50595475,0.0 100.59102324,1.50460761,0.0 100.59095752,1.5027019,0.0 100.59037968,1.50152542,0.0 100.59024297,1.50143758,0.0 100.59018572,1.50154956,0.0 100.58890153,1.50159105,0.0 100.58815093,1.50160982,0.0 100.58781574,1.50161468,0.0 100.58726815,1.50169104,0.0 100.58714443,1.50171208,0.0 100.58674838,1.50173036,0.0 100.58652199,1.50172424,0.0 100.58637799,1.5017317,0.0 100.58618587,1.50174377,0.0 100.58618587,1.50174377,0.0 100.58588312,1.50170068,0.0 100.58564952,1.50163413,0.0 100.58538725,1.50154746,0.0 100.58505482,1.50143648,0.0 100.58460077,1.50135795,0.0 100.58411236,1.50121495,0.0 100.58424756,1.50138904,0.0 </coordinates>
               </LinearRing>
            </outerBoundaryIs>
         </Polygon>
      </Placemark>
      <Placemark>
         <description></description>
         <ExtendedData/>
         <name>Polygon</name>
         <Style>
            <LineStyle>
               <color>ff000000</color>
               <width>2.0</width>
            </LineStyle>
            <PolyStyle>
               <color>ffbbae7d</color>
            </PolyStyle>
         </Style>
         <Polygon>
            <outerBoundaryIs>
               <LinearRing>
                  <coordinates>100.61387474,1.49265812,0.0 100.6112134,1.49128432,0.0 100.61094484,1.49114544,0.0 100.61041477,1.49088099,0.0 100.61045593,1.49037723,0.0 100.61046976,1.49002159,0.0 100.61050278,1.48963854,0.0 100.6105426,1.48932044,0.0 100.61058786,1.48924216,0.0 100.61057998,1.48923822,0.0 100.61033992,1.48915322,0.0 100.61005787,1.489056,0.0 100.60987112,1.48898324,0.0 100.60940383,1.48878392,0.0 100.60923393,1.48873497,0.0 100.60923443,1.48873505,0.0 100.60922806,1.48872994,0.0 100.60922764,1.48872944,0.0 100.60921926,1.48871686,0.0 100.60921867,1.4887172,0.0 100.60921515,1.48871804,0.0 100.60921515,1.48871804,0.0 100.60920577,1.48872784,0.0 100.60806373,1.48798537,0.0 100.60817488,1.48784632,0.0 100.60917568,1.48725196,0.0 100.60977984,1.48653715,0.0 100.61006583,1.48625367,0.0 100.610511,1.48580625,0.0 100.61088122,1.48541255,0.0 100.61096177,1.48543208,0.0 100.61099597,1.48544113,0.0 100.61104375,1.48542579,0.0 100.61122539,1.48536703,0.0 100.61130635,1.48531289,0.0 100.61138632,1.48527735,0.0 100.61153275,1.48524717,0.0 100.61167616,1.48517207,0.0 100.61182142,1.4851134,0.0 100.61186149,1.48506143,0.0 100.61195763,1.48503763,0.0 100.61210163,1.48499413,0.0 100.61218645,1.48493704,0.0 100.61229408,1.48488935,0.0 100.61241604,1.48483168,0.0 100.61250455,1.4848311,0.0 100.61260714,1.48480696,0.0 100.61271066,1.48475717,0.0 100.61286363,1.48473403,0.0 100.61287687,1.48471467,0.0 100.61298693,1.48464108,0.0 100.61308424,1.48457545,0.0 100.61314928,1.48461199,0.0 100.61325825,1.48466648,0.0 100.61338632,1.48475407,0.0 100.61349713,1.48484074,0.0 100.61350409,1.48484686,0.0 100.61355723,1.48495926,0.0 100.61360652,1.48505179,0.0 100.6136522,1.48506537,0.0 100.61378639,1.48523284,0.0 100.61395914,1.48543702,0.0 100.61409736,1.48559209,0.0 100.61422594,1.48577062,0.0 100.61438863,1.48594178,0.0 100.61454923,1.48611847,0.0 100.6147022,1.48623146,0.0 100.61497335,1.48635945,0.0 100.61522389,1.48645048,0.0 100.61545934,1.48654469,0.0 100.61567509,1.48666615,0.0 100.61591598,1.48675885,0.0 100.61610114,1.48694669,0.0 100.61617808,1.48710528,0.0 100.61624665,1.48720318,0.0 100.61632737,1.4872994,0.0 100.61637045,1.48731206,0.0 100.61645326,1.48739856,0.0 100.61651604,1.48748145,0.0 100.61657857,1.48753996,0.0 100.61666147,1.48758262,0.0 100.61669072,1.4876356,0.0 100.61675149,1.48770634,0.0 100.61680815,1.48781287,0.0 100.61685224,1.48788605,0.0 100.61694897,1.48789913,0.0 100.61701066,1.48781723,0.0 100.61711652,1.48779008,0.0 100.61717193,1.48782637,0.0 100.61714837,1.48790005,0.0 100.61719087,1.48797607,0.0 100.61729229,1.48801982,0.0 100.61737586,1.48806752,0.0 100.61744358,1.48813214,0.0 100.61752438545227,1.488264158003954,0.0 100.6175663,1.48838368,0.0 100.61755187809466,1.488477992004654,0.0 100.61786837875843,1.4891463069139126,0.0 100.61815470457077,1.4897499352008932,0.0 100.6175321,1.4907851,0.0 100.61733152,1.49122146,0.0 100.61701116,1.491803,0.0 100.61697897,1.49186184,0.0 100.61672559,1.49232636,0.0 100.61601916,1.49375028,0.0 100.61591682,1.49369043,0.0 100.61534224,1.49340746,0.0 100.61465173959732,1.4930683795909094,0.0 100.61433054506779,1.492891413891792,0.0 100.61393048,1.49268737,0.0 100.61387474,1.49265812,0.0 </coordinates>
               </LinearRing>
            </outerBoundaryIs>
         </Polygon>
      </Placemark>
      <Placemark>
         <description></description>
         <ExtendedData/>
         <name>polygon</name>
         <Style>
            <LineStyle>
               <color>ff000000</color>
               <width>2.0</width>
            </LineStyle>
            <PolyStyle>
               <color>ff4f8b49</color>
            </PolyStyle>
         </Style>
         <Polygon>
            <outerBoundaryIs>
               <LinearRing>
                  <coordinates>100.58359059,1.49766178,0.0 100.58363786,1.49760009,0.0 100.58364113,1.49759506,0.0 100.58360157,1.49760386,0.0 100.58360559,1.49759447,0.0 100.58361229,1.49759229,0.0 100.58361825,1.49758986,0.0 100.58360542,1.49760227,0.0 100.58361364,1.49760235,0.0 100.58357994,1.49762548,0.0 100.58360006,1.49754644,0.0 100.58378848,1.49751987,0.0 100.58408529,1.49748769,0.0 100.58423834,1.49747855,0.0 100.58429425,1.49747277,0.0 100.58445987,1.49745315,0.0 100.58451503,1.49746028,0.0 100.5846198,1.49747285,0.0 100.58472717,1.49747369,0.0 100.58488358,1.49747134,0.0 100.58505013,1.49745969,0.0 100.58572495,1.49746497,0.0 100.58621286,1.49745919,0.0 100.58638805,1.49744703,0.0 100.58682977,1.4974089,0.0 100.58708282,1.49738736,0.0 100.58723345,1.4974001,0.0 100.58768104,1.49737478,0.0 100.58773502,1.49737612,0.0 100.58789612,1.4973716,0.0 100.58795496,1.49737579,0.0 100.58817783,1.49755189,0.0 100.58828948,1.49775323,0.0 100.58838998,1.497901,0.0 100.58853147,1.49815857,0.0 100.58869408,1.49846418,0.0 100.58873925,1.49854238,0.0 100.58878326,1.49861304,0.0 100.58882265,1.49868236,0.0 100.58914259,1.49914093,0.0 100.58940369,1.49957889,0.0 100.58951592,1.49978542,0.0 100.589788,1.5002051,0.0 100.5900501,1.50082217,0.0 100.59012897,1.50107162,0.0 100.59019033,1.50122987,0.0 100.59031069,1.5013209,0.0 100.590421,1.50123012,0.0 100.59045034,1.50120095,0.0 100.59069752,1.50096802,0.0 100.59087765,1.50078085,0.0 100.59093447,1.50067499,0.0 100.59096716,1.50060676,0.0 100.59102466,1.50055295,0.0 100.59113413,1.50047072,0.0 100.59117017,1.50049117,0.0 100.59129783,1.50048589,0.0 100.591384,1.50047475,0.0 100.59163227,1.50041146,0.0 100.59190636,1.50023134,0.0 100.59199143,1.49987242,0.0 100.59204105,1.49973596,0.0 100.59215438,1.49931159,0.0 100.59217734,1.49911453,0.0 100.59201364,1.49885737,0.0 100.59163319,1.49857432,0.0 100.59145935,1.4983786,0.0 100.5914135,1.49810954,0.0 100.59143798,1.49789354,0.0 100.59148257,1.49786202,0.0 100.59149028,1.49772112,0.0 100.59152372,1.49751317,0.0 100.59155583,1.49718686,0.0 100.59161902,1.49675595,0.0 100.59161902,1.49675595,0.0 100.59161408,1.49647499,0.0 100.59144887,1.49632998,0.0 100.59085384,1.49593636,0.0 100.59049929,1.49571366,0.0 100.59027909,1.49558608,0.0 100.58993485,1.49530144,0.0 100.58979764,1.49515844,0.0 100.58976067,1.49511184,0.0 100.58925499,1.49453013,0.0 100.58891284,1.49416208,0.0 100.58870606,1.49393686,0.0 100.58844354,1.49363034,0.0 100.58799997,1.49313597,0.0 100.58773343,1.49285627,0.0 100.58762647,1.49272174,0.0 100.58711878,1.49219728,0.0 100.58681175,1.49190819,0.0 100.58644915,1.49157057,0.0 100.58644915,1.49157057,0.0 100.58626592,1.49141584,0.0 100.58626022,1.49139488,0.0 100.58627347,1.49136018,0.0 100.58628126,1.49133646,0.0 100.58605336,1.49131332,0.0 100.58574909,1.49127846,0.0 100.58559093,1.49140737,0.0 100.58539487,1.49166495,0.0 100.58510712,1.4921366,0.0 100.58499196,1.49213936,0.0 100.58487352,1.49208513,0.0 100.5848322,1.49206644,0.0 100.58408135,1.49170334,0.0 100.58281149,1.49106036,0.0 100.58249407,1.49099314,0.0 100.58207975,1.4910208,0.0 100.58217404,1.49105349,0.0 100.58232123,1.49180769,0.0 100.582382,1.49212478,0.0 100.58245417,1.49250213,0.0 100.58261778,1.49323102,0.0 100.58265005,1.49349438,0.0 100.58265005,1.49349438,0.0 100.58273488,1.49400442,0.0 100.5827358,1.49419528,0.0 100.58287259,1.49466952,0.0 100.58289439,1.49514687,0.0 100.58345354,1.49729532,0.0 100.58359059,1.49766178,0.0 100.58359059,1.49766178,0.0 </coordinates>
               </LinearRing>
            </outerBoundaryIs>
         </Polygon>
      </Placemark>
      <Placemark>
         <description></description>
         <ExtendedData/>
         <name>polygon</name>
         <Style>
            <LineStyle>
               <color>ff000000</color>
               <width>2.0</width>
            </LineStyle>
            <PolyStyle>
               <color>f15bc5ff</color>
            </PolyStyle>
         </Style>
         <Polygon>
            <outerBoundaryIs>
               <LinearRing>
                  <coordinates>100.59482686,1.48548086,0.0 100.59508586,1.4854092,0.0 100.59540027,1.48529453,0.0 100.59543874,1.48527592,0.0 100.5958394,1.48515296,0.0 100.59627207,1.48533158,0.0 100.59674397,1.48557214,0.0 100.59681379,1.48561103,0.0 100.59686878,1.48580273,0.0 100.596662,1.48628946,0.0 100.59648413,1.48671602,0.0 100.59603218,1.48770969,0.0 100.59597124,1.48784649,0.0 100.59590343,1.48797599,0.0 100.59583789,1.48811345,0.0 100.59580545,1.48818377,0.0 100.59554284,1.48876565,0.0 100.59543438,1.48890269,0.0 100.59522106,1.48872877,0.0 100.59500213,1.48861779,0.0 100.59449485,1.48832635,0.0 100.59445186,1.48829903,0.0 100.59413502,1.48812787,0.0 100.59396269,1.4880267,0.0 100.59333572,1.48764457,0.0 100.59295183,1.48742295,0.0 100.59286307,1.48736746,0.0 100.59249636,1.48714928,0.0 100.59233853,1.48703822,0.0 100.59212747,1.48687913,0.0 100.59200476,1.48682197,0.0 100.59175506,1.48668626,0.0 100.59154426,1.48655886,0.0 100.59124829,1.48638812,0.0 100.59112994,1.48635845,0.0 100.59111737,1.48629433,0.0 100.59112994,1.48626289,0.0 100.59112994,1.48626289,0.0 100.59114813,1.48619458,0.0 100.59114913,1.48590884,0.0 100.59115224,1.48560165,0.0 100.59115492,1.48550819,0.0 100.59117327,1.48528079,0.0 100.59120395,1.48476689,0.0 100.59123689,1.48470294,0.0 100.59147402,1.48478952,0.0 100.59199093,1.48509504,0.0 100.59204114,1.48512304,0.0 100.59209755,1.48515506,0.0 100.5922413,1.48523896,0.0 100.59257582,1.4851652,0.0 100.59268084,1.48525539,0.0 100.59272678,1.48527945,0.0 100.59348919,1.48562277,0.0 100.59379832,1.48576669,0.0 100.59417165,1.48594648,0.0 100.5944247,1.48608109,0.0 100.59456602,1.48615854,0.0 100.59475889,1.48616767,0.0 100.59484329,1.48606299,0.0 100.59484329,1.48606299,0.0 100.59483432,1.48584355,0.0 100.59481949,1.48565948,0.0 100.59482267,1.48552084,0.0 100.59482686,1.48548086,0.0 100.59482686,1.48548086,0.0 </coordinates>
               </LinearRing>
            </outerBoundaryIs>
         </Polygon>
      </Placemark>
      <Placemark>
         <description></description>
         <ExtendedData/>
         <name>polygon</name>
         <Style>
            <LineStyle>
               <color>ff000000</color>
               <width>2.0</width>
            </LineStyle>
            <PolyStyle>
               <color>ff5cb3fc</color>
            </PolyStyle>
         </Style>
         <Polygon>
            <outerBoundaryIs>
               <LinearRing>
                  <coordinates>100.59291646,1.48436506,0.0 100.59291989,1.48406994,0.0 100.59290355,1.48390724,0.0 100.59292484,1.48368956,0.0 100.59292166,1.48341003,0.0 100.59293163,1.48324113,0.0 100.5929318,1.48305439,0.0 100.59295803,1.48288398,0.0 100.59334234,1.48134749,0.0 100.59338509,1.48117726,0.0 100.59366019,1.47984789,0.0 100.59363999,1.47978067,0.0 100.59366304,1.47969768,0.0 100.59366706,1.47965678,0.0 100.59370302,1.47956634,0.0 100.59372674,1.47947783,0.0 100.59377183,1.47936936,0.0 100.59379069,1.47927155,0.0 100.59381173,1.47916367,0.0 100.59380335,1.47906183,0.0 100.59381885,1.47899143,0.0 100.59383076,1.47889939,0.0 100.59387359,1.47882873,0.0 100.5939958,1.47879118,0.0 100.59408045,1.47871759,0.0 100.59420149,1.47864358,0.0 100.59435102,1.47858876,0.0 100.59451849,1.47856663,0.0 100.59466098,1.47859504,0.0 100.59468068,1.47858876,0.0 100.59472393,1.47855775,0.0 100.59475537,1.47852296,0.0 100.59485536,1.47846554,0.0 100.5949453,1.47840612,0.0 100.5950717,1.47832724,0.0 100.59513129,1.47828709,0.0 100.59520447,1.47825046,0.0 100.59527839,1.47826354,0.0 100.59536557,1.47827058,0.0 100.59547956,1.47824803,0.0 100.59554385,1.47824242,0.0 100.59559423,1.47826094,0.0 100.59569288,1.4783192,0.0 100.59580386,1.47837276,0.0 100.59586479,1.47840293,0.0 100.5959575,1.47845926,0.0 100.59826923,1.47851936,0.0 100.59826705,1.47856445,0.0 100.59824282,1.47855096,0.0 100.59944789,1.47900785,0.0 100.59939014,1.47913107,0.0 100.59938335,1.47918413,0.0 100.59928847,1.47968595,0.0 100.59924245,1.47991729,0.0 100.59917648,1.48031392,0.0 100.59915335,1.48040336,0.0 100.59907054,1.48068616,0.0 100.59905117,1.48075665,0.0 100.59895176,1.48112177,0.0 100.5988278,1.48145026,0.0 100.59880039,1.48152469,0.0 100.59870735,1.48181219,0.0 100.59834634,1.48256823,0.0 100.59827618,1.48269036,0.0 100.5979762,1.48310208,0.0 100.5977353,1.48356719,0.0 100.59751603,1.48427437,0.0 100.59729282,1.48470545,0.0 100.59725267,1.48484166,0.0 100.59700188,1.48551498,0.0 100.59693466,1.48570265,0.0 100.59695017,1.48568966,0.0 100.59687045,1.48580918,0.0 100.59686878,1.48580273,0.0 100.59681379,1.48561103,0.0 100.59674397,1.48557214,0.0 100.59627207,1.48533158,0.0 100.5958394,1.48515296,0.0 100.59543874,1.48527592,0.0 100.59540027,1.48529453,0.0 100.59508586,1.4854092,0.0 100.59482686,1.48548086,0.0 100.59482686,1.48548086,0.0 100.59482267,1.48552084,0.0 100.59481949,1.48565948,0.0 100.59483432,1.48584355,0.0 100.59484329,1.48606299,0.0 100.59484329,1.48606299,0.0 100.59475889,1.48616767,0.0 100.59456602,1.48615854,0.0 100.5944247,1.48608109,0.0 100.59417165,1.48594648,0.0 100.59379832,1.48576669,0.0 100.59348919,1.48562277,0.0 100.59272678,1.48527945,0.0 100.59268084,1.48525539,0.0 100.59257582,1.4851652,0.0 100.59257582,1.4851652,0.0 100.59272728,1.4850818,0.0 100.59294152,1.48493134,0.0 100.59295024,1.4845664,0.0 100.59291646,1.48436506,0.0 </coordinates>
               </LinearRing>
            </outerBoundaryIs>
         </Polygon>
      </Placemark>
      <Placemark>
         <description></description>
         <ExtendedData/>
         <name>polygon</name>
         <Style>
            <LineStyle>
               <color>ff000000</color>
               <width>2.0</width>
            </LineStyle>
            <PolyStyle>
               <color>ff5dc0f9</color>
            </PolyStyle>
         </Style>
         <Polygon>
            <outerBoundaryIs>
               <LinearRing>
                  <coordinates>100.59304855763914,1.493729319538124,0.0 100.59451002627613,1.490948477050587,0.0 100.59446476399899,1.4908871422905663,0.0 100.59364099055529,1.490518798531835,0.0 100.59285745024681,1.4901078890431094,0.0 100.59271059930325,1.4900016424499476,0.0 100.59267573058607,1.489937291198599,0.0 100.58879557996988,1.4879216213639965,0.0 100.58750703,1.48718759,0.0 100.58741793036461,1.4874185415253398,0.0 100.5873217061162,1.4877429794357706,0.0 100.58704543858765,1.4884887172204468,0.0 100.58695860207081,1.4888141604622676,0.0 100.58674838393927,1.4894640413132443,0.0 100.58671150356531,1.4895994470981806,0.0 100.58668166399002,1.4898508192016415,0.0 100.58682952076197,1.4898591982712739,0.0 100.58741021901368,1.4902104488411232,0.0 100.58772604912521,1.4904068541925877,0.0 100.58798387646675,1.4905737652113022,0.0 100.58817364275457,1.490682693078127,0.0 100.5882591381669,1.4907413465426533,0.0 100.58833524584772,1.4907926264274942,0.0 100.58842308819294,1.4908418953353422,0.0 100.58858402073383,1.4909464660748664,0.0 100.5886634811759,1.4909870207513696,0.0 100.58888241648674,1.4911241022556352,0.0 100.58936320245266,1.491449545108105,0.0 100.58959487825632,1.49158863755869,0.0 100.5898630991578,1.4917397958504428,0.0 100.59006594121455,1.4918483884970837,0.0 100.59041228145362,1.4920498211391646,0.0 100.59057891368865,1.492141320486304,0.0 100.59090312570333,1.4923353795285983,0.0 100.59108786284922,1.492447994094531,0.0 100.5912424251437,1.4925445208607306,0.0 100.59142515063284,1.4926618276889598,0.0 100.59179160743952,1.4928676173667796,0.0 100.59191532433033,1.4929493969728063,0.0 100.59207458049059,1.493045923717009,0.0 100.5922509357333,1.4931481482157831,0.0 100.59243030846119,1.493259757253272,0.0 100.59260096400978,1.493371701447346,0.0 100.59274680912496,1.4934692336596898,0.0 100.59291813522577,1.4935825184919629,0.0 100.59297077357769,1.4936411718791764,0.0 100.59304855763914,1.493729319538124,0.0 </coordinates>
               </LinearRing>
            </outerBoundaryIs>
         </Polygon>
      </Placemark>
      <Placemark>
         <description></description>
         <ExtendedData/>
         <name>polygon</name>
         <Style>
            <LineStyle>
               <color>ff000000</color>
               <width>2.0</width>
            </LineStyle>
            <PolyStyle>
               <color>ff54cfff</color>
            </PolyStyle>
         </Style>
         <Polygon>
            <outerBoundaryIs>
               <LinearRing>
                  <coordinates>100.58379996567965,1.489812275480974,0.0 100.58387339115144,1.4898444511087092,0.0 100.58392602950333,1.4898380830157643,0.0 100.584067851305,1.4898276929693173,0.0 100.58414496481419,1.4898826596660357,0.0 100.58421570807695,1.4898964013400022,0.0 100.58426633477211,1.4899161759438526,0.0 100.58435183018446,1.4901142571352783,0.0 100.58438066393137,1.4901682183366305,0.0 100.58441486209631,1.4901776028932452,0.0 100.58444134891033,1.4901987181455105,0.0 100.58449398726225,1.4902640748773786,0.0 100.58452885597946,1.4903210525394872,0.0 100.5846431851387,1.4904195903751827,0.0 100.58471594005825,1.4904296452561256,0.0 100.58477461338042,1.4904634966883017,0.0 100.58487217873333,1.4904628263629174,0.0 100.58494359254837,1.4904346726965845,0.0 100.58501400053501,1.490420595863272,0.0 100.58507971465588,1.4903843982915128,0.0 100.58525674045086,1.4903133437970584,0.0 100.58535028249024,1.4903679753189476,0.0 100.58535598218441,1.4903937828472114,0.0 100.58540359139444,1.490365964342693,0.0 100.58544483035803,1.4903602665766715,0.0 100.58550719171762,1.4903036240782985,0.0 100.58591153472662,1.4901819600088158,0.0 100.58624647557735,1.4902241905130287,0.0 100.58636717498302,1.4902134653056835,0.0 100.58653917163612,1.4901933555417872,0.0 100.58665718883276,1.4898286984576863,0.0 100.58669038,1.48961934,0.0 100.58674813,1.48941893,0.0 100.58680329,1.48923989,0.0 100.58693865,1.48881619,0.0 100.58700386,1.48858426,0.0 100.58704913,1.48844269,0.0 100.58711492,1.48826793,0.0 100.58720486,1.48801756,0.0 100.58729405,1.48777122,0.0 100.58733906,1.48762076,0.0 100.58740217,1.4874201,0.0 100.58750602,1.4871611,0.0 100.58758339,1.48690076,0.0 100.58761315,1.48680964,0.0 100.58767115,1.48661988,0.0 100.58770007,1.48652257,0.0 100.58776,1.48635124,0.0 100.58777886,1.48627237,0.0 100.58775413,1.48625108,0.0 100.58810097,1.48492682,0.0 100.58831664,1.48427043,0.0 100.58844807,1.48376064,0.0 100.58845142,1.48373868,0.0 100.58848377,1.48361639,0.0 100.58850875,1.48352318,0.0 100.58857673,1.48321155,0.0 100.58858193,1.48318556,0.0 100.58867748,1.48279958,0.0 100.58868318,1.48276387,0.0 100.58870849,1.48261928,0.0 100.58873414,1.48245382,0.0 100.58873909,1.48241166,0.0 100.58875702,1.48223916,0.0 100.58877865,1.48171915,0.0 100.58879399,1.48149443,0.0 100.58879038,1.4814894,0.0 100.58839602,1.48170297,0.0 100.58804263,1.48199868,0.0 100.58780601,1.48211813,0.0 100.58706103,1.48341053,0.0 100.5863712,1.48349896,0.0 100.5863712,1.48349896,0.0 100.5863712,1.48349896,0.0 100.5863712,1.48349896,0.0 100.5863712,1.48349896,0.0 100.5863712,1.48349896,0.0 100.5863712,1.48349896,0.0 100.5863712,1.48349896,0.0 100.5863712,1.48349896,0.0 100.5863712,1.48349896,0.0 100.5863712,1.48349896,0.0 100.5863712,1.48349896,0.0 100.5863712,1.48349896,0.0 100.5863712,1.48349896,0.0 100.5863712,1.48349896,0.0 100.5863712,1.48349896,0.0 100.5863712,1.48349896,0.0 100.5863712,1.48349896,0.0 100.5863712,1.48349896,0.0 100.5863712,1.48349896,0.0 100.5863712,1.48349896,0.0 100.5863712,1.48349896,0.0 100.5863712,1.48349896,0.0 100.58249407,1.49099314,0.0 100.58275692164898,1.4910446687199699,0.0 100.58278776705264,1.4909491473758312,0.0 100.58282196521758,1.4909551803029417,0.0 100.58292254805563,1.4909638945309789,0.0 100.58299865573646,1.4909685868076006,0.0 100.58304894715546,1.4909541748150943,0.0 100.58312941342592,1.490874741273297,0.0 100.58319378644228,1.4907902802890052,0.0 100.58323469012977,1.49071989613295,0.0 100.58326486498117,1.4906240396120485,0.0 100.58330442756414,1.4905657213070718,0.0 100.5833275616169,1.4904960074692257,0.0 100.58341071009637,1.4903760192238904,0.0 100.58344490826131,1.4902550254838505,0.0 100.58351129293443,1.4901702293130634,0.0 100.58353945612907,1.4900864386272485,0.0 100.58355085551739,1.4899952743574605,0.0 100.58358170092107,1.4898457917598469,0.0 100.58361891657114,1.489771050457255,0.0 100.58371044695376,1.489796522829722,0.0 100.58379996567965,1.489812275480974,0.0 </coordinates>
               </LinearRing>
            </outerBoundaryIs>
         </Polygon>
      </Placemark>
      <Placemark>
         <description></description>
         <ExtendedData/>
         <name>polygon</name>
         <Style>
            <LineStyle>
               <color>ff000000</color>
               <width>2.0</width>
            </LineStyle>
            <PolyStyle>
               <color>ff48c4ff</color>
            </PolyStyle>
         </Style>
         <Polygon>
            <outerBoundaryIs>
               <LinearRing>
                  <coordinates>100.58879399,1.48149443,0.0 100.58912139,1.48138588,0.0 100.58936429,1.48133056,0.0 100.58949865,1.48161094,0.0 100.58953864,1.48171412,0.0 100.58954023,1.48186642,0.0 100.58952623,1.48210798,0.0 100.58953562,1.48228132,0.0 100.58969362,1.48236673,0.0 100.58987064,1.48246145,0.0 100.59002965,1.48253387,0.0 100.59028538,1.48274786,0.0 100.59041203,1.48295958,0.0 100.59043064,1.48310183,0.0 100.59049878,1.48352092,0.0 100.59052158,1.48372687,0.0 100.59054765,1.48404454,0.0 100.59059752,1.48449012,0.0 100.59094202,1.48453756,0.0 100.59120932,1.48467536,0.0 100.59121678,1.48466212,0.0 100.59121879,1.48466656,0.0 100.59119104,1.4850352,0.0 100.59118325,1.48534306,0.0 100.59116967,1.48568463,0.0 100.5911633,1.48580918,0.0 100.59116079,1.48594966,0.0 100.59113966,1.48623582,0.0 100.59105258,1.48639122,0.0 100.59091386,1.48643045,0.0 100.59071822,1.48636968,0.0 100.59031488,1.48619986,0.0 100.59003434,1.48622534,0.0 100.58993569,1.48623699,0.0 100.58949354,1.48617413,0.0 100.58936169,1.48613566,0.0 100.58917763,1.48611076,0.0 100.58854236,1.48596492,0.0 100.58813894,1.48581404,0.0 100.58801128,1.48573383,0.0 100.58799695,1.48567188,0.0 100.58802369,1.48544909,0.0 100.58803819,1.48521977,0.0 100.58810097,1.48492682,0.0 100.58831664,1.48427043,0.0 100.58844807,1.48376064,0.0 100.58845142,1.48373868,0.0 100.58848377,1.48361639,0.0 100.58850875,1.48352318,0.0 100.58857673,1.48321155,0.0 100.58858193,1.48318556,0.0 100.58867748,1.48279958,0.0 100.58868318,1.48276387,0.0 100.58870849,1.48261928,0.0 100.58873414,1.48245382,0.0 100.58873909,1.48241166,0.0 100.58875702,1.48223916,0.0 100.58877865,1.48171915,0.0 100.58879399,1.48149443,0.0 100.58879399,1.48149443,0.0 </coordinates>
               </LinearRing>
            </outerBoundaryIs>
         </Polygon>
      </Placemark>
      <Placemark>
         <description></description>
         <ExtendedData/>
         <name>polygon</name>
         <Style>
            <LineStyle>
               <color>ff000000</color>
               <width>2.0</width>
            </LineStyle>
            <PolyStyle>
               <color>ff4ec8ff</color>
            </PolyStyle>
         </Style>
         <Polygon>
            <outerBoundaryIs>
               <LinearRing>
                  <coordinates>100.58752036,1.48710578,0.0 100.58761767,1.48682348,0.0 100.58768607,1.48662306,0.0 100.58771314,1.48651628,0.0 100.58787257,1.48603775,0.0 100.58791515,1.48592695,0.0 100.58793325,1.48588076,0.0 100.588249,1.48579929,0.0 100.58839962,1.48588336,0.0 100.58881528,1.48602594,0.0 100.58907545,1.4860857,0.0 100.58951248,1.4861686,0.0 100.58977107,1.48622442,0.0 100.58998162,1.48623347,0.0 100.59031237,1.48620053,0.0 100.59068838,1.48634814,0.0 100.59077589,1.48638695,0.0 100.59087513,1.48641947,0.0 100.59105677,1.48639835,0.0 100.59124829,1.48638812,0.0 100.59154426,1.48655886,0.0 100.59175506,1.48668626,0.0 100.59200476,1.48682197,0.0 100.59212747,1.48687913,0.0 100.59233853,1.48703822,0.0 100.59249636,1.48714928,0.0 100.59286307,1.48736746,0.0 100.59295183,1.48742295,0.0 100.59333572,1.48764457,0.0 100.59396269,1.4880267,0.0 100.59413502,1.48812787,0.0 100.59445186,1.48829903,0.0 100.59449485,1.48832635,0.0 100.59500213,1.48861779,0.0 100.59522106,1.48872877,0.0 100.59543438,1.48890269,0.0 100.59543254,1.48903764,0.0 100.59527932,1.48936654,0.0 100.59499534,1.48998982,0.0 100.59461589,1.49081879,0.0 100.59459745,1.49085978,0.0 100.59446937,1.49088426,0.0 100.5938347,1.49060003,0.0 100.59363797,1.49050883,0.0 100.59357838,1.49048628,0.0 100.59286742,1.49010256,0.0 100.5927593,1.49002335,0.0 100.59271236,1.48999075,0.0 100.59268956,1.48994322,0.0 100.58757953,1.48726445,0.0 100.58752514,1.48718365,0.0 100.58752036,1.48710578,0.0 </coordinates>
               </LinearRing>
            </outerBoundaryIs>
         </Polygon>
      </Placemark>
      <Placemark>
         <description></description>
         <ExtendedData/>
         <name>polygon</name>
         <Style>
            <LineStyle>
               <color>ff000000</color>
               <width>2.0</width>
            </LineStyle>
            <PolyStyle>
               <color>ffaca073</color>
            </PolyStyle>
         </Style>
         <Polygon>
            <outerBoundaryIs>
               <LinearRing>
                  <coordinates>100.61837649,1.52404273,0.0 100.61864018440248,1.523462360799611,0.0 100.61876222491264,1.5231908831151029,0.0 100.61884939670563,1.5229532563236796,0.0 100.61873305588959,1.522735403812059,0.0 100.61864756,1.52257397,0.0 100.61786075,1.52140419,0.0 100.61744048,1.52103069,0.0 100.61698677,1.52089256,0.0 100.6168473,1.52092257,0.0 100.61648235,1.52094922,0.0 100.61638302,1.52095375,0.0 100.61624874,1.52094503,0.0 100.61567768,1.52059517,0.0 100.61536429,1.52032536,0.0 100.6147742,1.51983828,0.0 100.61454998,1.51968808,0.0 100.61426424,1.51963427,0.0 100.61409795,1.51962052,0.0 100.61381606,1.51958054,0.0 100.61351481825112,1.5195420186238935,0.0 100.61269339174031,1.5195768750788308,0.0 100.61234939843415,1.5196358629243454,0.0 100.60953777283429,1.520112793002551,0.0 100.60912404209374,1.5202103240175302,0.0 100.6086690723896,1.5204254955194867,0.0 100.60825165361166,1.5207650106339596,0.0 100.60796029865742,1.5210069947204643,0.0 100.60726267,1.52128098,0.0 100.60572392,1.52283548,0.0 100.60496888,1.52335533,0.0 100.60358494520187,1.5235347548430263,0.0 100.6036598,1.52363352,0.0 100.60404846,1.52407223,0.0 100.60417629,1.52430047,0.0 100.6044684,1.52453818,0.0 100.60487207,1.52459476,0.0 100.6051237,1.52467565,0.0 100.60511774,1.52466794,0.0 100.60504356,1.52433383,0.0 100.60513023,1.52419444,0.0 100.60527616,1.52403602,0.0 100.60530374,1.52399244,0.0 100.6053345,1.52394273,0.0 100.60534984,1.52390619,0.0 100.6053687,1.52381332,0.0 100.60537666,1.52377962,0.0 100.6053946,1.52376353,0.0 100.60540399,1.52372179,0.0 100.60543466,1.52358156,0.0 100.60547012,1.52350889,0.0 100.60549275,1.52348022,0.0 100.60557489,1.52341635,0.0 100.60571487,1.52335499,0.0 100.60579098,1.5233213,0.0 100.60593314,1.52326212,0.0 100.60604252,1.52320898,0.0 100.60612709,1.5231747,0.0 100.60623933,1.52310857,0.0 100.60634527,1.52305945,0.0 100.60647343,1.52298569,0.0 100.60658734,1.52292257,0.0 100.60663194,1.52286733,0.0 100.60665163,1.52278184,0.0 100.60668223,1.52254229,0.0 100.60669773,1.52234984,0.0 100.6066917,1.52211414,0.0 100.60675683,1.52202068,0.0 100.60676739,1.52202303,0.0 100.60698624,1.52203359,0.0 100.60717022,1.52205479,0.0 100.60726745,1.52205144,0.0 100.60737859457731,1.5219806284784059,0.0 100.60772694647311,1.5217560727109192,0.0 100.6082523241639,1.5213776794319298,0.0 100.60853462666273,1.5212724398367683,0.0 100.60905799269676,1.5211695463422852,0.0 100.60979828238487,1.521136365702946,0.0 100.61047688126564,1.5210787185303623,0.0 100.61123762279749,1.5211125694865493,0.0 100.61150416731834,1.5211400524406786,0.0 100.61180390417577,1.5211350250710445,0.0 100.61185821890786,1.5211532911812586,0.0 100.61192560940981,1.5211695463422852,0.0 100.61202183365822,1.521163513498798,0.0 100.61204966157673,1.5211561400234217,0.0 100.61257939785719,1.5212164684576333,0.0 100.6126893684268,1.5212255177226288,0.0 100.61279732733965,1.521208759824463,0.0 100.6136680394411,1.5212868516287725,0.0 100.61452366411686,1.5213803606954277,0.0 100.61581548303366,1.521458452493516,0.0 100.61675123870371,1.5216256962918986,0.0 100.61733327805996,1.5216880356603433,0.0 100.61771616339685,1.5218093628130835,0.0 100.61796359717846,1.5219474478515598,0.0 100.61812117695808,1.5222839463063393,0.0 100.61837649,1.52404273,0.0 </coordinates>
               </LinearRing>
            </outerBoundaryIs>
         </Polygon>
      </Placemark>
      <Placemark>
         <description></description>
         <ExtendedData/>
         <name>polygon</name>
         <Style>
            <LineStyle>
               <color>ff000000</color>
               <width>2.0</width>
            </LineStyle>
            <PolyStyle>
               <color>ff3e8942</color>
            </PolyStyle>
         </Style>
         <Polygon>
            <outerBoundaryIs>
               <LinearRing>
                  <coordinates>100.58092673,1.48967248,0.0 100.58079153,1.49021102,0.0 100.58079153,1.49021102,0.0 100.58050948,1.49098869,0.0 100.58050395,1.49102834,0.0 100.58050412,1.49102809,0.0 100.5805063,1.49102507,0.0 100.58144767,1.49116539,0.0 100.58144767,1.49116539,0.0 100.58148463,1.49117142,0.0 100.58207975,1.4910208,0.0 100.58217404,1.49105349,0.0 100.58232123,1.49180769,0.0 100.582382,1.49212478,0.0 100.58245417,1.49250213,0.0 100.58261778,1.49323102,0.0 100.58265005,1.49349438,0.0 100.58265005,1.49349438,0.0 100.58273488,1.49400442,0.0 100.58262935,1.49429653,0.0 100.58243455,1.49445134,0.0 100.58205997,1.49467547,0.0 100.58154507,1.49502408,0.0 100.58126025,1.49520856,0.0 100.58063295,1.4957953,0.0 100.58002928,1.496434,0.0 100.57970256,1.49677707,0.0 100.57952117,1.49697304,0.0 100.57921045,1.49724042,0.0 100.57889219,1.49738937,0.0 100.57883796,1.49735475,0.0 100.57855348,1.49679878,0.0 100.57855348,1.49679878,0.0 100.57831585,1.49633174,0.0 100.57831585,1.49633174,0.0 100.57776692,1.49573553,0.0 100.57723777,1.49525953,0.0 100.57682203,1.49492802,0.0 100.57723777,1.49525953,0.0 100.57691239,1.4949872,0.0 100.57682203,1.49492802,0.0 100.57661207,1.49476089,0.0 100.5764218,1.4946277,0.0 100.57633764,1.4944951,0.0 100.57631979,1.49417734,0.0 100.57631736,1.49385002,0.0 100.57632582,1.49376813,0.0 100.57624988,1.49365565,0.0 100.5760426,1.49343856,0.0 100.57645683,1.49335356,0.0 100.57645993,1.49333856,0.0 100.57658449,1.49302063,0.0 100.57673276,1.49265527,0.0 100.57678674,1.49239937,0.0 100.57792182,1.49103195,0.0 100.57829733,1.49060648,0.0 100.57873386,1.48997264,0.0 100.57880829,1.48983107,0.0 100.57894123,1.48959587,0.0 100.57895154,1.48956997,0.0 100.57908707,1.48928834,0.0 100.57919813,1.48917728,0.0 100.58092673,1.48967248,0.0 100.58092673,1.48967248,0.0 </coordinates>
               </LinearRing>
            </outerBoundaryIs>
         </Polygon>
      </Placemark>
      <Placemark>
         <description></description>
         <ExtendedData/>
         <name>polygon</name>
         <Style>
            <LineStyle>
               <color>ff000000</color>
               <width>2.0</width>
            </LineStyle>
            <PolyStyle>
               <color>f839802a</color>
            </PolyStyle>
         </Style>
         <Polygon>
            <outerBoundaryIs>
               <LinearRing>
                  <coordinates>100.57438566,1.48712598,0.0 100.57431299,1.48728138,0.0 100.57431299,1.48728138,0.0 100.57404653,1.48778572,0.0 100.57369323,1.48838586,0.0 100.57348696,1.48875005,0.0 100.57346164,1.48879423,0.0 100.57315822,1.48931927,0.0 100.57305118,1.48951474,0.0 100.57261599,1.48912892,0.0 100.57238842,1.48898232,0.0 100.57218902,1.48886003,0.0 100.57191133,1.48872173,0.0 100.57139324,1.48839944,0.0 100.57117866,1.48838863,0.0 100.57106299,1.48841386,0.0 100.57166247,1.48760584,0.0 100.57199146,1.48736679,0.0 100.57216396,1.48722723,0.0 100.57221048,1.4870171,0.0 100.57232263,1.48674837,0.0 100.57231517,1.48622165,0.0 100.57221458,1.48590935,0.0 100.57206815,1.48563442,0.0 100.57178065,1.48530283,0.0 100.57153154164553,1.4851525022697982,0.0 100.57105034,1.48546527,0.0 100.57070266,1.48563643,0.0 100.5706377,1.48563593,0.0 100.57056092,1.48559167,0.0 100.57038372,1.48536829,0.0 100.57028524,1.48530275,0.0 100.57031382,1.48518163,0.0 100.57061146,1.48468886,0.0 100.5706097,1.48454594,0.0 100.570532,1.48446062,0.0 100.57053183,1.48446045,0.0 100.5705346,1.48446288,0.0 100.5705377,1.48446313,0.0 100.57053753,1.48446288,0.0 100.57075957,1.48425744,0.0 100.57115545,1.4839738,0.0 100.57110457,1.48384689,0.0 100.57129207,1.48370138,0.0 100.57159742,1.48344708,0.0 100.57169398,1.48337122,0.0 100.57173355,1.48334423,0.0 100.57195097,1.48334205,0.0 100.57213948,1.48356627,0.0 100.57221819,1.48360172,0.0 100.57245338,1.48352017,0.0 100.57250049,1.48314105,0.0 100.57253997,1.48306679,0.0 100.57288136,1.48317567,0.0 100.57348704,1.48347314,0.0 100.57363113,1.48353333,0.0 100.57376322,1.48358563,0.0 100.57428005,1.48393809,0.0 100.57455925,1.48409525,0.0 100.57497089,1.48436875,0.0 100.57579692453145,1.4847070699345029,0.0 100.57525604,1.48569888,0.0 100.57520047,1.48580943,0.0 100.57515537,1.48591303,0.0 100.57500584,1.486166,0.0 100.57491305,1.48632945,0.0 100.57485178,1.48646397,0.0 100.57479856,1.48653522,0.0 100.57468657,1.48667956,0.0 100.57453168,1.48692875,0.0 100.57448583,1.48699665,0.0 100.57442674,1.48706563,0.0 100.57438566,1.48712598,0.0 100.57438566,1.48712598,0.0 </coordinates>
               </LinearRing>
            </outerBoundaryIs>
         </Polygon>
      </Placemark>
      <Placemark>
         <description></description>
         <ExtendedData/>
         <name>polygon</name>
         <Style>
            <LineStyle>
               <color>ff000000</color>
               <width>2.0</width>
            </LineStyle>
            <PolyStyle>
               <color>f0519a52</color>
            </PolyStyle>
         </Style>
         <Polygon>
            <outerBoundaryIs>
               <LinearRing>
                  <coordinates>100.57086082,1.48867747,0.0 100.57109669,1.48844227,0.0 100.57117866,1.48838863,0.0 100.57139324,1.48839944,0.0 100.57191133,1.48872173,0.0 100.57218902,1.48886003,0.0 100.57238842,1.48898232,0.0 100.57261599,1.48912892,0.0 100.57305118,1.48951474,0.0 100.57270903,1.49006786,0.0 100.572344,1.49062308,0.0 100.57199422,1.49122925,0.0 100.57167772,1.49186259,0.0 100.5717421,1.49191976,0.0 100.57168359,1.49213257,0.0 100.5716789,1.49218814,0.0 100.57167462,1.49283783,0.0 100.57168485,1.49327058,0.0 100.57167856,1.49332347,0.0 100.57147035,1.4934969,0.0 100.57126818,1.49356588,0.0 100.57079553,1.49379537,0.0 100.57033176,1.49399268,0.0 100.57021667,1.49399872,0.0 100.56987025,1.49400216,0.0 100.56953095,1.49411104,0.0 100.56942089,1.49418958,0.0 100.56926256,1.49466013,0.0 100.56939843,1.49498695,0.0 100.56987729,1.49596084,0.0 100.56964838,1.49549464,0.0 100.57008239,1.49636367,0.0 100.5698327,1.49662452,0.0 100.56960899,1.49691453,0.0 100.56960899,1.49691453,0.0 100.56947722,1.49732784,0.0 100.56951159,1.49760956,0.0 100.56970814,1.49793067,0.0 100.56980797,1.49803134,0.0 100.56972155,1.49802329,0.0 100.56950203,1.49806118,0.0 100.56921579,1.49823175,0.0 100.56903767,1.49839042,0.0 100.56903767,1.49839042,0.0 100.56899006,1.49836058,0.0 100.56892569,1.49797359,0.0 100.56889208,1.49759958,0.0 100.56890876,1.49724394,0.0 100.56890616,1.49702643,0.0 100.56889946,1.49662049,0.0 100.56880005,1.49604625,0.0 100.56868153,1.49497278,0.0 100.56797066,1.49457648,0.0 100.56790243,1.49458118,0.0 100.56829269,1.49386302,0.0 100.56834466,1.49361198,0.0 100.56832706,1.49353914,0.0 100.56876325,1.493083,0.0 100.56910666,1.49278594,0.0 100.56991534,1.49204884,0.0 100.57023863,1.49192948,0.0 100.57075638,1.49185446,0.0 100.57081506,1.49180979,0.0 100.57090466,1.4914637,0.0 100.57119526,1.49093153,0.0 100.57162508,1.4902764,0.0 100.571682,1.49022074,0.0 100.57146273,1.49008722,0.0 100.57119576,1.48995093,0.0 100.5703041,1.48936822,0.0 100.56942408,1.48858703,0.0 100.56919567,1.48844546,0.0 100.56911252,1.48832593,0.0 100.56911244,1.4883256,0.0 100.56910842,1.48832057,0.0 100.56925502,1.48793265,0.0 100.56924647,1.48794749,0.0 100.56938469,1.48795973,0.0 100.56969088,1.48821034,0.0 100.5705947,1.48870697,0.0 100.57062294,1.48873648,0.0 100.57062328,1.48873597,0.0 100.5706232,1.48873639,0.0 100.57062278,1.48873614,0.0 100.57086082,1.48867747,0.0 </coordinates>
               </LinearRing>
            </outerBoundaryIs>
         </Polygon>
      </Placemark>
      <Placemark>
         <description></description>
         <ExtendedData/>
         <name>polygon</name>
         <Style>
            <LineStyle>
               <color>ff000000</color>
               <width>2.0</width>
            </LineStyle>
            <PolyStyle>
               <color>ff3c7b47</color>
            </PolyStyle>
         </Style>
         <Polygon>
            <outerBoundaryIs>
               <LinearRing>
                  <coordinates>100.57005230337381,1.4963036988461136,0.0 100.57001508772373,1.4962192380704917,0.0 100.56997954845428,1.4961501947356066,0.0 100.56993596255779,1.496067409763255,0.0 100.56990277022123,1.4959997070709963,0.0 100.569859854877,1.4959115595031907,0.0 100.56979615241289,1.495784533153994,0.0 100.56969489902258,1.4955837711781383,0.0 100.56960202753545,1.495394069527996,0.0 100.56950848549604,1.4952127469106549,0.0 100.56939843,1.49498695,0.0 100.56926256,1.49466013,0.0 100.56942089,1.49418958,0.0 100.56953095,1.49411104,0.0 100.56987025,1.49400216,0.0 100.57021667,1.49399872,0.0 100.57033176,1.49399268,0.0 100.57079553,1.49379537,0.0 100.57126818,1.49356588,0.0 100.57147035,1.4934969,0.0 100.57167856,1.49332347,0.0 100.57168485,1.49327058,0.0 100.57167462,1.49283783,0.0 100.5716789,1.49218814,0.0 100.57168359,1.49213257,0.0 100.5717421,1.49191976,0.0 100.57178753,1.4918061,0.0 100.57221039,1.49092432,0.0 100.57267567,1.49014807,0.0 100.57270677,1.49007993,0.0 100.57282152,1.48988136,0.0 100.57306174188852,1.4895056015055328,0.0 100.57315822,1.48931927,0.0 100.57346164,1.48879423,0.0 100.57348696,1.48875005,0.0 100.57369323,1.48838586,0.0 100.57404653,1.48778572,0.0 100.57431299,1.48728138,0.0 100.57464408,1.48715406,0.0 100.57516786,1.48733058,0.0 100.57517817,1.48735514,0.0 100.57509318,1.48755823,0.0 100.57503426,1.48770047,0.0 100.57487072,1.48804279,0.0 100.57473745,1.48826608,0.0 100.57447242,1.48865978,0.0 100.57434342,1.48876154,0.0 100.57425063,1.48898366,0.0 100.5743746,1.48928457,0.0 100.57450377,1.48945313,0.0 100.57471013,1.48971565,0.0 100.5750071,1.49010449,0.0 100.57505806,1.49017548,0.0 100.57510684,1.49023742,0.0 100.57501364,1.4904598,0.0 100.57494088,1.49054395,0.0 100.57475799,1.49075828,0.0 100.57463779,1.49090647,0.0 100.57458348,1.49097646,0.0 100.57443026,1.49114166,0.0 100.57440729,1.49116103,0.0 100.57438893,1.49127184,0.0 100.57447325,1.49143059,0.0 100.57501196,1.49175933,0.0 100.57524959,1.49196108,0.0 100.57533776,1.49207817,0.0 100.57563926,1.49237732,0.0 100.57590773,1.49259542,0.0 100.57600278,1.49281645,0.0 100.57601259,1.49300999,0.0 100.57602248,1.49334275,0.0 100.57578167,1.49341727,0.0 100.57543458,1.49360117,0.0 100.57510743,1.49378414,0.0 100.5747082,1.49403669,0.0 100.57449253,1.4941418,0.0 100.57424476,1.494277,0.0 100.57389264,1.49446509,0.0 100.57341722,1.49471889,0.0 100.5728071,1.49507236,0.0 100.57237677,1.4953182,0.0 100.57212859,1.49543462,0.0 100.5713743,1.49576026,0.0 100.57125452,1.49580787,0.0 100.57121923,1.4958217,0.0 100.57091522,1.49594952,0.0 100.57062144,1.49608749,0.0 100.5705916,1.49610316,0.0 100.57022162,1.49628053,0.0 100.57007879018784,1.496349616012451,0.0 100.57005230337381,1.4963036988461136,0.0 </coordinates>
               </LinearRing>
            </outerBoundaryIs>
         </Polygon>
      </Placemark>
      <Placemark>
         <description></description>
         <ExtendedData/>
         <name>polygon</name>
         <Style>
            <LineStyle>
               <color>ff000000</color>
               <width>2.0</width>
            </LineStyle>
            <PolyStyle>
               <color>ff519c41</color>
            </PolyStyle>
         </Style>
         <Polygon>
            <outerBoundaryIs>
               <LinearRing>
                  <coordinates>100.57008239,1.49636367,0.0 100.5698327,1.49662452,0.0 100.56960899,1.49691453,0.0 100.56947722,1.49732784,0.0 100.56951159,1.49760956,0.0 100.56970814,1.49793067,0.0 100.56980797,1.49803134,0.0 100.56997008,1.49803134,0.0 100.57010679,1.49795347,0.0 100.57082604,1.49781215,0.0 100.57121974,1.49777158,0.0 100.57154705,1.49771417,0.0 100.57163808,1.49770738,0.0 100.57220168,1.4975239,0.0 100.57226714,1.49749942,0.0 100.57317708,1.49714864,0.0 100.57384847,1.49680154,0.0 100.57439128,1.49635856,0.0 100.57491322,1.49597609,0.0 100.57528177,1.49579144,0.0 100.57541362,1.49571148,0.0 100.57537749,1.4957088,0.0 100.57540608,1.49568977,0.0 100.57548235,1.49567317,0.0 100.57552275,1.49563504,0.0 100.57557187,1.49561567,0.0 100.57564563,1.49556454,0.0 100.57601955,1.49527746,0.0 100.5763125,1.49509507,0.0 100.57646094,1.495025,0.0 100.57663134,1.49495912,0.0 100.57682647,1.49494504,0.0 100.57691239,1.4949872,0.0 100.57682203,1.49492802,0.0 100.57661207,1.49476089,0.0 100.5764218,1.4946277,0.0 100.57633764,1.4944951,0.0 100.57631979,1.49417734,0.0 100.57631736,1.49385002,0.0 100.57632582,1.49376813,0.0 100.57624988,1.49365565,0.0 100.5760426,1.49343856,0.0 100.57578167,1.49341727,0.0 100.57543458,1.49360117,0.0 100.57510743,1.49378414,0.0 100.5747082,1.49403669,0.0 100.57449253,1.4941418,0.0 100.57424476,1.494277,0.0 100.57389264,1.49446509,0.0 100.57341722,1.49471889,0.0 100.5728071,1.49507236,0.0 100.57237677,1.4953182,0.0 100.57212859,1.49543462,0.0 100.5713743,1.49576026,0.0 100.57125452,1.49580787,0.0 100.57121923,1.4958217,0.0 100.57091522,1.49594952,0.0 100.57062144,1.49608749,0.0 100.5705916,1.49610316,0.0 100.57022162,1.49628053,0.0 100.57006228,1.49636082,0.0 100.57008239,1.49636367,0.0 </coordinates>
               </LinearRing>
            </outerBoundaryIs>
         </Polygon>
      </Placemark>
      <Placemark>
         <description></description>
         <ExtendedData/>
         <name>popygon</name>
         <Style>
            <LineStyle>
               <color>ff000000</color>
               <width>2.0</width>
            </LineStyle>
            <PolyStyle>
               <color>ff4d954e</color>
            </PolyStyle>
         </Style>
         <Polygon>
            <outerBoundaryIs>
               <LinearRing>
                  <coordinates>100.57281012,1.50225699,0.0 100.57291808,1.50162944,0.0 100.57291808,1.50162944,0.0 100.57289888,1.50121445,0.0 100.57280065,1.50067147,0.0 100.57268464,1.50041515,0.0 100.57256864,1.50029663,0.0 100.57211802,1.50010946,0.0 100.57115838,1.49986806,0.0 100.57086065,1.49958769,0.0 100.5704424,1.49907958,0.0 100.57025439,1.49860634,0.0 100.57013663,1.49842805,0.0 100.569859854877,1.4980958082668883,0.0 100.56981224566698,1.4980341385449447,0.0 100.56989070028067,1.4980341385449447,0.0 100.56997008,1.49803134,0.0 100.57010679,1.49795347,0.0 100.57082604,1.49781215,0.0 100.57121974,1.49777158,0.0 100.57154705,1.49771417,0.0 100.57163808,1.49770738,0.0 100.57220168,1.4975239,0.0 100.57226714,1.49749942,0.0 100.57317708,1.49714864,0.0 100.57384847,1.49680154,0.0 100.57439128,1.49635856,0.0 100.57491322,1.49597609,0.0 100.57528177,1.49579144,0.0 100.57541362,1.49571148,0.0 100.57537749,1.4957088,0.0 100.57540608,1.49568977,0.0 100.57548235,1.49567317,0.0 100.57552275,1.49563504,0.0 100.57557187,1.49561567,0.0 100.57564563,1.49556454,0.0 100.57601955,1.49527746,0.0 100.5763125,1.49509507,0.0 100.57646094,1.495025,0.0 100.57663134,1.49495912,0.0 100.57682647,1.49494504,0.0 100.57691239,1.4949872,0.0 100.57733157,1.49529892,0.0 100.57740063,1.49535324,0.0 100.57762099,1.49554057,0.0 100.57767363,1.49559128,0.0 100.57815643,1.49603502,0.0 100.5783778,1.49639603,0.0 100.57852758,1.4966495,0.0 100.57859439,1.49681957,0.0 100.57866563,1.49700724,0.0 100.5788238,1.49731644,0.0 100.57610999,1.49871505,0.0 100.57299309,1.50240669,0.0 100.57281012,1.50225699,0.0 100.57281012,1.50225699,0.0 </coordinates>
               </LinearRing>
            </outerBoundaryIs>
         </Polygon>
      </Placemark>
      <Placemark>
         <description></description>
         <ExtendedData/>
         <name>popygon</name>
         <Style>
            <LineStyle>
               <color>ff000000</color>
               <width>2.0</width>
            </LineStyle>
            <PolyStyle>
               <color>fd469c42</color>
            </PolyStyle>
         </Style>
         <Polygon>
            <outerBoundaryIs>
               <LinearRing>
                  <coordinates>100.57624452,1.49869208,0.0 100.57881676,1.49745315,0.0 100.57872849,1.49746849,0.0 100.57873428,1.49748065,0.0 100.57841149,1.49765968,0.0 100.57836229,1.49769246,0.0 100.57818233,1.4977741,0.0 100.57804227,1.49783746,0.0 100.57799432,1.49786596,0.0 100.57768872,1.49801818,0.0 100.57736266,1.49816746,0.0 100.57730198,1.49818473,0.0 100.57857159,1.49756212,0.0 100.5788528,1.49742432,0.0 100.57918958,1.49724092,0.0 100.57933442,1.49713573,0.0 100.57947767,1.49699173,0.0 100.57957624,1.49689173,0.0 100.57972167,1.49674044,0.0 100.57979853,1.49666425,0.0 100.57991864,1.49653316,0.0 100.58024093,1.49618832,0.0 100.58099622,1.49539556,0.0 100.5813403,1.49512265,0.0 100.58141314,1.49506054,0.0 100.58185704,1.49475326,0.0 100.58259666,1.49423836,0.0 100.58279036,1.49423794,0.0 100.58282205,1.49440147,0.0 100.58289497,1.49520454,0.0 100.58289983,1.49568717,0.0 100.58297988,1.49619905,0.0 100.58313285,1.49657657,0.0 100.58345354,1.49729532,0.0 100.58369318,1.49787468,0.0 100.58381958,1.49810577,0.0 100.58383542,1.49843266,0.0 100.58314526,1.49931536,0.0 100.58299036,1.499497,0.0 100.5824638903141,1.5001121390886774,0.0 100.58245023,1.50011759,0.0 100.58224236,1.50006068,0.0 100.58176425,1.50009756,0.0 100.58138858,1.50026805,0.0 100.58089237,1.5003916,0.0 100.57995745,1.50037399,0.0 100.57890737,1.50023729,0.0 100.57828333,1.50012807,0.0 100.5780618,1.50021759,0.0 100.57766056,1.50070315,0.0 100.57716519,1.50122132,0.0 100.57638777,1.50180797,0.0 100.576155,1.50202037,0.0 100.57576675,1.50250375,0.0 100.57566206,1.5027527,0.0 100.57323399,1.50254533,0.0 100.57299309,1.50240669,0.0 100.57610999,1.49871505,0.0 100.57624452,1.49869208,0.0 </coordinates>
               </LinearRing>
            </outerBoundaryIs>
         </Polygon>
      </Placemark>
      <Placemark>
         <description></description>
         <ExtendedData/>
         <name>polygon</name>
         <Style>
            <LineStyle>
               <color>ff000000</color>
               <width>2.0</width>
            </LineStyle>
            <PolyStyle>
               <color>ff2a622b</color>
            </PolyStyle>
         </Style>
         <Polygon>
            <outerBoundaryIs>
               <LinearRing>
                  <coordinates>100.56899459,1.50329752,0.0 100.56876317,1.50318193,0.0 100.56877029,1.50306744,0.0 100.56857877,1.50289963,0.0 100.5684553,1.50285487,0.0 100.5682999,1.50263317,0.0 100.56815967,1.50262722,0.0 100.56776446,1.5023129,0.0 100.56768558919428,1.5022132637607593,0.0 100.56755198,1.50220393,0.0 100.56729952,1.50239714,0.0 100.56704555,1.50249193,0.0 100.5666749,1.50242345,0.0 100.56644817,1.50258305,0.0 100.56641221046448,1.5026486377223536,0.0 100.56636435,1.50273434,0.0 100.56634147,1.50288563,0.0 100.56639235,1.50322493,0.0 100.56636276,1.50338838,0.0 100.56653685,1.50380437,0.0 100.56666526,1.50395357,0.0 100.56692116,1.50502436,0.0 100.56697446852924,1.5051764192389292,0.0 100.56706801056862,1.5053429939721523,0.0 100.56757956,1.50506786,0.0 100.56771844625473,1.504967949434151,0.0 100.56778818,1.50491363,0.0 100.56790729,1.50479863,0.0 100.56802397,1.50500148,0.0 100.5680699,1.50514104,0.0 100.5680839,1.50531169,0.0 100.5681600049138,1.5056365944769832,0.0 100.56820157915354,1.5058427180954497,0.0 100.56834038,1.50606162,0.0 100.56851137429474,1.5059285191406444,0.0 100.56865253,1.50579977,0.0 100.56871522217989,1.5057153571627653,0.0 100.56879233568908,1.5056553634576855,0.0 100.56899199,1.50541177,0.0 100.56919048,1.50508454,0.0 100.56939365,1.50533139,0.0 100.56941176,1.50535528,0.0 100.56962307,1.50561193,0.0 100.56962307,1.50561193,0.0 100.56962307,1.50561193,0.0 100.5698933,1.50576867,0.0 100.56995674967766,1.5057425051516768,0.0 100.57001635,1.50569449,0.0 100.57008172,1.50563138,0.0 100.57016445,1.50561344,0.0 100.57020854204893,1.5055816281754424,0.0 100.57025112211704,1.50554442537299,0.0 100.5702967196703,1.505480744898868,0.0 100.57037417,1.50539769,0.0 100.57060509,1.50481548,0.0 100.57065186,1.50471909,0.0 100.57069435715675,1.504615695747685,0.0 100.57076963,1.5045538,0.0 100.57081556,1.50448406,0.0 100.57085655,1.50441692,0.0 100.57087725,1.50432816,0.0 100.57094204,1.50426789,0.0 100.57101304,1.50418173,0.0 100.57105998,1.50411165,0.0 100.57107422500849,1.5040841310855173,0.0 100.57110407,1.50403395,0.0 100.5711412,1.5039897,0.0 100.57116072624922,1.5039597864957943,0.0 100.57121437,1.50388299,0.0 100.57128302,1.50381544,0.0 100.57133741676807,1.5037724316962797,0.0 100.57138058,1.50372885,0.0 100.57140849530697,1.5037224927577446,0.0 100.57145241647959,1.5036986963503747,0.0 100.57148502,1.50365073,0.0 100.5715442,1.50363254,0.0 100.57155836,1.50361922,0.0 100.5716276,1.50357328,0.0 100.5716509,1.5035582,0.0 100.57168342,1.50354613,0.0 100.57170094,1.50353967,0.0 100.57175056,1.50355074,0.0 100.57183966,1.50354772,0.0 100.57190915,1.50356348,0.0 100.57208408,1.50358636,0.0 100.57232799,1.50357764,0.0 100.57270149,1.5036219,0.0 100.57280467,1.50362508,0.0 100.57313374,1.50365962,0.0 100.57350632,1.50372374,0.0 100.57383874,1.50381778,0.0 100.57387135,1.50382524,0.0 100.57396087,1.50386347,0.0 100.57424066,1.50394058,0.0 100.57456713,1.50400009,0.0 100.57460602,1.50400654,0.0 100.57485153,1.50406706,0.0 100.57510978,1.50408785,0.0 100.57518639,1.50409657,0.0 100.57532653,1.50413412,0.0 100.5753604,1.50412632,0.0 100.57595367,1.50415859,0.0 100.57652514,1.50419832,0.0 100.57698204,1.50420897,0.0 100.57764019,1.50419824,0.0 100.57838107,1.50420159,0.0 100.57934733,1.50428675,0.0 100.57941455394028,1.5042399807634383,0.0 100.57947264,1.50420914,0.0 100.57957666,1.50413864,0.0 100.57995938,1.50368569,0.0 100.58003767,1.50366255,0.0 100.58011092,1.50352626,0.0 100.5805467,1.50334647,0.0 100.57897258,1.50303123,0.0 100.57873445,1.50296593,0.0 100.57814428,1.50291916,0.0 100.57754698,1.50287499,0.0 100.57717466,1.50289008,0.0 100.5767445,1.50294003,0.0 100.57590664,1.50285697,0.0 100.57567882,1.5028024,0.0 100.57538772,1.50269955,0.0 100.57511757,1.5026237,0.0 100.57474659,1.50258975,0.0 100.57434392,1.50259847,0.0 100.57406279,1.50262462,0.0 100.57378217,1.5026351,0.0 100.57355426,1.50261439,0.0 100.57344915,1.50259369,0.0 100.57328889,1.50255874,0.0 100.57323902,1.50254608,0.0 100.57287449,1.50229546,0.0 100.57195508,1.50203663,0.0 100.57115939,1.50181937,0.0 100.57104858,1.50180847,0.0 100.57089686,1.50181325,0.0 100.57084858,1.50182415,0.0 100.57066443,1.50189556,0.0 100.57045908,1.50200939,0.0 100.57002255,1.50229664,0.0 100.56991467,1.50240853,0.0 100.56944503,1.50295009,0.0 100.56939784,1.50302293,0.0 100.56922903,1.50317439,0.0 100.56907765567303,1.5032918112604885,0.0 100.56899459,1.50329752,0.0 </coordinates>
               </LinearRing>
            </outerBoundaryIs>
         </Polygon>
      </Placemark>
      <Placemark>
         <description></description>
         <ExtendedData/>
         <name>polygon</name>
         <Style>
            <LineStyle>
               <color>ff000000</color>
               <width>2.0</width>
            </LineStyle>
            <PolyStyle>
               <color>ff1f5523</color>
            </PolyStyle>
         </Style>
         <Polygon>
            <outerBoundaryIs>
               <LinearRing>
                  <coordinates>100.56962307,1.50561193,0.0 100.56965827,1.50567999,0.0 100.56951729,1.50587428,0.0 100.56911688297987,1.5061540820284938,0.0 100.56870399,1.50660468,0.0 100.56848220527172,1.5068471934010659,0.0 100.56838699,1.50695404,0.0 100.568123459816,1.507236314340931,0.0 100.56790586560966,1.5074873492600758,0.0 100.56770972907543,1.507674703740288,0.0 100.56744503,1.50798686,0.0 100.56709416210651,1.5082220200453698,0.0 100.5668943375349,1.5083068155169312,0.0 100.56668496,1.50841995,0.0 100.56652729,1.50853185,0.0 100.56628883,1.50880862,0.0 100.56602455,1.50915018,0.0 100.56588507,1.50940977,0.0 100.56576278060675,1.5095690275606979,0.0 100.56590359658003,1.5097235362071633,0.0 100.56602966040371,1.509564000164207,0.0 100.56603427,1.51124155,0.0 100.56609202176332,1.5113044841343761,0.0 100.56661136,1.51198067,0.0 100.56572816,1.51246958,0.0 100.56567863,1.51241317,0.0 100.56547084,1.51229348,0.0 100.56542248,1.51220606,0.0 100.56532072,1.51219466,0.0 100.56516783,1.51208117,0.0 100.56507429,1.51202643,0.0 100.56497262,1.51194907,0.0 100.56489115,1.51188134,0.0 100.56473516,1.51178914,0.0 100.564664,1.51179627,0.0 100.56451279,1.51189098,0.0 100.56445914,1.51196483,0.0 100.56438295,1.51205493,0.0 100.56429955,1.51211595,0.0 100.56424473,1.51216834,0.0 100.56417097,1.51226314,0.0 100.56412387,1.51231494,0.0 100.56402873,1.51239557,0.0 100.56397903,1.51246347,0.0 100.56393603,1.51252876,0.0 100.56384089,1.51262264,0.0 100.56381533,1.51267368,0.0 100.56380695,1.51271945,0.0 100.5637782,1.51273152,0.0 100.56374408,1.51276513,0.0 100.56370628,1.51281467,0.0 100.56364803,1.51290293,0.0 100.5636228,1.51295657,0.0 100.56357795,1.51300016,0.0 100.56351576,1.51307736,0.0 100.56344418,1.51314106,0.0 100.56338467,1.51319269,0.0 100.56332013,1.51328632,0.0 100.56322097,1.51336678,0.0 100.56317017,1.51344825,0.0 100.56308619,1.51353099,0.0 100.56303975,1.51359267,0.0 100.56294554,1.51367624,0.0 100.56286683,1.51375386,0.0 100.56280506,1.51385369,0.0 100.56274479,1.51393005,0.0 100.56267254,1.51400649,0.0 100.56263197,1.51407405,0.0 100.56257858,1.51413004,0.0 100.56251974,1.51423666,0.0 100.56244564,1.51428318,0.0 100.5623946,1.51434436,0.0 100.56231539,1.51442064,0.0 100.56226149,1.51448837,0.0 100.56219067,1.51456908,0.0 100.5621273,1.51466204,0.0 100.5620983,1.51469498,0.0 100.5620061,1.5147876,0.0 100.5620061,1.5147876,0.0 100.56191322,1.51487259,0.0 100.56170392781495,1.5147924862265203,0.0 100.56155137717725,1.5146674719311883,0.0 100.56139077991246,1.514414426887745,0.0 100.5614172667265,1.514112113432862,0.0 100.56143067777157,1.5136934997211866,0.0 100.56144442409277,1.5133063908926525,0.0 100.56146144,1.51285934,0.0 100.56149438023569,1.5127557242755414,0.0 100.56148499250412,1.5126441162344695,0.0 100.5614957213402,1.512556974817021,0.0 100.56146990507841,1.5123568847029483,0.0 100.56138809770346,1.51194463868114,0.0 100.56077890098096,1.5103124117938265,0.0 100.5635107308626,1.5092791143440774,0.0 100.5650007,1.50822423,0.0 100.56465578,1.50768754,0.0 100.56465578,1.50768754,0.0 100.56465084,1.50754765,0.0 100.56473558,1.50744949,0.0 100.56495032,1.50733198,0.0 100.56551627,1.5071335,0.0 100.56563839316368,1.5071468265857255,0.0 100.56570377200842,1.5072627919906547,0.0 100.56577887,1.50741756,0.0 100.56577887,1.50741756,0.0 100.5658395588398,1.5074937173016993,0.0 100.56587795,1.50759299,0.0 100.56591768,1.50766105,0.0 100.56691144,1.50714565,0.0 100.56697338,1.50711388,0.0 100.56753798,1.50663704,0.0 100.56781701743603,1.5065716917116871,0.0 100.56834038,1.50606162,0.0 100.56834038,1.50606162,0.0 100.56850768625735,1.5059348871868352,0.0 100.56865253,1.50579977,0.0 100.56873667985201,1.5057032913898138,0.0 100.56883424520493,1.505618830977246,0.0 100.56898880749941,1.5054207511873254,0.0 100.56919048,1.50508454,0.0 100.56939365,1.50533139,0.0 100.56962307,1.50561193,0.0 100.56962307,1.50561193,0.0 100.56962307,1.50561193,0.0 100.56962307,1.50561193,0.0 </coordinates>
               </LinearRing>
            </outerBoundaryIs>
         </Polygon>
      </Placemark>
      <Placemark>
         <description></description>
         <ExtendedData/>
         <name>polygon</name>
         <Style>
            <LineStyle>
               <color>ff000000</color>
               <width>2.0</width>
            </LineStyle>
            <PolyStyle>
               <color>ffe5e376</color>
            </PolyStyle>
         </Style>
         <Polygon>
            <outerBoundaryIs>
               <LinearRing>
                  <coordinates>100.59667356,1.51050244,0.0 100.596518,1.51039867,0.0 100.59645547,1.51032767,0.0 100.59625606,1.5101794,0.0 100.59629797,1.51015534,0.0 100.59624843,1.51004747,0.0 100.59650626,1.50969928,0.0 100.59660676,1.50968629,0.0 100.59687037,1.50950088,0.0 100.59710909,1.5096101,0.0 100.59759717,1.5098836,0.0 100.59782507,1.51003573,0.0 100.59805792,1.51023757,0.0 100.59782792,1.51038936,0.0 100.59744017,1.510786,0.0 100.59701219,1.51066127,0.0 100.59670935,1.51051953,0.0 100.59667616,1.51048693,0.0 100.59668488,1.51048458,0.0 100.59667356,1.51050244,0.0 </coordinates>
               </LinearRing>
            </outerBoundaryIs>
         </Polygon>
      </Placemark>
      <Placemark>
         <description></description>
         <ExtendedData/>
         <name>polygon</name>
         <Style>
            <LineStyle>
               <color>ff000000</color>
               <width>2.0</width>
            </LineStyle>
            <PolyStyle>
               <color>feffef68</color>
            </PolyStyle>
         </Style>
         <Polygon>
            <outerBoundaryIs>
               <LinearRing>
                  <coordinates>100.59623762,1.50919318,0.0 100.59628137,1.5092247,0.0 100.5962217,1.50937004,0.0 100.59608742,1.50957799,0.0 100.59604165,1.50969383,0.0 100.59582674,1.51007756,0.0 100.59578089,1.51021753,0.0 100.59565432,1.51037503,0.0 100.59560219,1.51047243,0.0 100.59515208,1.5103322,0.0 100.59484078,1.51027487,0.0 100.59473592,1.51028166,0.0 100.59465076,1.51021762,0.0 100.5946283,1.51019717,0.0 100.59462863,1.51019474,0.0 100.59455537,1.51011586,0.0 100.59429755,1.50998494,0.0 100.59419269,1.50988779,0.0 100.59414608,1.50979802,0.0 100.5940683,1.50974446,0.0 100.59401164,1.50972032,0.0 100.5939927,1.50978134,0.0 100.59392765,1.50980112,0.0 100.59384165,1.50979299,0.0 100.59371769,1.50973532,0.0 100.59366404,1.50965578,0.0 100.59371978,1.50932788,0.0 100.59375264,1.50935504,0.0 100.59387845,1.50924163,0.0 100.59385574,1.50917273,0.0 100.59395389,1.50911674,0.0 100.59402564,1.50901808,0.0 100.59410719,1.50881273,0.0 100.59410912,1.50876319,0.0 100.59421892,1.50874793,0.0 100.59463978,1.50884265,0.0 100.59484547,1.50884785,0.0 100.59537873,1.50891415,0.0 100.59598809,1.50899487,0.0 100.59632806,1.50920215,0.0 100.59632898,1.50920425,0.0 100.59633049,1.50920576,0.0 100.59634667,1.50920877,0.0 100.59633695,1.50920835,0.0 100.59633695,1.50920835,0.0 100.59623762,1.50919318,0.0 </coordinates>
               </LinearRing>
            </outerBoundaryIs>
         </Polygon>
      </Placemark>
      <Placemark>
         <description></description>
         <ExtendedData/>
         <name>pooygon</name>
         <Style>
            <LineStyle>
               <color>ff000000</color>
               <width>2.0</width>
            </LineStyle>
            <PolyStyle>
               <color>ff53883f</color>
            </PolyStyle>
         </Style>
         <Polygon>
            <outerBoundaryIs>
               <LinearRing>
                  <coordinates>100.57934004,1.50427694,0.0 100.57942956,1.50440083,0.0 100.57982929,1.50482018,0.0 100.5802069,1.50513928,0.0 100.58119588,1.50576725,0.0 100.58100108,1.50599046,0.0 100.58099873,1.50608635,0.0 100.58102396,1.50614033,0.0 100.58118917,1.50622314,0.0 100.58121457,1.50639958,0.0 100.58134792,1.50660242,0.0 100.58139168,1.506875,0.0 100.58132831007242,1.5069500875753987,0.0 100.58322597,1.50890702,0.0 100.58328498,1.50904474,0.0 100.58329948,1.5092361,0.0 100.58346377,1.50956249,0.0 100.58389024,1.50997429,0.0 100.58460077,1.51029574,0.0 100.58520377,1.51061165,0.0 100.58546595,1.51067854,0.0 100.58554273098706,1.510598973276557,0.0 100.58557542,1.51056916,0.0 100.58568833,1.51040034,0.0 100.58569704,1.51038132,0.0 100.58577055,1.51016372,0.0 100.5860547,1.51023028,0.0 100.58657119,1.51046715,0.0 100.58721366,1.51095732,0.0 100.5872337,1.51079656,0.0 100.58723227,1.51046555,0.0 100.58729245,1.51044896,0.0 100.58731634,1.51040537,0.0 100.58744324,1.5098344,0.0 100.58746755,1.50964899,0.0 100.58761926,1.50893837,0.0 100.58764919,1.50891876,0.0 100.58847589,1.50920492,0.0 100.58865812,1.50932025,0.0 100.58904285,1.50765326,0.0 100.58879248,1.50754094,0.0 100.58867932,1.50749652,0.0 100.58829526,1.50735604,0.0 100.58809209,1.50729116,0.0 100.58806862,1.50726534,0.0 100.58762647,1.50706954,0.0 100.58728273,1.50692957,0.0 100.58684603,1.50677718,0.0 100.58664562,1.50672957,0.0 100.58643968,1.50668632,0.0 100.58622946,1.50665749,0.0 100.58622946,1.50665749,0.0 100.58616844,1.50664031,0.0 100.58616039,1.50665137,0.0 100.58566712,1.50655473,0.0 100.58554675,1.50650008,0.0 100.58541608,1.50642858,0.0 100.58517669,1.50627486,0.0 100.5851311,1.5062451,0.0 100.58499874,1.50615273,0.0 100.58479833,1.50600806,0.0 100.58450346,1.50581846,0.0 100.58439609,1.50574747,0.0 100.58395864,1.50544236,0.0 100.5836361,1.50519577,0.0 100.5835786,1.50515294,0.0 100.58325036,1.50490936,0.0 100.58306077,1.50476209,0.0 100.58264008,1.50441952,0.0 100.58247328,1.50428239,0.0 100.58232157,1.50415909,0.0 100.58209333,1.50397587,0.0 100.58177683,1.50382784,0.0 100.58131582,1.50361276,0.0 100.58093369,1.50344353,0.0 100.58058634,1.50329836,0.0 100.5805467,1.50334647,0.0 100.58011092,1.50352626,0.0 100.58003767,1.50366255,0.0 100.57995938,1.50368569,0.0 100.57957666,1.50413864,0.0 100.57947264,1.50420914,0.0 100.57934004,1.50427694,0.0 </coordinates>
               </LinearRing>
            </outerBoundaryIs>
         </Polygon>
      </Placemark>
      <Placemark>
         <description></description>
         <ExtendedData/>
         <name>popygon</name>
         <Style>
            <LineStyle>
               <color>ff000000</color>
               <width>2.0</width>
            </LineStyle>
            <PolyStyle>
               <color>fff1dd86</color>
            </PolyStyle>
         </Style>
         <Polygon>
            <outerBoundaryIs>
               <LinearRing>
                  <coordinates>100.59576647,1.51231377,0.0 100.59577142,1.51235676,0.0 100.59582867,1.51243027,0.0 100.59598516,1.51252859,0.0 100.59596915,1.51263119,0.0 100.59599413,1.5126591,0.0 100.59600997,1.51272113,0.0 100.59597326,1.51283613,0.0 100.59599413,1.51299119,0.0 100.59595079,1.51312203,0.0 100.5958508,1.51322856,0.0 100.59562482,1.51337382,0.0 100.59559666,1.51341255,0.0 100.59549783,1.51341129,0.0 100.59535752,1.51334792,0.0 100.59516658,1.51321532,0.0 100.5949738,1.51311608,0.0 100.59489836,1.51302564,0.0 100.59488009,1.51299077,0.0 100.59497103,1.51277552,0.0 100.59508083,1.51254779,0.0 100.59513247,1.51241477,0.0 100.59523665,1.51226029,0.0 100.59531444,1.51223129,0.0 100.59545375,1.51226942,0.0 100.59567687,1.51237713,0.0 100.59567939,1.51237998,0.0 100.59567855,1.51238023,0.0 100.59569699,1.51238392,0.0 100.59576647,1.51231377,0.0 </coordinates>
               </LinearRing>
            </outerBoundaryIs>
         </Polygon>
      </Placemark>
      <Placemark>
         <description></description>
         <ExtendedData/>
         <name>polygon</name>
         <Style>
            <LineStyle>
               <color>ff000000</color>
               <width>2.0</width>
            </LineStyle>
            <PolyStyle>
               <color>ff2c92ac</color>
            </PolyStyle>
         </Style>
         <Polygon>
            <outerBoundaryIs>
               <LinearRing>
                  <coordinates>100.59330287,1.50244055,0.0 100.59361266,1.50264616,0.0 100.59408238,1.50295872,0.0 100.59458152,1.50317757,0.0 100.59487958,1.50267986,0.0 100.59503616,1.50256025,0.0 100.59538862,1.50209136,0.0 100.59582615,1.50240728,0.0 100.59604249,1.50257944,0.0 100.5960383,1.50369122,0.0 100.59643745,1.50395877,0.0 100.59704203158618,1.504252716865667,0.0 100.59711512178183,1.504285227442056,0.0 100.59723615646362,1.5043948249485501,0.0 100.59722509235144,1.5044719118764291,0.0 100.59645596891642,1.5058115481836587,0.0 100.59607442468405,1.5066675475345714,0.0 100.59598959982395,1.5066906735891155,0.0 100.59591181576252,1.506678272661347,0.0 100.59589739888905,1.5065535930593337,0.0 100.59589078,1.5064233,0.0 100.59590343,1.50605634,0.0 100.5958658,1.50585048,0.0 100.59586412,1.50527514,0.0 100.59586689,1.50513634,0.0 100.59586949,1.50499167,0.0 100.59586454182863,1.5049270598559648,0.0 100.59586789458992,1.5048114294872434,0.0 100.59584828,1.50470828,0.0 100.59571685,1.50455983,0.0 100.59567813,1.50453025,0.0 100.59555877,1.50446738,0.0 100.59516314,1.50426278,0.0 100.59445856,1.50386866,0.0 100.59426947,1.50376556,0.0 100.59401432,1.50361955,0.0 100.59380704,1.50348796,0.0 100.59368458,1.50343113,0.0 100.5934265,1.50328956,0.0 100.59330178,1.50322233,0.0 100.59316842,1.50311982,0.0 100.59330287,1.50244055,0.0 100.59330287,1.50244055,0.0 100.59330287,1.50244055,0.0 </coordinates>
               </LinearRing>
            </outerBoundaryIs>
         </Polygon>
      </Placemark>
      <Placemark>
         <description></description>
         <ExtendedData/>
         <name>polygon</name>
         <Style>
            <LineStyle>
               <color>ff000000</color>
               <width>2.0</width>
            </LineStyle>
            <PolyStyle>
               <color>ff746c4d</color>
            </PolyStyle>
         </Style>
         <Polygon>
            <outerBoundaryIs>
               <LinearRing>
                  <coordinates>100.60015256,1.51014428,0.0 100.60115889,1.51041434,0.0 100.60015256,1.51014428,0.0 100.60015256,1.51014428,0.0 100.60015256,1.51014428,0.0 100.59933817,1.51065147,0.0 100.59911488,1.51064585,0.0 100.59964813,1.51094978,0.0 100.59911488,1.51064585,0.0 100.59964813,1.51094978,0.0 100.59982399,1.5111921,0.0 100.59981988,1.51125027,0.0 100.59956900775431,1.511956369260077,0.0 100.60011056,1.51298164,0.0 100.60024752,1.51325413,0.0 100.60036738,1.51357348,0.0 100.60039203,1.51364045,0.0 100.60065656,1.51424495,0.0 100.60083786,1.51460077,0.0 100.60087399,1.51465206,0.0 100.60112008,1.51476698,0.0 100.60168686,1.51456707,0.0 100.60216069,1.51442659,0.0 100.60257359,1.51442676,0.0 100.60284834,1.51445123,0.0 100.60325235,1.51447512,0.0 100.60354245,1.51447747,0.0 100.60376046,1.51448049,0.0 100.60461483,1.51454318,0.0 100.60479353,1.51456347,0.0 100.60510827,1.5145804,0.0 100.60541748,1.51458903,0.0 100.60567497,1.51460043,0.0 100.60587279,1.51461602,0.0 100.60628425,1.5146115,0.0 100.60689345,1.51461778,0.0 100.60736468,1.51460605,0.0 100.60741053,1.51460404,0.0 100.60757087,1.51458643,0.0 100.60776416,1.51454712,0.0 100.60783784,1.51452617,0.0 100.60801302,1.51448283,0.0 100.60820966,1.51443455,0.0 100.60846824,1.51437228,0.0 100.60882623,1.51427924,0.0 100.60971237,1.51405678,0.0 100.61012928,1.51384313,0.0 100.61012928,1.51384313,0.0 100.60815258,1.51272917,0.0 100.60797983,1.51264083,0.0 100.60742352,1.51231519,0.0 100.60690317,1.51202274,0.0 100.60649757,1.5118075,0.0 100.60609457,1.51170809,0.0 100.60595769,1.51169359,0.0 100.60581529,1.51167397,0.0 100.60532092,1.51146392,0.0 100.60524305,1.51143123,0.0 100.60487894,1.51125094,0.0 100.60449673,1.51110778,0.0 100.60435767,1.51108397,0.0 100.60428467,1.51107852,0.0 100.60413337,1.51107416,0.0 100.60346626,1.51104148,0.0 100.60276193,1.51091575,0.0 100.60213152,1.51073537,0.0 100.60115889,1.51041434,0.0 100.60015256,1.51014428,0.0 </coordinates>
               </LinearRing>
            </outerBoundaryIs>
         </Polygon>
      </Placemark>
      <Placemark>
         <description></description>
         <ExtendedData/>
         <name>polygon</name>
         <Style>
            <LineStyle>
               <color>ff000000</color>
               <width>2.0</width>
            </LineStyle>
            <PolyStyle>
               <color>ffbbae7d</color>
            </PolyStyle>
         </Style>
         <Polygon>
            <outerBoundaryIs>
               <LinearRing>
                  <coordinates>100.61725315,1.51930687,0.0 100.61702642,1.52075677,0.0 100.6168473,1.52092257,0.0 100.61698677,1.52089256,0.0 100.61712356,1.52091016,0.0 100.61731677,1.52096448,0.0 100.61744048,1.52103069,0.0 100.61770736,1.52124368,0.0 100.61786075,1.52140419,0.0 100.61799528,1.52158499,0.0 100.61804054,1.52165473,0.0 100.61864756,1.52257397,0.0 100.61889097,1.52298795,0.0 100.61889097,1.52298795,0.0 100.61986076,1.52449946,0.0 100.62116926,1.52463726,0.0 100.62116926,1.52463726,0.0 100.62116926,1.52463726,0.0 100.62119423,1.5246495,0.0 100.62118066,1.52444053,0.0 100.62137218,1.52425295,0.0 100.62143739,1.52419218,0.0 100.62152197,1.52375816,0.0 100.62124553,1.52341048,0.0 100.62073809,1.52295845,0.0 100.62073809,1.52295845,0.0 100.62015664,1.52203065,0.0 100.62007626,1.52187903,0.0 100.61990133,1.52170518,0.0 100.61972908,1.52151575,0.0 100.61962757,1.52140117,0.0 100.61937955,1.52111619,0.0 100.61912382,1.52084604,0.0 100.61840373,1.52019778,0.0 100.61773636,1.51958129,0.0 100.61741249,1.51922984,0.0 100.61725315,1.51930687,0.0 </coordinates>
               </LinearRing>
            </outerBoundaryIs>
         </Polygon>
      </Placemark>
      <Placemark>
         <description></description>
         <ExtendedData/>
         <name>polygon</name>
         <Style>
            <LineStyle>
               <color>ff000000</color>
               <width>2.0</width>
            </LineStyle>
            <PolyStyle>
               <color>ffcabc87</color>
            </PolyStyle>
         </Style>
         <Polygon>
            <outerBoundaryIs>
               <LinearRing>
                  <coordinates>100.59067237,1.50152114,0.0 100.59227726,1.50141897,0.0 100.59253525,1.50151863,0.0 100.59343463,1.50214073,0.0 100.59330287,1.50244055,0.0 100.59330287,1.50244055,0.0 100.59316842,1.50311982,0.0 100.59330178,1.50322233,0.0 100.5934265,1.50328956,0.0 100.59368458,1.50343113,0.0 100.59380704,1.50348796,0.0 100.59401432,1.50361955,0.0 100.59426947,1.50376556,0.0 100.59445856,1.50386866,0.0 100.59516314,1.50426278,0.0 100.59555877,1.50446738,0.0 100.59567813,1.50453025,0.0 100.59571685,1.50455983,0.0 100.59584828,1.50470828,0.0 100.59585256,1.5047491,0.0 100.59586932,1.50496208,0.0 100.59586949,1.50499167,0.0 100.59586689,1.50513634,0.0 100.59586412,1.50527514,0.0 100.5958658,1.50585048,0.0 100.59590343,1.50605634,0.0 100.59589078,1.5064233,0.0 100.59589782,1.50650552,0.0 100.59590226,1.50667543,0.0 100.59582012,1.50665028,0.0 100.59441255,1.50647669,0.0 100.59403159,1.50653595,0.0 100.59349456,1.50668314,0.0 100.5933607,1.50667643,0.0 100.59302827,1.50655523,0.0 100.59271907,1.50626865,0.0 100.59212714,1.50613907,0.0 100.59140227,1.50601409,0.0 100.59140227,1.50601409,0.0 100.59107252,1.50595475,0.0 100.59102324,1.50460761,0.0 100.59095752,1.5027019,0.0 100.59037968,1.50152542,0.0 100.59024297,1.50143758,0.0 100.59024137,1.50141469,0.0 100.59067237,1.50152114,0.0 </coordinates>
               </LinearRing>
            </outerBoundaryIs>
         </Polygon>
      </Placemark>
      <Placemark>
         <description></description>
         <ExtendedData/>
         <name>polygon</name>
         <Style>
            <LineStyle>
               <color>ff000000</color>
               <width>2.0</width>
            </LineStyle>
            <PolyStyle>
               <color>ffbbae7d</color>
            </PolyStyle>
         </Style>
         <Polygon>
            <outerBoundaryIs>
               <LinearRing>
                  <coordinates>100.58776896446943,1.5044333684128268,0.0 100.58694913,1.50499745,0.0 100.58694913,1.50499745,0.0 100.58626659214497,1.5065589556230077,0.0 100.58620288968086,1.506577389435547,0.0 100.58622367680073,1.5066464324410793,0.0 100.58643968,1.50668632,0.0 100.58664562,1.50672957,0.0 100.58684603,1.50677718,0.0 100.58728273,1.50692957,0.0 100.58762647,1.50706954,0.0 100.58806862,1.50726534,0.0 100.58809209,1.50729116,0.0 100.58829526,1.50735604,0.0 100.58867932,1.50749652,0.0 100.58879248,1.50754094,0.0 100.58904285,1.50765326,0.0 100.58932389,1.50777245,0.0 100.58952078,1.50785367,0.0 100.59030692,1.50816439,0.0 100.59068536,1.50833848,0.0 100.59086993,1.5084192,0.0 100.59118384,1.50852858,0.0 100.59150394,1.50858038,0.0 100.59170167,1.50861517,0.0 100.59191792,1.50865699,0.0 100.5920574,1.50868599,0.0 100.59232067,1.50871592,0.0 100.5925091,1.50872648,0.0 100.59321988,1.50870326,0.0 100.59375532,1.50867367,0.0 100.59439528,1.50872044,0.0 100.59473994,1.50877669,0.0 100.59497623,1.50882999,0.0 100.59543774,1.50888355,0.0 100.59553932398556,1.5089013892049987,0.0 100.59569824,1.50891826,0.0 100.59601215,1.50898288,0.0 100.59601215,1.50898288,0.0 100.59611298143864,1.508927531674588,0.0 100.59617601335049,1.5087710120122382,0.0 100.59624038636684,1.508536064917597,0.0 100.5963771790266,1.5080681816122188,0.0 100.59644557535648,1.5077675430742237,0.0 100.5965193361044,1.507570468959905,0.0 100.5965531989932,1.507359653263449,0.0 100.59653341770172,1.50718235356015,0.0 100.59614282,1.50706946,0.0 100.59605665504932,1.506850209842726,0.0 100.59597752988338,1.506747315663686,0.0 100.59594500809908,1.5066856461859708,0.0 100.59588968753815,1.5066799484624036,0.0 100.59582012,1.50665028,0.0 100.59545609,1.50659789,0.0 100.59508477,1.50654039,0.0 100.59474229,1.50650167,0.0 100.59441255,1.50647669,0.0 100.59403159,1.50653595,0.0 100.59349456,1.50668314,0.0 100.5933607,1.50667643,0.0 100.59302827,1.50655523,0.0 100.59288167,1.50640737,0.0 100.59271907,1.50626865,0.0 100.59212714,1.50613907,0.0 100.59187434,1.5061011,0.0 100.59173193,1.50606782,0.0 100.59140227,1.50601409,0.0 100.59107252,1.50595475,0.0 100.59062602,1.50589055,0.0 100.59056215,1.50588007,0.0 100.58966629,1.50576867,0.0 100.58934149,1.50575384,0.0 100.58895459,1.50574822,0.0 100.58868804,1.50567664,0.0 100.58835059,1.50551244,0.0 100.58819678,1.5053966,0.0 100.58807583,1.5052091,0.0 100.58799184,1.50477558,0.0 100.58783803135157,1.5044159400638482,0.0 100.58776896446943,1.5044333684128268,0.0 </coordinates>
               </LinearRing>
            </outerBoundaryIs>
         </Polygon>
      </Placemark>
      <Placemark>
         <description></description>
         <ExtendedData/>
         <name>polygon</name>
         <Style>
            <LineStyle>
               <color>ff000000</color>
               <width>2.0</width>
            </LineStyle>
            <PolyStyle>
               <color>ff439549</color>
            </PolyStyle>
         </Style>
         <Polygon>
            <outerBoundaryIs>
               <LinearRing>
                  <coordinates>100.58626223355532,1.5065609665843902,0.0 100.58615796267986,1.5065824168389206,0.0 100.58566712,1.50655473,0.0 100.58554675,1.50650008,0.0 100.58541608,1.50642858,0.0 100.58517669,1.50627486,0.0 100.5851311,1.5062451,0.0 100.58499874,1.50615273,0.0 100.58479833,1.50600806,0.0 100.58450346,1.50581846,0.0 100.58439609,1.50574747,0.0 100.58395864,1.50544236,0.0 100.5836361,1.50519577,0.0 100.58339394629,1.5050302892813967,0.0 100.58325036,1.50490936,0.0 100.58306077,1.50476209,0.0 100.58264008,1.50441952,0.0 100.58247328,1.50428239,0.0 100.58232157,1.50415909,0.0 100.58209333,1.50397587,0.0 100.58177683,1.50382784,0.0 100.58131582,1.50361276,0.0 100.58093369,1.50344353,0.0 100.58077074587344,1.5032686851699026,0.0 100.58078985661268,1.5030592097005524,0.0 100.58096788823605,1.5026901976648797,0.0 100.58105371892452,1.5024612828103363,0.0 100.58125153183937,1.5021934892677575,0.0 100.58148857206106,1.5019250253704826,0.0 100.5816800147295,1.5017031488162318,0.0 100.58193683624266,1.5014249651892304,0.0 100.58207228779791,1.5012862085234795,0.0 100.58216113597156,1.5010572935218547,0.0 100.58223288506271,1.5008166478574152,0.0 100.58232877403498,1.5004764593033113,0.0 100.58236498385668,1.5003165874226603,0.0 100.58247596025467,1.5001614077873087,0.0 100.58260302990675,1.5002157039028625,0.0 100.58273680508138,1.5002790493693252,0.0 100.58293897658585,1.5004007128791448,0.0 100.58315238,1.50056468,0.0 100.58341733,1.50075596,0.0 100.58392653,1.50106575,0.0 100.58424756,1.50138904,0.0 100.58424756,1.50138904,0.0 100.58432099,1.50172373,0.0 100.58431244,1.5018446,0.0 100.58429282,1.50200377,0.0 100.58419257,1.50230099,0.0 100.58414119,1.50246536,0.0 100.58409618,1.50272202,0.0 100.58415142,1.50290047,0.0 100.58426198,1.50302008,0.0 100.58475927,1.50328402,0.0 100.58479506,1.50329232,0.0 100.58517175,1.5033686,0.0 100.58524786,1.50338092,0.0 100.58597473,1.50348117,0.0 100.58617598,1.50353028,0.0 100.58632099,1.50359189,0.0 100.58639467,1.503625,0.0 100.58653238,1.50368569,0.0 100.58671318,1.50376883,0.0 100.58695927,1.50387922,0.0 100.58759085,1.50421106,0.0 100.58769696,1.50427929,0.0 100.58776259422302,1.5043673417822905,0.0 100.58780785650015,1.5044005226780968,0.0 100.58740049600603,1.504741380942046,0.0 100.5871741846204,1.5048358962034463,0.0 100.58694913,1.50499745,0.0 100.58626223355532,1.5065609665843902,0.0 </coordinates>
               </LinearRing>
            </outerBoundaryIs>
         </Polygon>
      </Placemark>
      <Placemark>
         <description></description>
         <ExtendedData/>
         <name>pooygon</name>
         <Style>
            <LineStyle>
               <color>ff000000</color>
               <width>2.0</width>
            </LineStyle>
            <PolyStyle>
               <color>ffcabc87</color>
            </PolyStyle>
         </Style>
         <Polygon>
            <outerBoundaryIs>
               <LinearRing>
                  <coordinates>100.61020673,1.49599923,0.0 100.61120175,1.49368867,0.0 100.61120175,1.49368867,0.0 100.61423834,1.49645143,0.0 100.61423784,1.4964977,0.0 100.61433608,1.49663868,0.0 100.61436818,1.49666777,0.0 100.61466188,1.49696122,0.0 100.61488978564739,1.497214668433664,0.0 100.61526495963335,1.4976661311463846,0.0 100.614864975214,1.4982027247916054,0.0 100.61473555862904,1.4983575694043236,0.0 100.61462759971617,1.4985114085217137,0.0 100.61444487422703,1.4986488247176442,0.0 100.61440933495761,1.498683681507443,0.0 100.61421018093824,1.4988157351098912,0.0 100.61419442296028,1.4991562590835235,0.0 100.61413608491421,1.4993033949179617,0.0 100.61409685760736,1.499472986550845,0.0 100.61405427753924,1.4995788975243833,0.0 100.61397481709719,1.4997719504250098,0.0 100.61387993395329,1.4999221026692902,0.0 100.61383802443743,1.50014464972668,0.0 100.61381254345179,1.5003196038733533,0.0 100.61379443854095,1.5003839548203355,0.0 100.61372704803944,1.5005307554110665,0.0 100.61371631920338,1.500656105679356,0.0 100.61369821429251,1.5007174401663197,0.0 100.61367373913528,1.5007962030295512,0.0 100.6135553866625,1.5012362695281019,0.0 100.61350408941507,1.5014142400366288,0.0 100.61347257345916,1.5015529966942502,0.0 100.61346888542177,1.5016763359380676,0.0 100.6135094538331,1.5018288341782717,0.0 100.61358354985713,1.5019246902095333,0.0 100.61363115906715,1.5019850191781035,0.0 100.61369184404612,1.502073501662312,0.0 100.61374716460703,1.5021650005910812,0.0 100.61379946768284,1.5022883398003577,0.0 100.61384439468384,1.5025363588414236,0.0 100.61368178576231,1.5025685342825112,0.0 100.61353493481873,1.5025956823105817,0.0 100.6133746728301,1.5026402587015872,0.0 100.61321340501308,1.5026771263927325,0.0 100.613152384758,1.5027096369925683,0.0 100.61300821602345,1.502775663673243,0.0 100.61290126293898,1.5028105203972681,0.0 100.6126970797777,1.5028661570902218,0.0 100.61254519969225,1.5030183200865914,0.0 100.61244931071998,1.5031694775901263,0.0 100.61236146837473,1.5032998551180283,0.0 100.61232123523949,1.5034359303701972,0.0 100.61226323246956,1.5035619507932023,0.0 100.61223976314068,1.503640043232554,0.0 100.6121391803026,1.5037818161946774,0.0 100.61208587139843,1.5039085069189966,0.0 100.61207313090563,1.504045252454452,0.0 100.61203323304653,1.5041494874034171,0.0 100.61200138181448,1.5042339478728917,0.0 100.61195276677607,1.5043217599448229,0.0 100.61166577041149,1.5045972619185557,0.0 100.61152126640081,1.5045295594902832,0.0 100.61121214181186,1.5043408640974152,0.0 100.61069439,1.50410168,0.0 100.61067201197146,1.504711551656584,0.0 100.61067637,1.50549198,0.0 100.61064276,1.50557824,0.0 100.61041947,1.50543717,0.0 100.60980038,1.50492897,0.0 100.60952797,1.50469336,0.0 100.60945245,1.50462035,0.0 100.60943769,1.50449269,0.0 100.60981563,1.50261347,0.0 100.61003625,1.50162625,0.0 100.61033255,1.50022002,0.0 100.61084400862455,1.4995339859096446,0.0 100.61107635,1.49927974,0.0 100.61143477,1.49876526,0.0 100.61168714,1.49835119,0.0 100.61179359,1.49817836,0.0 100.61187046,1.49807056,0.0 100.61207305,1.49774526,0.0 100.61211705207826,1.497630268855596,0.0 100.61211302876472,1.4975414510301137,0.0 100.61209727078676,1.4974781054844553,0.0 100.61173182,1.49718317,0.0 100.61123955,1.49676517,0.0 100.61079288,1.49643844,0.0 100.61076187,1.49641656,0.0 100.61047579,1.49619302,0.0 100.61039784,1.49612102,0.0 100.61025837,1.49604265,0.0 100.61020673,1.49599923,0.0 </coordinates>
               </LinearRing>
            </outerBoundaryIs>
         </Polygon>
      </Placemark>
      <Placemark>
         <description></description>
         <ExtendedData/>
         <name>polygon</name>
         <Style>
            <LineStyle>
               <color>ff000000</color>
               <width>2.0</width>
            </LineStyle>
            <PolyStyle>
               <color>ff4cc3ff</color>
            </PolyStyle>
         </Style>
         <Polygon>
            <outerBoundaryIs>
               <LinearRing>
                  <coordinates>100.59306155,1.49374047,0.0 100.59318769723176,1.4937625005951465,0.0 100.5935075506568,1.4939290761970425,0.0 100.59459082750386,1.4945754365074244,0.0 100.59488955885173,1.4947713385541115,0.0 100.59550378471612,1.4951232586633156,0.0 100.59547327458858,1.4944525994350872,0.0 100.59556446969508,1.4943818802341604,0.0 100.5955795571208,1.4939568946564863,0.0 100.59566371142863,1.4934769423910628,0.0 100.59567645192146,1.4931639008430282,0.0 100.59563345,1.49262426,0.0 100.59577904641627,1.492474807085567,0.0 100.59636510908602,1.4924426314962909,0.0 100.59685830026865,1.4923390663150824,0.0 100.59702325612307,1.492265330584394,0.0 100.59702619,1.49215328,0.0 100.59617903083563,1.4917025928128582,0.0 100.59563420712948,1.4914153585285417,0.0 100.59514436870813,1.491158624002318,0.0 100.5945623293519,1.4908928400552262,0.0 100.5938341100553,1.492254772667007,0.0 100.59310588985682,1.493616705037838,0.0 100.59306155,1.49374047,0.0 </coordinates>
               </LinearRing>
            </outerBoundaryIs>
         </Polygon>
      </Placemark>
      <Placemark>
         <description></description>
         <ExtendedData/>
         <name>polygon</name>
         <Style>
            <LineStyle>
               <color>ff000000</color>
               <width>2.0</width>
            </LineStyle>
            <PolyStyle>
               <color>ff4d8e46</color>
            </PolyStyle>
         </Style>
         <Polygon>
            <outerBoundaryIs>
               <LinearRing>
                  <coordinates>100.58236565440893,1.5002331322853641,0.0 100.58243203908204,1.5001154907008667,0.0 100.58224236,1.50006068,0.0 100.58176425,1.50009756,0.0 100.58138858,1.50026805,0.0 100.58089237,1.5003916,0.0 100.57995745,1.50037399,0.0 100.57890737,1.50023729,0.0 100.57828333,1.50012807,0.0 100.5780618,1.50021759,0.0 100.57766056,1.50070315,0.0 100.57716519,1.50122132,0.0 100.57638777,1.50180797,0.0 100.576155,1.50202037,0.0 100.57576675,1.50250375,0.0 100.57566206,1.5027527,0.0 100.57565787,1.50276619,0.0 100.57565284,1.50279075,0.0 100.57572585,1.50282612,0.0 100.57604134,1.50289955,0.0 100.57666747,1.50293592,0.0 100.57756232,1.50289267,0.0 100.57811704,1.50290642,0.0 100.57808342,1.502546,0.0 100.57815358,1.50232497,0.0 100.57861232,1.50201559,0.0 100.57919579,1.50251079,0.0 100.57933585,1.5025486,0.0 100.57943936,1.50263979,0.0 100.57956643,1.50290223,0.0 100.57957188,1.5030231,0.0 100.5803717672825,1.5032298065243084,0.0 100.58042574673892,1.503162774375124,0.0 100.5804807320237,1.5029781007934218,0.0 100.58034427464008,1.502934865052447,0.0 100.58039557188751,1.5026831592875793,0.0 100.58055181056261,1.5026328851632997,0.0 100.5805940553546,1.5025051888823948,0.0 100.58075129985811,1.5023647564808777,0.0 100.58078549802305,1.502508205330073,0.0 100.5809236317873,1.502565517834935,0.0 100.5810322612524,1.5024046406244718,0.0 100.58112848550081,1.5021965057158553,0.0 100.581319257617,1.5020721610186294,0.0 100.58145001530646,1.501902234426368,0.0 100.58162067085505,1.5016967807577133,0.0 100.58175913989544,1.5015493099232617,0.0 100.58190766721964,1.5013927897312858,0.0 100.58201797306538,1.5012459891984409,0.0 100.58211922645569,1.5010720406090656,0.0 100.58219030499458,1.5008712791178247,0.0 100.58224529027939,1.5006892866315473,0.0 100.5822815001011,1.5005136621920967,0.0 100.58229926973581,1.500386300948583,0.0 100.58236565440893,1.5002331322853641,0.0 </coordinates>
               </LinearRing>
            </outerBoundaryIs>
         </Polygon>
      </Placemark>
      <Placemark>
         <description></description>
         <ExtendedData/>
         <name>Polygon</name>
         <Style>
            <LineStyle>
               <color>ff000000</color>
               <width>2.0</width>
            </LineStyle>
            <PolyStyle>
               <color>ffcabc87</color>
            </PolyStyle>
         </Style>
         <Polygon>
            <outerBoundaryIs>
               <LinearRing>
                  <coordinates>100.61096177,1.48543208,0.0 100.61099597,1.48544113,0.0 100.61104375,1.48542579,0.0 100.61122539,1.48536703,0.0 100.61130635,1.48531289,0.0 100.61138632,1.48527735,0.0 100.61153275,1.48524717,0.0 100.61167616,1.48517207,0.0 100.61182142,1.4851134,0.0 100.61186149,1.48506143,0.0 100.61195763,1.48503763,0.0 100.61210163,1.48499413,0.0 100.61218645,1.48493704,0.0 100.61229408,1.48488935,0.0 100.61241604,1.48483168,0.0 100.61250455,1.4848311,0.0 100.61260714,1.48480696,0.0 100.61271066,1.48475717,0.0 100.61286363,1.48473403,0.0 100.61287687,1.48471467,0.0 100.61298693,1.48464108,0.0 100.61308424,1.48457545,0.0 100.61314928,1.48461199,0.0 100.61325825,1.48466648,0.0 100.61338632,1.48475407,0.0 100.61349713,1.48484074,0.0 100.61350409,1.48484686,0.0 100.61355723,1.48495926,0.0 100.61360652,1.48505179,0.0 100.6136522,1.48506537,0.0 100.61378639,1.48523284,0.0 100.61395914,1.48543702,0.0 100.61409736,1.48559209,0.0 100.61422594,1.48577062,0.0 100.61438863,1.48594178,0.0 100.61454923,1.48611847,0.0 100.6147022,1.48623146,0.0 100.61497335,1.48635945,0.0 100.61522389,1.48645048,0.0 100.61545934,1.48654469,0.0 100.61567509,1.48666615,0.0 100.61591598,1.48675885,0.0 100.61610114,1.48694669,0.0 100.61617808,1.48710528,0.0 100.61624665,1.48720318,0.0 100.61632737,1.4872994,0.0 100.61637045,1.48731206,0.0 100.61645326,1.48739856,0.0 100.61651604,1.48748145,0.0 100.61657857,1.48753996,0.0 100.61666147,1.48758262,0.0 100.61669072,1.4876356,0.0 100.61675149,1.48770634,0.0 100.61680815,1.48781287,0.0 100.61685224,1.48788605,0.0 100.61694897,1.48789913,0.0 100.61701066,1.48781723,0.0 100.61711652,1.48779008,0.0 100.61717193,1.48782637,0.0 100.61714837,1.48790005,0.0 100.61719087,1.48797607,0.0 100.61729229,1.48801982,0.0 100.61737586,1.48806752,0.0 100.61744358,1.48813214,0.0 100.61752346,1.48823775,0.0 100.61752547,1.48826307,0.0 100.61752405,1.48827069,0.0 100.6175663,1.48838368,0.0 100.61758113,1.48848837,0.0 100.61755305,1.48848083,0.0 100.61817826,1.48976837,0.0 100.61820743,1.48971238,0.0 100.61846375,1.48929924,0.0 100.61866583,1.48898542,0.0 100.61880388,1.48878828,0.0 100.61894964,1.4885411,0.0 100.61912608,1.48822392,0.0 100.61892207,1.4884183,0.0 100.61890857,1.48839827,0.0 100.61871495,1.48820179,0.0 100.61820717,1.48776677,0.0 100.61770686,1.48724794,0.0 100.61741299,1.48690025,0.0 100.61714653,1.48659482,0.0 100.61694738,1.48638887,0.0 100.61661235,1.48601848,0.0 100.61631412,1.48572218,0.0 100.61579352,1.48528514,0.0 100.61533059,1.48482028,0.0 100.61524006,1.48473085,0.0 100.61492139,1.48441745,0.0 100.61455786,1.48406306,0.0 100.61426709,1.48377489,0.0 100.61409837,1.48343769,0.0 100.61402938,1.48332185,0.0 100.61384624,1.48315975,0.0 100.61373459,1.48319696,0.0 100.61365195,1.48324692,0.0 100.61347207,1.48334272,0.0 100.61334584,1.48340626,0.0 100.61327049,1.48345009,0.0 100.61318306,1.48351178,0.0 100.61301853,1.48360164,0.0 100.61295843,1.48366425,0.0 100.61279758,1.48378428,0.0 100.61270119,1.48386257,0.0 100.6125302,1.48401956,0.0 100.61236759,1.48418158,0.0 100.61235166,1.48421176,0.0 100.61220238,1.48429918,0.0 100.61205997,1.48444888,0.0 100.61191765,1.48453455,0.0 100.61179703,1.48459179,0.0 100.61165244,1.48465399,0.0 100.61152906,1.48479908,0.0 100.61137123,1.48496085,0.0 100.61120544,1.48505556,0.0 100.6110948,1.48516118,0.0 100.61098407,1.48523829,0.0 100.61090369,1.48542227,0.0 100.61096177,1.48543208,0.0 </coordinates>
               </LinearRing>
            </outerBoundaryIs>
         </Polygon>
      </Placemark>
      <Placemark>
         <description></description>
         <ExtendedData/>
         <name>polygon</name>
         <Style>
            <LineStyle>
               <color>ff000000</color>
               <width>2.0</width>
            </LineStyle>
            <PolyStyle>
               <color>e57abe6f</color>
            </PolyStyle>
         </Style>
         <Polygon>
            <outerBoundaryIs>
               <LinearRing>
                  <coordinates>100.62258806079625,1.5287977282434586,0.0 100.62254648655652,1.5285798763237393,0.0 100.62247171998025,1.5282480710496986,0.0 100.6223349273205,1.5282715320303524,0.0 100.62258806079625,1.5287977282434586,0.0 </coordinates>
               </LinearRing>
            </outerBoundaryIs>
         </Polygon>
      </Placemark>
      <Placemark>
         <description></description>
         <ExtendedData/>
         <name>Polygon</name>
         <Style>
            <LineStyle>
               <color>ff000000</color>
               <width>2.0</width>
            </LineStyle>
            <PolyStyle>
               <color>ffcabc87</color>
            </PolyStyle>
         </Style>
         <Polygon>
            <outerBoundaryIs>
               <LinearRing>
                  <coordinates>100.60031868517397,1.5020989738919466,0.0 100.60019362717867,1.5023650916417508,0.0 100.5993577837944,1.5031915981995185,0.0 100.59902150183918,1.5037228279184014,0.0 100.59831641614437,1.50507017337629,0.0 100.59826914221047,1.505239429401076,0.0 100.59815280139448,1.5054137128188163,0.0 100.59807501733302,1.5057361371049263,0.0 100.59803310781717,1.505855454188315,0.0 100.59790268540381,1.5059472881188276,0.0 100.59785809367897,1.5061389998153323,0.0 100.59773404151203,1.5065177309144309,0.0 100.59755098074675,1.5068009412950567,0.0 100.59754393994808,1.5069058464326297,0.0 100.5974517390132,1.5071632494324678,0.0 100.59674128890038,1.5071994467268826,0.0 100.59641439467669,1.5070858274396286,0.0 100.5966467410326,1.506682294583883,0.0 100.59692837297916,1.50619329578224,0.0 100.59720531105995,1.505689549814979,0.0 100.59752482920885,1.5051167606794684,0.0 100.59832211583854,1.5035810549524486,0.0 100.59894137084484,1.5028048226635613,0.0 100.5997171998024,1.5018713996192556,0.0 100.6006019935012,1.5009674703521587,0.0 100.60162927955389,1.499855740741168,0.0 100.6022984907031,1.4987641202509905,0.0 100.60243662446737,1.4985804517821995,0.0 100.60285907238722,1.498380025223862,0.0 100.60305252671242,1.498721219588118,0.0 100.60329895466568,1.4991559239221544,0.0 100.60294087976216,1.4992521152319056,0.0 100.60260158032179,1.4994069597704152,0.0 100.60221936553717,1.4998808778353996,0.0 100.60198366641998,1.5003527848306335,0.0 100.60149852186441,1.5009899261449295,0.0 100.60145661234854,1.5011089083266604,0.0 100.60131043195724,1.5011963853631853,0.0 100.60031868517397,1.5020989738919466,0.0 </coordinates>
               </LinearRing>
            </outerBoundaryIs>
         </Polygon>
      </Placemark>
      <Placemark>
         <description></description>
         <ExtendedData/>
         <name>polygon</name>
         <Style>
            <LineStyle>
               <color>ff000000</color>
               <width>2.0</width>
            </LineStyle>
            <PolyStyle>
               <color>ff756d4e</color>
            </PolyStyle>
         </Style>
         <Polygon>
            <outerBoundaryIs>
               <LinearRing>
                  <coordinates>100.60650688,1.50188374,0.0 100.60655616223812,1.5017453790986965,0.0 100.60659874230623,1.501593216013653,0.0 100.60661818832159,1.5015372441272832,0.0 100.606657,1.50155895,0.0 100.60676445,1.50160815,0.0 100.60689479,1.50164008,0.0 100.60702614,1.50166707,0.0 100.60715396,1.50168752,0.0 100.60726083,1.50171644,0.0 100.60732805,1.50176598,0.0 100.60733115,1.50184938,0.0 100.60737399,1.50193169,0.0 100.60736929,1.50204275,0.0 100.60738656,1.5021487,0.0 100.60738404,1.50224408,0.0 100.60738404,1.50224408,0.0 100.60742629,1.50237735,0.0 100.60739184,1.50249529,0.0 100.60742629,1.50263283,0.0 100.60747222,1.50272219,0.0 100.60752737,1.50280349,0.0 100.60752897,1.50289686,0.0 100.60752033,1.50299728,0.0 100.60753475,1.50312753,0.0 100.60759543,1.5032396,0.0 100.60761723,1.50335527,0.0 100.60760767,1.50344487,0.0 100.60763265,1.50352635,0.0 100.60769719,1.50363615,0.0 100.60773382,1.50372516,0.0 100.60780456,1.50381929,0.0 100.60781714,1.50384838,0.0 100.60785779,1.50396262,0.0 100.60792652,1.50402289,0.0 100.60800104,1.50408902,0.0 100.60801746,1.50409657,0.0 100.60810455,1.50410453,0.0 100.60821209,1.50410688,0.0 100.6082675,1.50410964,0.0 100.60831779,1.50409288,0.0 100.60842432,1.50412867,0.0 100.60848299,1.50419363,0.0 100.60850018,1.50425029,0.0 100.60848517,1.50434383,0.0 100.60842893,1.50442363,0.0 100.60843078,1.50449496,0.0 100.6084229,1.50459479,0.0 100.60845005,1.50466402,0.0 100.60843932,1.50474826,0.0 100.60844586,1.50481422,0.0 100.60844586,1.50481422,0.0 100.60851032,1.50488807,0.0 100.60856178,1.50495806,0.0 100.6085674,1.50502805,0.0 100.60856824,1.50511329,0.0 100.60857763,1.50519057,0.0 100.60856589,1.50534438,0.0 100.6086073,1.50545259,0.0 100.60869707,1.50549383,0.0 100.60874979,1.50553775,0.0 100.60877259,1.50554697,0.0 100.60880402,1.50562593,0.0 100.60881626,1.50568267,0.0 100.60885515,1.50579088,0.0 100.60891517,1.50587378,0.0 100.60896613,1.50593212,0.0 100.6089813,1.50592667,0.0 100.60909194,1.50594235,0.0 100.60916847,1.50598392,0.0 100.60918246,1.50608014,0.0 100.60920283,1.5061301,0.0 100.60922605,1.50620939,0.0 100.60930803,1.50632347,0.0 100.60935346,1.50643394,0.0 100.60940056,1.50650385,0.0 100.60946678,1.50656319,0.0 100.60948329,1.50656747,0.0 100.60951774,1.50660426,0.0 100.60952453,1.5067165,0.0 100.60955898,1.50681557,0.0 100.60962352,1.50686913,0.0 100.60966744,1.50695672,0.0 100.60971983,1.50700936,0.0 100.60978546,1.50702529,0.0 100.60981563,1.50712453,0.0 100.60984128,1.50717733,0.0 100.60984396,1.50718337,0.0 100.60990683,1.50721983,0.0 100.61002267,1.50726107,0.0 100.61002267,1.50726107,0.0 100.61010389,1.50726518,0.0 100.61020489,1.50728035,0.0 100.6102727,1.50725219,0.0 100.61035073,1.50725269,0.0 100.61044084,1.50722436,0.0 100.61054427,1.50716116,0.0 100.61061845,1.50710433,0.0 100.61061845,1.50710433,0.0 100.61070344,1.50711573,0.0 100.6107529,1.50714615,0.0 100.61074854,1.50723098,0.0 100.61072926,1.50730088,0.0 100.61070898,1.50740147,0.0 100.61074443,1.50747355,0.0 100.61074393,1.50754924,0.0 100.61071342,1.50765644,0.0 100.61072515,1.50771269,0.0 100.61072926,1.50778569,0.0 100.61072993,1.50791788,0.0 100.61072993,1.50791788,0.0 100.61072574,1.50804226,0.0 100.61079313,1.50810186,0.0 100.61088022,1.50815986,0.0 100.61093755,1.50825399,0.0 100.61101969,1.50829229,0.0 100.6111093,1.5083415,0.0 100.61117912,1.5083731,0.0 100.61128599,1.50839774,0.0 100.61134139,1.50838005,0.0 100.61137257,1.50845096,0.0 100.61138062,1.50852908,0.0 100.61138062,1.50852908,0.0 100.61138456,1.50855364,0.0 100.61138188,1.50866043,0.0 100.61128632,1.50871156,0.0 100.61124248,1.50875573,0.0 100.61119999,1.50882899,0.0 100.6111005,1.50888557,0.0 100.61108432,1.50897249,0.0 100.61106848,1.50905698,0.0 100.61106848,1.50905698,0.0 100.61108222,1.50909914,0.0 100.61112237,1.50920366,0.0 100.61112908,1.50922227,0.0 100.61115414,1.50930508,0.0 100.61118716,1.50931053,0.0 100.61129479,1.50929963,0.0 100.6113911,1.50927734,0.0 100.61149478,1.50928698,0.0 100.61149478,1.50928698,0.0 100.61159729,1.50930885,0.0 100.61161079,1.50933433,0.0 100.61160198,1.5094578,0.0 100.61159402132034,1.509640751749362,0.0 100.61157893389463,1.509722865887682,0.0 100.61155378818512,1.5097898978350413,0.0 100.61152629554272,1.50989111607163,0.0 100.61149444431067,1.5099702137631628,0.0 100.61142135411501,1.5099346868342711,0.0 100.61106018,1.50972644,0.0 100.61106018,1.50972644,0.0 100.61055173,1.50943928,0.0 100.61029483,1.50925479,0.0 100.61002065,1.50905639,0.0 100.60959712,1.50873989,0.0 100.60935262,1.50859245,0.0 100.60890536,1.50820713,0.0 100.60848098,1.50787337,0.0 100.60837428,1.50778133,0.0 100.60800925,1.50748545,0.0 100.60781328,1.5073117,0.0 100.60740919,1.50707055,0.0 100.60698138,1.50688808,0.0 100.60686294,1.5068258,0.0 100.60655323,1.50666872,0.0 100.60602534,1.50635079,0.0 100.6056676,1.5062099,0.0 100.60567162,1.5061125,0.0 100.60571956,1.50608048,0.0 100.60577405,1.50602558,0.0 100.60580498,1.5059374,0.0 100.60585024,1.50585215,0.0 100.60592333,1.50576507,0.0 100.60602726,1.50572106,0.0 100.60609709,1.50568477,0.0 100.60615542,1.50564018,0.0 100.6062286,1.50568192,0.0 100.60628383,1.50572886,0.0 100.60631359,1.50582014,0.0 100.60640738,1.50585006,0.0 100.60650445,1.50580899,0.0 100.60657762,1.50588996,0.0 100.60666772,1.50595995,0.0 100.60671249,1.5060436,0.0 100.60679899,1.50610177,0.0 100.60689362,1.50616245,0.0 100.60700384,1.50615499,0.0 100.60709453,1.50612247,0.0 100.60709872,1.50600269,0.0 100.60706805,1.50587034,0.0 100.60708439,1.50580664,0.0 100.60711674,1.50574026,0.0 100.60716234,1.50565996,0.0 100.60719143,1.50562274,0.0 100.60720475,1.50552593,0.0 100.60726955,1.50539995,0.0 100.60726955,1.50539995,0.0 100.60711934,1.50529342,0.0 100.60710073,1.50528772,0.0 100.60707886,1.50518906,0.0 100.60706067,1.50516777,0.0 100.60699613,1.50509477,0.0 100.60696344,1.50504858,0.0 100.60690896,1.50495018,0.0 100.60684173,1.50486527,0.0 100.60685338,1.50479428,0.0 100.60686914,1.50465748,0.0 100.60679865,1.50457878,0.0 100.60676278,1.50453997,0.0 100.60675129,1.50453452,0.0 100.60666052,1.50450175,0.0 100.60663353,1.50447736,0.0 100.60654786,1.50442036,0.0 100.60649112,1.50443276,0.0 100.60647343,1.50432397,0.0 100.60648173,1.50424275,0.0 100.60645214,1.50417016,0.0 100.60643295,1.50405792,0.0 100.60642926,1.50404552,0.0 100.60647092,1.50394837,0.0 100.60654166,1.50385408,0.0 100.60653906,1.50381527,0.0 100.60657368,1.50372852,0.0 100.60659816,1.50361964,0.0 100.6066259,1.50355627,0.0 100.60659195,1.50346004,0.0 100.60661308,1.50337765,0.0 100.6066368,1.50333758,0.0 100.60658952,1.50330456,0.0 100.60654728,1.50324773,0.0 100.60649967,1.50323809,0.0 100.60639649,1.50317925,0.0 100.60630613,1.50320792,0.0 100.60620697,1.50318453,0.0 100.60613673,1.50315486,0.0 100.60610253,1.50315855,0.0 100.60606616,1.50310784,0.0 100.60605626553297,1.503069264523546,0.0 100.60608007013798,1.5030186552473752,0.0 100.60613078,1.50293794,0.0 100.60620555,1.50282302,0.0 100.60626154,1.5027159,0.0 100.60631678,1.50256293,0.0 100.60634628,1.50241474,0.0 100.60636849,1.50238263,0.0 100.60639917,1.50230787,0.0 100.60641853,1.50220058,0.0 100.60642264,1.50218055,0.0 100.6064485386014,1.5021435502931042,0.0 100.60646664351225,1.5021321548222175,0.0 100.6064773723483,1.502116402259436,0.0 100.60650285333395,1.5021023255010952,0.0 100.60650084,1.50201484,0.0 100.60650688,1.50188374,0.0 100.60650688,1.50188374,0.0 </coordinates>
               </LinearRing>
            </outerBoundaryIs>
         </Polygon>
      </Placemark>
      <Placemark>
         <description></description>
         <ExtendedData/>
         <name>Polygon</name>
         <Style>
            <LineStyle>
               <color>ff000000</color>
               <width>2.0</width>
            </LineStyle>
            <PolyStyle>
               <color>ffcabc87</color>
            </PolyStyle>
         </Style>
         <Polygon>
            <outerBoundaryIs>
               <LinearRing>
                  <coordinates>100.60726955,1.50539995,0.0 100.60720475,1.50552593,0.0 100.60719143,1.50562274,0.0 100.60716234,1.50565996,0.0 100.60711674,1.50574026,0.0 100.60708439,1.50580664,0.0 100.60706805,1.50587034,0.0 100.60709872,1.50600269,0.0 100.60709453,1.50612247,0.0 100.60700384,1.50615499,0.0 100.60689362,1.50616245,0.0 100.60679899,1.50610177,0.0 100.60671249,1.5060436,0.0 100.60666772,1.50595995,0.0 100.60657762,1.50588996,0.0 100.60650445,1.50580899,0.0 100.60641459,1.50584537,0.0 100.60640738,1.50585006,0.0 100.60631359,1.50582014,0.0 100.60628383,1.50572886,0.0 100.6062286,1.50568192,0.0 100.60615542,1.50564018,0.0 100.60614997,1.50564512,0.0 100.60609709,1.50568477,0.0 100.60602726,1.50572106,0.0 100.60592333,1.50576507,0.0 100.60585024,1.50585215,0.0 100.60580498,1.5059374,0.0 100.60577405,1.50602558,0.0 100.60571956,1.50608048,0.0 100.60567162,1.5061125,0.0 100.60524138,1.50595634,0.0 100.6052418,1.50595634,0.0 100.60523953,1.50587948,0.0 100.60521673,1.50554328,0.0 100.6052216,1.50542342,0.0 100.60525663,1.5048501,0.0 100.60533483,1.50444224,0.0 100.60533584,1.50442254,0.0 100.60540466,1.50434425,0.0 100.60547439,1.50426068,0.0 100.60553148,1.50417636,0.0 100.60554178,1.50414409,0.0 100.60557598,1.50408223,0.0 100.60560633,1.50394393,0.0 100.60561026,1.50389699,0.0 100.60564463,1.50377763,0.0 100.60570356,1.50372047,0.0 100.60576684,1.50358778,0.0 100.60582174,1.50347044,0.0 100.60585376,1.50342216,0.0 100.60591017,1.50330883,0.0 100.60596314,1.50319048,0.0 100.60605073,1.50306945,0.0 100.60606616,1.50310784,0.0 100.60610253,1.50315855,0.0 100.60613673,1.50315486,0.0 100.60620697,1.50318453,0.0 100.60630613,1.50320792,0.0 100.60639649,1.50317925,0.0 100.60649967,1.50323809,0.0 100.60654728,1.50324773,0.0 100.60658952,1.50330456,0.0 100.6066368,1.50333758,0.0 100.60661308,1.50337765,0.0 100.60659195,1.50346004,0.0 100.6066259,1.50355627,0.0 100.60659816,1.50361964,0.0 100.60657368,1.50372852,0.0 100.60653906,1.50381527,0.0 100.60654166,1.50385408,0.0 100.60647092,1.50394837,0.0 100.60642926,1.50404552,0.0 100.60643295,1.50405792,0.0 100.60645214,1.50417016,0.0 100.60648173,1.50424275,0.0 100.60647343,1.50432397,0.0 100.60649112,1.50443276,0.0 100.60654786,1.50442036,0.0 100.60663353,1.50447736,0.0 100.60666052,1.50450175,0.0 100.60675129,1.50453452,0.0 100.60676278,1.50453997,0.0 100.60679865,1.50457878,0.0 100.60686914,1.50465748,0.0 100.60685338,1.50479428,0.0 100.60684173,1.50486527,0.0 100.60690896,1.50495018,0.0 100.60696344,1.50504858,0.0 100.60699613,1.50509477,0.0 100.60706067,1.50516777,0.0 100.60707886,1.50518906,0.0 100.60710073,1.50528772,0.0 100.60711934,1.50529342,0.0 100.60726955,1.50539995,0.0 100.60726955,1.50539995,0.0 </coordinates>
               </LinearRing>
            </outerBoundaryIs>
         </Polygon>
      </Placemark>
      <Placemark>
         <description></description>
         <ExtendedData/>
         <name>Polygon</name>
         <Style>
            <LineStyle>
               <color>ff000000</color>
               <width>2.0</width>
            </LineStyle>
            <PolyStyle>
               <color>ffcabc87</color>
            </PolyStyle>
         </Style>
         <Polygon>
            <outerBoundaryIs>
               <LinearRing>
                  <coordinates>100.62045335769653,1.476965783502821,0.0 100.62144988,1.47699184,0.0 100.62151476,1.47698748,0.0 100.62193075,1.47699175,0.0 100.6221657,1.47697575,0.0 100.62231523,1.47697859,0.0 100.62270667,1.47697533,0.0 100.62280985,1.47711145,0.0 100.62248999,1.47758142,0.0 100.62242403,1.47765166,0.0 100.62228472,1.47782114,0.0 100.62225396,1.47787202,0.0 100.62205439,1.4782938,0.0 100.62196645885707,1.478617474714566,0.0 100.62183469533919,1.4790769851802041,0.0 100.62181055545807,1.4793404243976782,0.0 100.62171500176191,1.479565990013235,0.0 100.62169186770917,1.4797013964044232,0.0 100.62166437506677,1.4798317753227745,0.0 100.62161316,1.4800105,0.0 100.62136128544807,1.4801954285635526,0.0 100.62121510505676,1.4803204448251797,0.0 100.6201395392418,1.4804783071722758,0.0 100.61950620263814,1.4806961638961083,0.0 100.61937989,1.48034879,0.0 100.61921845,1.48014402,0.0 100.61908174306154,1.4799735498191338,0.0 100.61897210776806,1.4798797038178357,0.0 100.6187515,1.47968989,0.0 100.61835017,1.47938504,0.0 100.61890572309494,1.4788058371488915,0.0 100.61966747045518,1.4778978764419577,0.0 100.62045335769653,1.476965783502821,0.0 </coordinates>
               </LinearRing>
            </outerBoundaryIs>
         </Polygon>
      </Placemark>
      <Placemark>
         <description></description>
         <ExtendedData/>
         <name>Polygon</name>
         <Style>
            <LineStyle>
               <color>ff000000</color>
               <width>2.0</width>
            </LineStyle>
            <PolyStyle>
               <color>ffcabc87</color>
            </PolyStyle>
         </Style>
         <Polygon>
            <outerBoundaryIs>
               <LinearRing>
                  <coordinates>100.61832737177612,1.479390363889579,0.0 100.61799343675375,1.4792425563968874,0.0 100.61771750450134,1.4790880456060032,0.0 100.61743419617413,1.4789546501639967,0.0 100.61685986816883,1.4786285351426423,0.0 100.6166459619999,1.4784130243673939,0.0 100.61685752123594,1.4783949254832924,0.0 100.61733461916447,1.4776659425288827,0.0 100.61754282563925,1.47757980521686,0.0 100.61779964715242,1.477746382039046,0.0 100.61797499656679,1.4781650026094983,0.0 100.6184732168913,1.478271920100417,0.0 100.61870723962784,1.478015519212293,0.0 100.61858251690866,1.47780101387137,0.0 100.61860833317041,1.4774517723188718,0.0 100.61844740062952,1.4769272395576827,0.0 100.61814498156309,1.4767395472935811,0.0 100.61789453029634,1.4767177615833278,0.0 100.61790257692336,1.4766205637965129,0.0 100.61810005456209,1.4764231517267714,0.0 100.6183223426342,1.4761463055688644,0.0 100.61875585466625,1.4755265856546202,0.0 100.61910152435301,1.4751036074420372,0.0 100.61927653849126,1.474939711742158,0.0 100.61969295144081,1.474423222351337,0.0 100.62034841626883,1.474552596084108,0.0 100.62059819698335,1.4744124970674548,0.0 100.62069676816463,1.4742767551888396,0.0 100.62075108289719,1.4739563372894822,0.0 100.62079735100268,1.473597375341173,0.0 100.62064949423075,1.4732679078811175,0.0 100.62060356140137,1.473149259363745,0.0 100.62055226415396,1.4730658031994224,0.0 100.62048386782408,1.4730510559250802,0.0 100.62054790556432,1.472435021968824,0.0 100.62063373625277,1.4725878573949602,0.0 100.62103472650051,1.4726736597348697,0.0 100.62116883695127,1.4726763410579458,0.0 100.62132876366377,1.4728275006407365,0.0 100.62144711613655,1.4730202207147882,0.0 100.62161307781935,1.4731207703120046,0.0 100.62174081802367,1.473180094572256,0.0 100.62214985489847,1.473203891308966,0.0 100.62167007476091,1.4741447001187438,0.0 100.62158759683372,1.4747312390757967,0.0 100.6214715912938,1.4752272833302529,0.0 100.62120370566845,1.475851360471667,0.0 100.62058445066214,1.4766956407080793,0.0 100.62023274600504,1.4771625251949532,0.0 100.61973821371794,1.4777567721422338,0.0 100.61913941055536,1.4784411781868132,0.0 100.61869081109762,1.4789962105538232,0.0 100.61832737177612,1.479390363889579,0.0 </coordinates>
               </LinearRing>
            </outerBoundaryIs>
         </Polygon>
      </Placemark>
      <Placemark>
         <description></description>
         <ExtendedData/>
         <name></name>
         <Style>
            <LineStyle>
               <color>ff000000</color>
               <width>2.0</width>
            </LineStyle>
            <PolyStyle>
               <color>ffcabc87</color>
            </PolyStyle>
         </Style>
         <Polygon>
            <outerBoundaryIs>
               <LinearRing>
                  <coordinates>100.62076617032288,1.4723311206862908,0.0 100.62055326998234,1.4724289889912572,0.0 100.62063474208117,1.4725865167333776,0.0 100.62103942036629,1.4726676267579517,0.0 100.62116615474224,1.4726739949002463,0.0 100.62131971120836,1.4728077258843595,0.0 100.62144309282303,1.4730078195974714,0.0 100.62161274254323,1.4731130615097179,0.0 100.62174283,1.47317346,0.0 100.62211565673351,1.4731935011845192,0.0 100.62221892178059,1.4728982205306989,0.0 100.62237314879894,1.4725633903208686,0.0 100.62234196811914,1.4724437362697211,0.0 100.62220651656389,1.4723555877629395,0.0 100.62168415635824,1.4722657634254583,0.0 100.62137100845575,1.4722543678002893,0.0 100.62092140316963,1.4722768238851238,0.0 100.62076617032288,1.4723311206862908,0.0 </coordinates>
               </LinearRing>
            </outerBoundaryIs>
         </Polygon>
      </Placemark>
      <Placemark>
         <description></description>
         <ExtendedData/>
         <name>Poligon</name>
         <Style>
            <LineStyle>
               <color>ff000000</color>
               <width>2.0</width>
            </LineStyle>
            <PolyStyle>
               <color>ef28a451</color>
            </PolyStyle>
         </Style>
         <Polygon>
            <outerBoundaryIs>
               <LinearRing>
                  <coordinates>100.56005035,1.52150905,0.0 100.56006585,1.52150855,0.0 100.56003794,1.52154844,0.0 100.56002235,1.52158784,0.0 100.55996963,1.5216875,0.0 100.55993183,1.52176696,0.0 100.55992068,1.52181784,0.0 100.5598755,1.52193678,0.0 100.55987843,1.52194189,0.0 100.55988698,1.52195262,0.0 100.55988556,1.522004,0.0 100.55987198,1.52217373,0.0 100.55986645,1.52269349,0.0 100.56017088,1.52297169,0.0 100.56024347,1.52304813,0.0 100.56024816,1.52305643,0.0 100.56028353,1.52317973,0.0 100.56037288,1.52320018,0.0 100.56039183,1.52319515,0.0 100.56098627,1.52291117,0.0 100.56122892,1.52277916,0.0 100.56130277,1.52274337,0.0 100.56133982,1.52270322,0.0 100.56140964,1.52269157,0.0 100.56147502,1.52264496,0.0 100.56155523,1.52258838,0.0 100.56177132,1.52242242,0.0 100.56204306,1.52225805,0.0 100.56237532,1.52206938,0.0 100.56275058,1.52186813,0.0 100.56290422,1.52178624,0.0 100.56304763,1.52168926,0.0 100.56339816,1.52152833,0.0 100.56375188,1.52134418,0.0 100.56424222,1.52121878,0.0 100.56445269,1.52124125,0.0 100.56491948,1.52125047,0.0 100.56503766,1.52124074,0.0 100.56503372,1.5212415,0.0 100.56507094,1.52125684,0.0 100.56507748,1.52127435,0.0 100.56506876,1.52131819,0.0 100.56506658,1.52146932,0.0 100.56506658,1.5214715,0.0 100.56507312,1.52161826,0.0 100.56507152,1.52169814,0.0 100.56506499,1.52246065,0.0 100.56503347,1.52267153,0.0 100.56503347,1.52267153,0.0 100.56141844,1.52511184,0.0 100.56140042,1.5251157,0.0 100.55652249,1.52730128,0.0 100.55652366,1.52729843,0.0 100.55652383,1.52729826,0.0 100.55613105,1.52494772,0.0 100.55554717,1.52522122,0.0 100.55571028,1.52314419,0.0 100.55999536,1.52147166,0.0 100.56005035,1.52150905,0.0 </coordinates>
               </LinearRing>
            </outerBoundaryIs>
         </Polygon>
      </Placemark>
      <Placemark>
         <description></description>
         <ExtendedData/>
         <name>Polygon</name>
         <Style>
            <LineStyle>
               <color>ff000000</color>
               <width>2.0</width>
            </LineStyle>
            <PolyStyle>
               <color>ffbbae7d</color>
            </PolyStyle>
         </Style>
         <Polygon>
            <outerBoundaryIs>
               <LinearRing>
                  <coordinates>100.62037876,1.48468777,0.0 100.62070113,1.48457528,0.0 100.62091168,1.48429172,0.0 100.62108074,1.4840831,0.0 100.62129566,1.48377414,0.0 100.62132432,1.48373089,0.0 100.62149188,1.48344465,0.0 100.62173822,1.48298398,0.0 100.62222236,1.48214646,0.0 100.62235815,1.4819235,0.0 100.62241799,1.48179928,0.0 100.6223237,1.48172535,0.0 100.62156354,1.48174027,0.0 100.62136984,1.48175477,0.0 100.62107714,1.48175963,0.0 100.62092375,1.48176416,0.0 100.62075276,1.48176969,0.0 100.62047389,1.48177246,0.0 100.61993879,1.48179534,0.0 100.6195223,1.48163265,0.0 100.61938047,1.48154849,0.0 100.61926858,1.48148102,0.0 100.61919188,1.48142645,0.0 100.61909398,1.48136837,0.0 100.61903983,1.48133325,0.0 100.61869978,1.48112495,0.0 100.61860993,1.48106955,0.0 100.61854748,1.48106645,0.0 100.61825973,1.48111154,0.0 100.61808832,1.48113476,0.0 100.61798564,1.48113686,0.0 100.61771683,1.48117726,0.0 100.61751466,1.48120668,0.0 100.61731165,1.48125236,0.0 100.6170343,1.48144615,0.0 100.61662635,1.48189969,0.0 100.61641923,1.48217948,0.0 100.61637883,1.48223564,0.0 100.61641689,1.48244494,0.0 100.61658033,1.48273403,0.0 100.61616107,1.48297316,0.0 100.61542128,1.48319822,0.0 100.61542128,1.48319822,0.0 100.61577626,1.48371924,0.0 100.61592478,1.48393767,0.0 100.61600818,1.48398243,0.0 100.6164878,1.48406549,0.0 100.61653356,1.48407388,0.0 100.61687009,1.48409734,0.0 100.61704972,1.48412073,0.0 100.61709196,1.48412777,0.0 100.61759806,1.48419198,0.0 100.617731,1.48422106,0.0 100.61778473,1.48423699,0.0 100.61809293,1.48428435,0.0 100.61854865,1.48436875,0.0 100.61854865,1.48436875,0.0 100.61882249,1.48444804,0.0 100.61908266,1.48446967,0.0 100.61983058,1.48460235,0.0 100.62037876,1.48468777,0.0 100.62037876,1.48468777,0.0 </coordinates>
               </LinearRing>
            </outerBoundaryIs>
         </Polygon>
      </Placemark>
      <Placemark>
         <description></description>
         <ExtendedData/>
         <name>polygon</name>
         <Style>
            <LineStyle>
               <color>ff000000</color>
               <width>2.0</width>
            </LineStyle>
            <PolyStyle>
               <color>ff918761</color>
            </PolyStyle>
         </Style>
         <Polygon>
            <outerBoundaryIs>
               <LinearRing>
                  <coordinates>100.61525087803602,1.4949801444923636,0.0 100.6152880936861,1.4948782552408588,0.0 100.6153631955385,1.494779382442948,0.0 100.61541315168142,1.4947022951736681,0.0 100.61544869095087,1.494645987949205,0.0 100.61573535203932,1.4941509535385058,0.0 100.61596166342497,1.4937862971104772,0.0 100.61596434563398,1.4937480886209347,0.0 100.61595093458891,1.4936937923451954,0.0 100.61592545360328,1.4936686551800626,0.0 100.61542916,1.49344845,0.0 100.61534224,1.49340746,0.0 100.61466582,1.49306908,0.0 100.61453104,1.49300345,0.0 100.61448318,1.49298225,0.0 100.61393048,1.49268737,0.0 100.6136351,1.49251982,0.0 100.61297553,1.49219167,0.0 100.61236649751663,1.4918591136964647,0.0 100.61232123523949,1.4918825750699298,0.0 100.61224780976772,1.4919365362279118,0.0 100.61209727078676,1.4921858970899233,0.0 100.61198730021717,1.492315604946503,0.0 100.6120402738452,1.4924107910689182,0.0 100.6120865419507,1.4924560379918788,0.0 100.6122612208128,1.4926420531097906,0.0 100.61242584139109,1.492818013341963,0.0 100.61284560710192,1.4932081422636505,0.0 100.61304140836,1.493426668055518,0.0 100.61330694705248,1.4936656387202223,0.0 100.61362277716397,1.4938479669518188,0.0 100.61393391340971,1.4940155480337,0.0 100.61434764415026,1.494114420865999,0.0 100.61479691416025,1.4942890403318725,0.0 100.61504904180765,1.4945953784783461,0.0 100.61513688415288,1.4947488826976025,0.0 100.6152143329382,1.4949838312744204,0.0 100.61522640287876,1.4950250562004197,0.0 100.61525087803602,1.4949801444923636,0.0 </coordinates>
               </LinearRing>
            </outerBoundaryIs>
         </Polygon>
      </Placemark>
      <Placemark>
         <description>Polygon</description>
         <ExtendedData/>
         <name>polygon</name>
         <Style>
            <LineStyle>
               <color>ff000000</color>
               <width>2.0</width>
            </LineStyle>
            <PolyStyle>
               <color>ffcabc87</color>
            </PolyStyle>
         </Style>
         <Polygon>
            <outerBoundaryIs>
               <LinearRing>
                  <coordinates>100.61130333691835,1.4913171558999898,0.0 100.6118642538786,1.4916265109232363,0.0 100.61206005513667,1.491729740975479,0.0 100.61231318861246,1.4918651466210817,0.0 100.61224680393934,1.4919201132669366,0.0 100.6121438741684,1.4920642331244955,0.0 100.61204127967358,1.49221572654599,0.0 100.61197187751532,1.4922901326031697,0.0 100.61188302934171,1.4923333685541629,0.0 100.61175495386124,1.4924201756159914,0.0 100.61166912317276,1.4925415043993508,0.0 100.61153937131166,1.492730200808813,0.0 100.61124231666327,1.4931471427289154,0.0 100.61120208352804,1.4931900435007919,0.0 100.61116822063923,1.4932044554786421,0.0 100.61112597584724,1.4932064664522888,0.0 100.61110351234674,1.4931846809043454,0.0 100.61101701110601,1.4930821212449783,0.0 100.61091240495445,1.4929641441145574,0.0 100.61080746352673,1.4928414747051992,0.0 100.61072196811438,1.4927369040557357,0.0 100.61067704111336,1.4925535702448571,0.0 100.61071861535311,1.4924329117869328,0.0 100.61078533530235,1.4922683470461553,0.0 100.61086747795343,1.4921248975268302,0.0 100.61096135526896,1.491896651893879,0.0 100.6112741678953,1.491378490648026,0.0 100.61130333691835,1.4913171558999898,0.0 </coordinates>
               </LinearRing>
            </outerBoundaryIs>
         </Polygon>
      </Placemark>
      <Placemark>
         <description></description>
         <ExtendedData/>
         <name>Polygon</name>
         <Style>
            <LineStyle>
               <color>ff000000</color>
               <width>2.0</width>
            </LineStyle>
            <PolyStyle>
               <color>ff918761</color>
            </PolyStyle>
         </Style>
         <Polygon>
            <outerBoundaryIs>
               <LinearRing>
                  <coordinates>100.61153334,1.50454273,0.0 100.61157742,1.50456587,0.0 100.61166384,1.50460258,0.0 100.61167776,1.50459487,0.0 100.61195872,1.50433805,0.0 100.61200574,1.50424819,0.0 100.61204296,1.50414736,0.0 100.61208344,1.50405424,0.0 100.61209459,1.50391719,0.0 100.61214832,1.50378803,0.0 100.61224463,1.50365375,0.0 100.61227019,1.50356498,0.0 100.61232903,1.50344772,0.0 100.61236935,1.50331546,0.0 100.61254847,1.50303198,0.0 100.61270077,1.50287474,0.0 100.61289112,1.50282679,0.0 100.61300403,1.50278748,0.0 100.61315138,1.50271917,0.0 100.61321089,1.50268748,0.0 100.61338347,1.50264608,0.0 100.61352228,1.50260484,0.0 100.61367994,1.50257684,0.0 100.61381229,1.50254876,0.0 100.61385135,1.50254306,0.0 100.61383274,1.50243452,0.0 100.61380626,1.50228968,0.0 100.61375555,1.50216118,0.0 100.61370249,1.50207133,0.0 100.61361372,1.50195038,0.0 100.61351934,1.50182759,0.0 100.61347928,1.501683,0.0 100.61348079,1.50156515,0.0 100.61350836,1.50142819,0.0 100.61355983,1.5012629,0.0 100.61360434,1.50109584,0.0 100.61367894,1.50081212,0.0 100.61372512,1.50067055,0.0 100.6137382,1.50053669,0.0 100.61380215,1.50039839,0.0 100.61381925,1.50034072,0.0 100.61389226,1.49993202,0.0 100.61398094,1.49979078,0.0 100.61404883,1.49963396,0.0 100.61410415,1.49948786,0.0 100.61414237,1.4993188,0.0 100.61420306,1.49917253,0.0 100.61421018,1.49904328,0.0 100.61421974,1.49892535,0.0 100.61422259,1.49882066,0.0 100.61440866,1.49870524,0.0 100.61444303,1.49866836,0.0 100.61463229,1.49852185,0.0 100.61471477,1.49840182,0.0 100.61479147,1.49830014,0.0 100.61486439,1.49821926,0.0 100.61495693,1.49809496,0.0 100.61507955,1.49792824,0.0 100.6151969,1.49778457,0.0 100.6152741,1.49767737,0.0 100.61664722,1.49944704,0.0 100.61665585,1.49945022,0.0 100.61714997,1.49997233,0.0 100.61769504,1.50063124,0.0 100.61772832,1.5006734,0.0 100.61821824,1.50128343,0.0 100.61869584,1.50185709,0.0 100.61898929,1.50220678,0.0 100.61931459,1.50261238,0.0 100.61952146,1.50285856,0.0 100.61958348,1.50292863,0.0 100.61961567,1.50296669,0.0 100.62012244,1.50351645,0.0 100.62063508,1.50407528,0.0 100.62074019,1.50420134,0.0 100.62074186,1.50420855,0.0 100.62063072,1.50454055,0.0 100.62049636,1.50480936,0.0 100.62037113,1.50522946,0.0 100.62025814,1.50549358,0.0 100.62017567,1.50564697,0.0 100.61996922,1.50614879,0.0 100.61967703,1.50688615,0.0 100.61947846,1.50735796,0.0 100.61943487,1.50739912,0.0 100.6194337,1.50739778,0.0 100.61897638,1.50705538,0.0 100.61850348,1.50666696,0.0 100.61829804,1.5065041,0.0 100.61814968,1.50637753,0.0 100.61782136,1.50608459,0.0 100.61731643,1.50568385,0.0 100.61691117,1.50537397,0.0 100.61656416,1.50507985,0.0 100.61612955,1.50473787,0.0 100.61576754,1.50445783,0.0 100.61535129,1.50412766,0.0 100.61511895,1.50392566,0.0 100.61493002,1.5037426,0.0 100.6148488,1.50379155,0.0 100.61474763,1.50389104,0.0 100.61449776,1.5041052,0.0 100.61438595,1.50431098,0.0 100.61435385,1.50438993,0.0 100.61432493,1.50446822,0.0 100.61422007,1.50484306,0.0 100.61422795,1.50509242,0.0 100.61422284,1.50517599,0.0 100.61425419,1.50557463,0.0 100.61411873,1.50704616,0.0 100.61404497,1.50764923,0.0 100.61319463,1.50718186,0.0 100.61238133,1.50689989,0.0 100.61226977,1.50686578,0.0 100.61064276,1.50557824,0.0 100.61067637,1.50549198,0.0 100.61069439,1.50410168,0.0 100.61121097,1.50434886,0.0 100.61153334,1.50454273,0.0 100.61153334,1.50454273,0.0 </coordinates>
               </LinearRing>
            </outerBoundaryIs>
         </Polygon>
      </Placemark>
      <Placemark>
         <description></description>
         <ExtendedData/>
         <name>polygon</name>
         <Style>
            <LineStyle>
               <color>ff000000</color>
               <width>2.0</width>
            </LineStyle>
            <PolyStyle>
               <color>ffbbae7d</color>
            </PolyStyle>
         </Style>
         <Polygon>
            <outerBoundaryIs>
               <LinearRing>
                  <coordinates>100.61116705,1.49331794,0.0 100.61115414,1.49353059,0.0 100.61114752,1.49365456,0.0 100.61121726,1.49371943,0.0 100.61154616,1.49400895,0.0 100.61179217,1.49427054,0.0 100.61208218,1.49459224,0.0 100.61270605,1.49521099,0.0 100.61307075,1.49554283,0.0 100.61332958,1.49575657,0.0 100.61351365,1.49590736,0.0 100.61361465,1.49598942,0.0 100.61381162,1.49612646,0.0 100.61381816,1.49613183,0.0 100.61385906,1.49617106,0.0 100.61391933,1.49619847,0.0 100.61397683,1.49626116,0.0 100.61402855,1.49628765,0.0 100.61405813,1.49635579,0.0 100.61419224,1.49650449,0.0 100.61424195,1.49652913,0.0 100.61429953,1.49649183,0.0 100.61435083,1.49643224,0.0 100.61446692,1.49626309,0.0 100.61462777,1.49599579,0.0 100.61486397,1.49567728,0.0 100.61515055,1.49526229,0.0 100.61524199,1.49508384,0.0 100.61524317,1.49507714,0.0 100.61513152,1.49475217,0.0 100.61505424,1.49461865,0.0 100.61479406,1.49429653,0.0 100.6143681,1.49412956,0.0 100.61393215,1.49402454,0.0 100.6136258,1.49385748,0.0 100.61331458,1.49367685,0.0 100.61306387,1.49346144,0.0 100.61303915,1.49343889,0.0 100.61286028,1.49323412,0.0 100.61246138,1.49286448,0.0 100.61227128,1.49267002,0.0 100.61225368,1.49264655,0.0 100.61209417,1.49247128,0.0 100.61198327690363,1.4923598463841985,0.0 100.61194539070128,1.4923457695632008,0.0 100.61187967658043,1.4923846484019054,0.0 100.61180558055639,1.4924332469493196,0.0 100.61173416674137,1.4925113397853247,0.0 100.6116547062993,1.492614569796055,0.0 100.61152394860983,1.4928022607122244,0.0 100.61139319092035,1.4929835835285281,0.0 100.61121180653572,1.4932061312900164,0.0 100.61116705,1.49331794,0.0 100.61116705,1.49331794,0.0 </coordinates>
               </LinearRing>
            </outerBoundaryIs>
         </Polygon>
      </Placemark>
      <Placemark>
         <description></description>
         <ExtendedData/>
         <name>polygon</name>
         <Style>
            <LineStyle>
               <color>ff000000</color>
               <width>2.0</width>
            </LineStyle>
            <PolyStyle>
               <color>ff5dbfff</color>
            </PolyStyle>
         </Style>
         <Polygon>
            <outerBoundaryIs>
               <LinearRing>
                  <coordinates>100.59765290468931,1.4784508979577216,0.0 100.59786412864922,1.47852664513643,0.0 100.59803679585457,1.4785263099719186,0.0 100.59824282,1.47855096,0.0 100.59843275696039,1.4774360195796077,0.0 100.59864297509193,1.4762002671108159,0.0 100.59875965118408,1.474984288692407,0.0 100.59896081686021,1.4739040515190847,0.0 100.5990731343627,1.4730658031994224,0.0 100.59922903776169,1.4721725874297589,0.0 100.59851087629796,1.4722329172115842,0.0 100.59851683,1.47276359,0.0 100.59845455,1.4728029,0.0 100.59836696,1.47283668,0.0 100.59836738,1.47283735,0.0 100.59837945,1.47283517,0.0 100.59820083,1.47290658,0.0 100.5981031,1.47294832,0.0 100.5980461,1.47296199,0.0 100.59759825,1.47312862,0.0 100.59752097,1.47315536,0.0 100.59746465,1.47317472,0.0 100.5974038,1.47319224,0.0 100.59739064,1.47327606,0.0 100.59741042,1.47338008,0.0 100.59742483,1.47349365,0.0 100.59743506,1.47362148,0.0 100.59746599,1.47381359,0.0 100.59747663,1.47392054,0.0 100.59747747,1.47393336,0.0 100.59747906,1.47393018,0.0 100.59745476,1.47394409,0.0 100.5974385,1.47395725,0.0 100.59739818,1.47398173,0.0 100.59735007,1.47399715,0.0 100.59729768,1.47403579,0.0 100.59711177,1.47409824,0.0 100.5970505,1.47412137,0.0 100.59697883,1.47415867,0.0 100.59689174,1.4741777,0.0 100.59685679,1.47418633,0.0 100.5967972,1.47420946,0.0 100.59675344,1.47422573,0.0 100.59674037,1.47429965,0.0 100.596734,1.47435456,0.0 100.59671413,1.4744968,0.0 100.59667884,1.47463904,0.0 100.596662,1.47473727,0.0 100.59665445,1.4748449,0.0 100.59664959,1.47485655,0.0 100.59663735,1.47487264,0.0 100.59663056,1.47490072,0.0 100.59662973,1.47490935,0.0 100.59657684,1.47505478,0.0 100.59657667,1.47519979,0.0 100.59658907,1.47531236,0.0 100.59657139,1.47539173,0.0 100.59656644,1.47549726,0.0 100.59658597,1.47561176,0.0 100.59660089,1.47574629,0.0 100.59657105,1.47591778,0.0 100.59654205,1.47610143,0.0 100.59658656,1.47618592,0.0 100.59673752,1.47618282,0.0 100.59691488,1.47617033,0.0 100.59713868,1.47614728,0.0 100.59730095,1.47612289,0.0 100.59751519,1.47612272,0.0 100.59772407,1.47610545,0.0 100.59779137,1.47610118,0.0 100.59784938,1.47607343,0.0 100.59786731,1.47650233,0.0 100.59756054,1.47840804,0.0 100.59765290468931,1.4784508979577216,0.0 </coordinates>
               </LinearRing>
            </outerBoundaryIs>
         </Polygon>
      </Placemark>
      <Placemark>
         <description></description>
         <ExtendedData/>
         <name>polygon</name>
         <Style>
            <LineStyle>
               <color>ff000000</color>
               <width>2.0</width>
            </LineStyle>
            <PolyStyle>
               <color>f24b7237</color>
            </PolyStyle>
         </Style>
         <Polygon>
            <outerBoundaryIs>
               <LinearRing>
                  <coordinates>100.56759599,1.50201517,0.0 100.56759733,1.50201819,0.0 100.56760244,1.50202079,0.0 100.56764997,1.50207787,0.0 100.56774519,1.50217317,0.0 100.56785004,1.50225682,0.0 100.56793327,1.50232245,0.0 100.56812095,1.50244349,0.0 100.56816168,1.50246905,0.0 100.56838883,1.50265035,0.0 100.56849654,1.50274725,0.0 100.5685848,1.50281749,0.0 100.56884724,1.50300834,0.0 100.56892175,1.50307515,0.0 100.56905804,1.50318503,0.0 100.5691106,1.50323088,0.0 100.56912527,1.50322175,0.0 100.56921168,1.50313458,0.0 100.56931847,1.50301689,0.0 100.56943137,1.50287574,0.0 100.56956104,1.50273518,0.0 100.56967654,1.50259403,0.0 100.56975097,1.50251239,0.0 100.56977243,1.50248716,0.0 100.56978014,1.50247743,0.0 100.56978668,1.50246327,0.0 100.56967545,1.50233,0.0 100.56961209,1.50227325,0.0 100.56952927,1.50220083,0.0 100.56946088,1.50214258,0.0 100.56937203,1.50208524,0.0 100.56926549,1.50199858,0.0 100.56896324,1.50174527,0.0 100.56861975,1.50147789,0.0 100.56845119,1.50133272,0.0 100.56836478,1.50130338,0.0 100.56835539,1.50129994,0.0 100.56826009,1.50128544,0.0 100.56817643,1.50127497,0.0 100.56807904,1.50131193,0.0 100.56797217,1.50137086,0.0 100.56775063,1.50159524,0.0 100.56772457,1.50165517,0.0 100.56769062,1.50173497,0.0 100.56763597,1.50190646,0.0 100.56761644,1.5019798,0.0 100.56759599,1.50201517,0.0 </coordinates>
               </LinearRing>
            </outerBoundaryIs>
         </Polygon>
      </Placemark>
      <Placemark>
         <description></description>
         <ExtendedData/>
         <name>polygon</name>
         <Style>
            <LineStyle>
               <color>ff000000</color>
               <width>2.0</width>
            </LineStyle>
            <PolyStyle>
               <color>f356c2ff</color>
            </PolyStyle>
         </Style>
         <Polygon>
            <outerBoundaryIs>
               <LinearRing>
                  <coordinates>100.60359039,1.47710072,0.0 100.60349735,1.47714456,0.0 100.60341395,1.47718705,0.0 100.60327322,1.4772552,0.0 100.60319636,1.47727766,0.0 100.60306124,1.47730448,0.0 100.60297332,1.47732829,0.0 100.60300157,1.47753172,0.0 100.60301104,1.47761218,0.0 100.60305093,1.47779114,0.0 100.60305756,1.47781938,0.0 100.60307826,1.47788744,0.0 100.60308102,1.47789222,0.0 100.60309377,1.47798685,0.0 100.60309838,1.47803572,0.0 100.60310508,1.47806807,0.0 100.60310475,1.47807394,0.0 100.60311246,1.47812583,0.0 100.60312872,1.47821534,0.0 100.60313945,1.47827905,0.0 100.60315026,1.47835817,0.0 100.60314959,1.4783684,0.0 100.60315252,1.47839924,0.0 100.60315923,1.47845834,0.0 100.60326132,1.47907969,0.0 100.60332075,1.47955083,0.0 100.60334422,1.47966106,0.0 100.60335956,1.47976206,0.0 100.60335184,1.47984336,0.0 100.60335377,1.47989986,0.0 100.60336266,1.47993137,0.0 100.60337146,1.48000807,0.0 100.60339945,1.48013094,0.0 100.60340716,1.48023044,0.0 100.60351546,1.48114826,0.0 100.60357304,1.48117734,0.0 100.60362903,1.4812014,0.0 100.60370372,1.48123937,0.0 100.60373842,1.48126426,0.0 100.60380036,1.48129377,0.0 100.60384629,1.48131506,0.0 100.60391402,1.48134624,0.0 100.60391402,1.48134624,0.0 100.60396582,1.48137214,0.0 100.60397755,1.48138974,0.0 100.60403883,1.4814086,0.0 100.60413698,1.4814003,0.0 100.60416589,1.48137708,0.0 100.60416707,1.48115915,0.0 100.60417612,1.48108145,0.0 100.60417922,1.48102915,0.0 100.60418526,1.48099336,0.0 100.60417922,1.48093058,0.0 100.60417889,1.48087224,0.0 100.60417897,1.48068574,0.0 100.60419749,1.48051869,0.0 100.60420185,1.48039875,0.0 100.60419414,1.48031459,0.0 100.60418014,1.48023496,0.0 100.60416799,1.48013614,0.0 100.60416137,1.48010119,0.0 100.60412868,1.47998812,0.0 100.60411435,1.47987697,0.0 100.60410119,1.47977379,0.0 100.60407554,1.47967019,0.0 100.60404142,1.47961479,0.0 100.60401938,1.47953055,0.0 100.60399038,1.47941605,0.0 100.60397864,1.47932846,0.0 100.60394419,1.47923525,0.0 100.60391628,1.47914616,0.0 100.60388845,1.47907139,0.0 100.60388284,1.47896829,0.0 100.6038701,1.47890367,0.0 100.60382676,1.47873603,0.0 100.60381436,1.47850293,0.0 100.60381402,1.47842062,0.0 100.60379659,1.47830838,0.0 100.60377186,1.47818735,0.0 100.6037841,1.47798853,0.0 100.60381075,1.47774956,0.0 100.60382609,1.47766977,0.0 100.60381813,1.47737355,0.0 100.60380262,1.4771283,0.0 100.60379064,1.47704448,0.0 100.60376608,1.4770278,0.0 100.60368352,1.47705277,0.0 100.60361529,1.47707909,0.0 100.60359039,1.47710072,0.0 100.60359039,1.47710072,0.0 </coordinates>
               </LinearRing>
            </outerBoundaryIs>
         </Polygon>
      </Placemark>
      <Placemark>
         <description></description>
         <ExtendedData/>
         <name>polygon</name>
         <Style>
            <LineStyle>
               <color>ff000000</color>
               <width>2.0</width>
            </LineStyle>
            <PolyStyle>
               <color>ff4eb0ff</color>
            </PolyStyle>
         </Style>
         <Polygon>
            <outerBoundaryIs>
               <LinearRing>
                  <coordinates>100.60418568,1.48130525,0.0 100.60413388,1.48137943,0.0 100.60413924,1.48137792,0.0 100.60413807,1.48137197,0.0 100.60414368,1.4813651,0.0 100.60418836,1.481362,0.0 100.60447066,1.48140365,0.0 100.60482857,1.48145403,0.0 100.60481734,1.48150465,0.0 100.60482547,1.4815868,0.0 100.60487953,1.48195233,0.0 100.60494432,1.48209675,0.0 100.60499646,1.48216984,0.0 100.60526049,1.48207245,0.0 100.60576516,1.48182887,0.0 100.60582543,1.48177229,0.0 100.60584194,1.48177137,0.0 100.60566265,1.48119276,0.0 100.60563474,1.48109126,0.0 100.60557749,1.48095522,0.0 100.60551907,1.48097676,0.0 100.60542184,1.48106762,0.0 100.60498732,1.48047066,0.0 100.60486235,1.48031677,0.0 100.60478968,1.48022507,0.0 100.60472799,1.48015014,0.0 100.60468624,1.48009742,0.0 100.60463905,1.48002785,0.0 100.60461156,1.47998678,0.0 100.60460276,1.47994788,0.0 100.60460134,1.47988133,0.0 100.60461173,1.47977974,0.0 100.60475447,1.47949358,0.0 100.6048538,1.47934774,0.0 100.60491465,1.47927272,0.0 100.60494927,1.47921346,0.0 100.60508212,1.4789579,0.0 100.60513962,1.47873159,0.0 100.60514817,1.47870032,0.0 100.60515094,1.47869127,0.0 100.60518078,1.47849983,0.0 100.60518069,1.47845515,0.0 100.60515127,1.47811887,0.0 100.60514155,1.47804125,0.0 100.60505002,1.47776063,0.0 100.60503594,1.47772173,0.0 100.60501783,1.47766222,0.0 100.60489898,1.47735603,0.0 100.60490577,1.47706426,0.0 100.6046093,1.47694523,0.0 100.60435985,1.47692612,0.0 100.60390966,1.47692176,0.0 100.60386993,1.47716283,0.0 100.60385199,1.47723374,0.0 100.60384386,1.47828382,0.0 100.60381503,1.47885337,0.0 100.6038354,1.47897366,0.0 100.60388812,1.47918354,0.0 100.60392072,1.4793091,0.0 100.60398962,1.47958847,0.0 100.60414016,1.48060662,0.0 100.60416589,1.48117483,0.0 100.60417629,1.48130659,0.0 100.60418568,1.48130525,0.0 </coordinates>
               </LinearRing>
            </outerBoundaryIs>
         </Polygon>
      </Placemark>
      <Placemark>
         <description></description>
         <ExtendedData/>
         <name>polygon</name>
         <Style>
            <LineStyle>
               <color>ff000000</color>
               <width>2.0</width>
            </LineStyle>
            <PolyStyle>
               <color>e0368e3c</color>
            </PolyStyle>
         </Style>
         <Polygon>
            <outerBoundaryIs>
               <LinearRing>
                  <coordinates>100.56109364,1.51408276,0.0 100.56107604,1.51398839,0.0 100.56107327,1.51398235,0.0 100.56108392,1.51353048,0.0 100.56109406,1.51342169,0.0 100.56110135,1.51331607,0.0 100.56111015,1.51321834,0.0 100.561126,1.51313737,0.0 100.56116824,1.51310678,0.0 100.56142389,1.51296093,0.0 100.5613824,1.51414823,0.0 100.5613332,1.51414378,0.0 100.56116891,1.51410439,0.0 100.56109331,1.51408469,0.0 100.56109364,1.51408276,0.0 </coordinates>
               </LinearRing>
            </outerBoundaryIs>
         </Polygon>
      </Placemark>
      <Placemark>
         <description></description>
         <ExtendedData/>
         <name>polygon</name>
         <Style>
            <LineStyle>
               <color>ff000000</color>
               <width>2.0</width>
            </LineStyle>
            <PolyStyle>
               <color>ff64ccff</color>
            </PolyStyle>
         </Style>
         <Polygon>
            <outerBoundaryIs>
               <LinearRing>
                  <coordinates>100.61199719,1.48236506,0.0 100.61201228,1.48240219,0.0 100.61195696,1.48239674,0.0 100.61187373,1.48242884,0.0 100.61181388,1.48244779,0.0 100.61176367,1.48247838,0.0 100.61165798,1.48252892,0.0 100.61158396,1.48256228,0.0 100.61149419,1.48260486,0.0 100.61147902,1.48261819,0.0 100.61135606,1.48265516,0.0 100.61127702,1.48266446,0.0 100.61119739,1.48267494,0.0 100.61108985,1.48269438,0.0 100.61101249,1.48270729,0.0 100.6109368,1.48272657,0.0 100.61084082,1.48274954,0.0 100.61080956,1.48276077,0.0 100.61068584,1.48279538,0.0 100.61061493,1.48281156,0.0 100.61052365,1.48284668,0.0 100.61047076,1.48286194,0.0 100.61036616,1.48289882,0.0 100.61022735,1.48295917,0.0 100.6101147,1.48301055,0.0 100.61008494,1.48301424,0.0 100.60998319,1.48304156,0.0 100.60988956,1.48305992,0.0 100.60978839,1.48310023,0.0 100.60973508,1.48311113,0.0 100.6096687,1.48315949,0.0 100.60961455,1.48320232,0.0 100.60955035,1.48324457,0.0 100.60946804,1.48332705,0.0 100.60939377,1.4833869,0.0 100.60931968,1.48347298,0.0 100.60924273,1.4835371,0.0 100.60919948,1.48358622,0.0 100.60917526,1.48361597,0.0 100.60916092,1.48363307,0.0 100.6091336,1.48363768,0.0 100.60908356,1.48355579,0.0 100.60906604,1.48353433,0.0 100.60897627,1.48342218,0.0 100.60896546,1.48340274,0.0 100.60893813,1.48337642,0.0 100.60887686,1.4832579,0.0 100.6088031,1.48318808,0.0 100.60876228,1.48314147,0.0 100.60869598,1.48307584,0.0 100.60863898,1.48301834,0.0 100.60858802,1.48294257,0.0 100.60854276,1.4828585,0.0 100.60849397,1.4827834,0.0 100.60847193,1.48274844,0.0 100.60841208,1.48267175,0.0 100.60835207,1.48261014,0.0 100.60841644,1.48257268,0.0 100.60850512,1.48251736,0.0 100.60857629,1.482484,0.0 100.6086327,1.48246908,0.0 100.60867913,1.48245608,0.0 100.60876773,1.48240202,0.0 100.60886068,1.4823861,0.0 100.60894744,1.48234134,0.0 100.60906503,1.48232826,0.0 100.60915765,1.48229599,0.0 100.60922463,1.48224939,0.0 100.60926075,1.48224704,0.0 100.6093921,1.482211,0.0 100.60942386,1.48220278,0.0 100.6094957,1.48217412,0.0 100.60952126,1.48215023,0.0 100.60960382,1.48211972,0.0 100.60967842,1.48208753,0.0 100.60976207,1.48204965,0.0 100.60986945,1.4820209,0.0 100.60998579,1.48197589,0.0 100.61005997,1.48194588,0.0 100.61018762,1.48189743,0.0 100.61020548,1.48189316,0.0 100.61029575,1.48191369,0.0 100.6104421,1.48189064,0.0 100.61051913,1.48189282,0.0 100.61059607,1.48188972,0.0 100.61071795,1.4819059,0.0 100.61080126,1.48191487,0.0 100.61094518,1.48196608,0.0 100.61105356,1.48198192,0.0 100.61116042,1.48200313,0.0 100.61124198,1.48201587,0.0 100.61137592,1.48203934,0.0 100.61149579,1.4820556,0.0 100.61160215,1.48208083,0.0 100.61160852,1.48208234,0.0 100.61169838,1.48211989,0.0 100.61180013,1.48214503,0.0 100.61188504,1.48218686,0.0 100.61196316,1.48221108,0.0 100.61193768,1.4822224,0.0 100.61199719,1.48236506,0.0 </coordinates>
               </LinearRing>
            </outerBoundaryIs>
         </Polygon>
      </Placemark>
      <Placemark>
         <description></description>
         <ExtendedData/>
         <name>Polygon</name>
         <Style>
            <LineStyle>
               <color>ff000000</color>
               <width>2.0</width>
            </LineStyle>
            <PolyStyle>
               <color>ffcabc87</color>
            </PolyStyle>
         </Style>
         <Polygon>
            <outerBoundaryIs>
               <LinearRing>
                  <coordinates>100.63680796,1.47749475,0.0 100.6366565,1.47725956,0.0 100.63667729,1.47713567,0.0 100.63672213,1.47701162,0.0 100.63683336,1.47669822,0.0 100.63695489,1.47644886,0.0 100.63698574,1.47634383,0.0 100.63696252,1.47626278,0.0 100.63639926,1.47608944,0.0 100.63633916,1.47611517,0.0 100.63628602,1.47627804,0.0 100.63621586,1.47660216,0.0 100.63615669,1.47690626,0.0 100.63599022,1.47735754,0.0 100.63574044,1.47794603,0.0 100.63552645,1.47841173,0.0 100.63538597,1.47866704,0.0 100.63505069,1.47932343,0.0 100.63482413,1.47990564,0.0 100.63470335,1.48024108,0.0 100.63467376,1.48034292,0.0 100.63462506,1.48047754,0.0 100.63458919,1.48062078,0.0 100.6345451,1.48083444,0.0 100.63450688,1.48101046,0.0 100.63448198,1.48117592,0.0 100.63446849,1.48131975,0.0 100.6344415,1.48150709,0.0 100.63445315,1.48168545,0.0 100.63442113,1.48184974,0.0 100.63440914,1.48200723,0.0 100.6344042,1.48219432,0.0 100.63442716,1.48235885,0.0 100.63444359,1.48254166,0.0 100.63448207,1.48265423,0.0 100.63452456,1.48266647,0.0 100.63463034,1.48271265,0.0 100.63473654,1.48277476,0.0 100.63482472,1.48281768,0.0 100.63493947,1.48286269,0.0 100.63496243,1.48287635,0.0 100.63505933,1.48290762,0.0 100.63511113,1.4829181,0.0 100.63520752,1.48293327,0.0 100.63533752,1.48300476,0.0 100.63533048,1.48304282,0.0 100.63530517,1.48309805,0.0 100.63524775,1.4832087,0.0 100.63516997,1.48336485,0.0 100.63497777,1.48370172,0.0 100.63493117,1.48381638,0.0 100.63484056,1.48394538,0.0 100.6347409,1.48405577,0.0 100.63462397,1.48420522,0.0 100.63448818,1.48434578,0.0 100.63435583,1.484483,0.0 100.63422625,1.48459322,0.0 100.63362259,1.4856656,0.0 100.6335355,1.48594212,0.0 100.63350532,1.48604228,0.0 100.6334267,1.48627186,0.0 100.63336845,1.48645945,0.0 100.63336417,1.48647412,0.0 100.63323936,1.4867783,0.0 100.63306896,1.48734517,0.0 100.63288934,1.48787574,0.0 100.63278699,1.48820389,0.0 100.63274282,1.48838435,0.0 100.63262506,1.48868887,0.0 100.63244334,1.48915012,0.0 100.63209322,1.48966117,0.0 100.63178837,1.48999024,0.0 100.63179424,1.49000483,0.0 100.63177127,1.49010574,0.0 100.63159869,1.49015377,0.0 100.63164605,1.48996049,0.0 100.63166005,1.48992218,0.0 100.63170925,1.48967542,0.0 100.63170724,1.48947937,0.0 100.63169106,1.48925859,0.0 100.63167304,1.48905918,0.0 100.63162786,1.48890512,0.0 100.63151546,1.48884796,0.0 100.63142703,1.48879767,0.0 100.63142745,1.48869029,0.0 100.63143399,1.48863045,0.0 100.63145586,1.48856985,0.0 100.63147606,1.48846038,0.0 100.63149425,1.48831562,0.0 100.63149937,1.4881966,0.0 100.63148595,1.48819157,0.0 100.63140825,1.48817824,0.0 100.63098715,1.48811647,0.0 100.63055464,1.48802108,0.0 100.63051793,1.48801387,0.0 100.63013337,1.48791865,0.0 100.63014644,1.48786392,0.0 100.63019682,1.48777004,0.0 100.63021459,1.48767407,0.0 100.63023772,1.48759419,0.0 100.63027494,1.48753326,0.0 100.63033168,1.48742312,0.0 100.63036529,1.48733947,0.0 100.63041978,1.48726453,0.0 100.63050527,1.48712246,0.0 100.63052455,1.48707728,0.0 100.63052975,1.48701668,0.0 100.6304979,1.48692079,0.0 100.63046579,1.48681099,0.0 100.63043495,1.48667352,0.0 100.63037954,1.48653966,0.0 100.63039513,1.48643456,0.0 100.63038969,1.48635275,0.0 100.63020989,1.48630355,0.0 100.63000982,1.48627287,0.0 100.62993983,1.48626247,0.0 100.62989616,1.48619282,0.0 100.62997688,1.48575822,0.0 100.62996045,1.48521029,0.0 100.62985559,1.48502019,0.0 100.62978233,1.48484333,0.0 100.62975258,1.48435216,0.0 100.62965845,1.48396986,0.0 100.62962936,1.48391755,0.0 100.62958276,1.48373399,0.0 100.62970044,1.48366903,0.0 100.63001636,1.48365998,0.0 100.62999272,1.48357716,0.0 100.62996866,1.48340458,0.0 100.62983849,1.48310753,0.0 100.62968812,1.48261978,0.0 100.62967203,1.48248215,0.0 100.62965417,1.48217437,0.0 100.62962106,1.48170188,0.0 100.62965694,1.48124297,0.0 100.62968133,1.48088708,0.0 100.62970723,1.48035089,0.0 100.62971536,1.48026916,0.0 100.62968862,1.48012499,0.0 100.6295458,1.48006062,0.0 100.62894825,1.47996205,0.0 100.62876133,1.4798323,0.0 100.62883174,1.47943307,0.0 100.62893928,1.47888623,0.0 100.62900575,1.4785295,0.0 100.6291464,1.47834878,0.0 100.62933382,1.47794268,0.0 100.62962878,1.47756063,0.0 100.62971687,1.47723986,0.0 100.62978275,1.47712092,0.0 100.62978409,1.47710625,0.0 100.62986598,1.47707096,0.0 100.62982265,1.47704699,0.0 100.62984184,1.47704204,0.0 100.62993069,1.47704967,0.0 100.62996238,1.47704238,0.0 100.63020788,1.47702537,0.0 100.63032053,1.47699486,0.0 100.63049002,1.47701665,0.0 100.63060393,1.47700927,0.0 100.63087156,1.47699393,0.0 100.63100676,1.47700072,0.0 100.63108463,1.47696309,0.0 100.63129116,1.4769392,0.0 100.63154253,1.47699628,0.0 100.63166943,1.47704062,0.0 100.63185995,1.47720499,0.0 100.63205618,1.47734346,0.0 100.6321949,1.47732938,0.0 100.63230746,1.47725042,0.0 100.63240805,1.47719183,0.0 100.63255129,1.47711773,0.0 100.63271642,1.47704054,0.0 100.63281164,1.47700089,0.0 100.63288967,1.47696443,0.0 100.63298296,1.47692428,0.0 100.6330698,1.47687726,0.0 100.63313182,1.47683225,0.0 100.63319704,1.47677869,0.0 100.63319972,1.47672194,0.0 100.63321405,1.47668104,0.0 100.63322143,1.47663955,0.0 100.63325043,1.47657115,0.0 100.63324314,1.47646923,0.0 100.63325487,1.47634886,0.0 100.63328496,1.47620629,0.0 100.63326485,1.47605432,0.0 100.63326895,1.475883,0.0 100.63329879,1.47578065,0.0 100.63331916,1.47567714,0.0 100.63333425,1.47554822,0.0 100.63333978,1.47538503,0.0 100.63336266,1.47524673,0.0 100.63338462,1.47512284,0.0 100.63340482,1.47491329,0.0 100.63343315,1.47468187,0.0 100.63343919,1.47450543,0.0 100.63340885,1.47428549,0.0 100.6334034,1.47412858,0.0 100.63341932,1.47402012,0.0 100.63343072,1.47401945,0.0 100.63366056,1.47402288,0.0 100.63387086,1.47403613,0.0 100.63406012,1.47406588,0.0 100.63428157,1.47408382,0.0 100.63444158,1.47409396,0.0 100.63448642,1.47387293,0.0 100.63449673,1.47363866,0.0 100.63449028,1.47338527,0.0 100.63454996,1.47312786,0.0 100.63456236,1.47299308,0.0 100.63457049,1.47279234,0.0 100.63457234,1.47267315,0.0 100.63456873,1.47247265,0.0 100.63458097,1.47226017,0.0 100.63458709,1.47206915,0.0 100.63459706,1.47182515,0.0 100.63465993,1.47156833,0.0 100.6346575,1.47137697,0.0 100.63466437,1.47114362,0.0 100.63469337,1.47094052,0.0 100.63477174,1.47089635,0.0 100.63500686,1.47092175,0.0 100.6351838,1.47092996,0.0 100.63545143,1.47093843,0.0 100.63563366,1.4709474,0.0 100.63581898,1.47095536,0.0 100.63590196,1.4709329,0.0 100.63588888,1.47085763,0.0 100.63593423,1.47066174,0.0 100.63592769,1.47058605,0.0 100.63590984,1.47041255,0.0 100.63588,1.47024994,0.0 100.63589207,1.47023787,0.0 100.63597287,1.47020124,0.0 100.63607949,1.47020795,0.0 100.63614562,1.47017157,0.0 100.63625023,1.47020258,0.0 100.63632483,1.4701854,0.0 100.63633748,1.47017693,0.0 100.63650764,1.47015824,0.0 100.63667242,1.47017333,0.0 100.63668332,1.47018749,0.0 100.63666597,1.47024063,0.0 100.63665063,1.47029093,0.0 100.63663948,1.47035748,0.0 100.63662649,1.47044406,0.0 100.63660277,1.47048438,0.0 100.63656069,1.47065948,0.0 100.6365617,1.47079962,0.0 100.63656614,1.47098294,0.0 100.63657209,1.47111839,0.0 100.63654862,1.4712354,0.0 100.63655994,1.47133724,0.0 100.63655566,1.47140865,0.0 100.63655893,1.47148795,0.0 100.63654368,1.47161334,0.0 100.63652574,1.47175499,0.0 100.63652298,1.47187309,0.0 100.63653974,1.47199396,0.0 100.63655164,1.47211248,0.0 100.63657494,1.47225975,0.0 100.63657905,1.47237768,0.0 100.63657913,1.47251062,0.0 100.63661492,1.47259595,0.0 100.63664242,1.47267147,0.0 100.63670419,1.47266242,0.0 100.63684425,1.47263769,0.0 100.63692598,1.47261472,0.0 100.63699865,1.47257525,0.0 100.6370616,1.47257466,0.0 100.63718674,1.47257424,0.0 100.63728866,1.47256225,0.0 100.63742822,1.47251322,0.0 100.63745596,1.47256326,0.0 100.63746594,1.47265823,0.0 100.63747717,1.47271162,0.0 100.63749796,1.47287372,0.0 100.63753257,1.47296542,0.0 100.63758102,1.47313424,0.0 100.63763316,1.47326935,0.0 100.63768513,1.47342794,0.0 100.6377464,1.47362726,0.0 100.63783298,1.47377863,0.0 100.63786609,1.47393839,0.0 100.63793315,1.47412439,0.0 100.63796156,1.47427267,0.0 100.63799308,1.47444776,0.0 100.63802619,1.47460559,0.0 100.63804287,1.47469478,0.0 100.63806935,1.47485177,0.0 100.63812124,1.47505478,0.0 100.6382007,1.47527656,0.0 100.63827856,1.47550606,0.0 100.63832014,1.47565476,0.0 100.6383877,1.47585777,0.0 100.63842969,1.47605742,0.0 100.63849063,1.4762114,0.0 100.63852667,1.47636529,0.0 100.63859205,1.47655774,0.0 100.63859674,1.47665354,0.0 100.63850622,1.47671012,0.0 100.63835492,1.47676553,0.0 100.63818553,1.47680995,0.0 100.63798327,1.47684272,0.0 100.6378127,1.47688916,0.0 100.63766325,1.47694314,0.0 100.63760039,1.47698798,0.0 100.63754087,1.47704708,0.0 100.63747709,1.47710432,0.0 100.63737793,1.47725545,0.0 100.63723619,1.4773671,0.0 100.63710309,1.47749886,0.0 100.63697937,1.47766482,0.0 100.6369409,1.47771964,0.0 100.6369212,1.47775895,0.0 100.63687619,1.47769508,0.0 100.63679748,1.47748427,0.0 100.63680796,1.47749475,0.0 </coordinates>
               </LinearRing>
            </outerBoundaryIs>
         </Polygon>
      </Placemark>
      <Placemark>
         <description></description>
         <ExtendedData/>
         <name>polygon</name>
         <Style>
            <LineStyle>
               <color>ff000000</color>
               <width>2.0</width>
            </LineStyle>
            <PolyStyle>
               <color>ff5cccff</color>
            </PolyStyle>
         </Style>
         <Polygon>
            <outerBoundaryIs>
               <LinearRing>
                  <coordinates>100.59682854,1.49638404,0.0 100.59686123,1.4963879,0.0 100.59689426,1.49640097,0.0 100.59691438,1.49639653,0.0 100.59699803,1.49640533,0.0 100.59710347,1.49641673,0.0 100.59715468,1.4964195,0.0 100.59726734,1.49642914,0.0 100.59735158,1.49642914,0.0 100.59745953,1.49641707,0.0 100.59757085,1.49642352,0.0 100.59766523,1.49642092,0.0 100.59776279,1.49642838,0.0 100.59784728,1.49643492,0.0 100.59796438,1.49643693,0.0 100.59807619,1.49643668,0.0 100.59815817,1.49643785,0.0 100.59824383,1.49645453,0.0 100.59833335,1.49649426,0.0 100.59838456,1.49657724,0.0 100.59936533,1.49634314,0.0 100.59935393,1.49629385,0.0 100.59931009,1.49614222,0.0 100.59930657,1.49613108,0.0 100.59928587,1.49608196,0.0 100.5992422,1.4959362,0.0 100.59922904,1.495902,0.0 100.59921546,1.49588817,0.0 100.59918025,1.49579052,0.0 100.59916542,1.49576068,0.0 100.59911538,1.49570586,0.0 100.59910733,1.49561483,0.0 100.59910884,1.49552649,0.0 100.59909652,1.49550704,0.0 100.59904053,1.49540504,0.0 100.59899518,1.49536614,0.0 100.59894229,1.49535516,0.0 100.59882193,1.49528685,0.0 100.5988252,1.49528266,0.0 100.59885713,1.49531518,0.0 100.5988195,1.49530336,0.0 100.59868069,1.49529523,0.0 100.59853334,1.49532516,0.0 100.59844466,1.49533153,0.0 100.59820007,1.49531602,0.0 100.59796136,1.49531074,0.0 100.59772273,1.49531065,0.0 100.5975167,1.49532172,0.0 100.59727564,1.49533278,0.0 100.5971023,1.49534083,0.0 100.59694623,1.49535567,0.0 100.59687012,1.49537947,0.0 100.59689049,1.49542783,0.0 100.59686677,1.49547637,0.0 100.59687599,1.49553873,0.0 100.59687347,1.49561726,0.0 100.59687054,1.49573084,0.0 100.59687012,1.49580007,0.0 100.59685403,1.4958383,0.0 100.59683056,1.49586202,0.0 100.59682695,1.49592538,0.0 100.59683274,1.49600618,0.0 100.59682737,1.49609487,0.0 100.59683014,1.49617458,0.0 100.59683148,1.496247,0.0 100.59682628,1.49632713,0.0 100.59682854,1.49638404,0.0 </coordinates>
               </LinearRing>
            </outerBoundaryIs>
         </Polygon>
      </Placemark>
      <Placemark>
         <description></description>
         <ExtendedData/>
         <name>polygon</name>
         <Style>
            <LineStyle>
               <color>ff000000</color>
               <width>2.0</width>
            </LineStyle>
            <PolyStyle>
               <color>f24eacd3</color>
            </PolyStyle>
         </Style>
         <Polygon>
            <outerBoundaryIs>
               <LinearRing>
                  <coordinates>100.59305559843779,1.5018757567115828,0.0 100.59295635670424,1.501808724520835,0.0 100.59253692626953,1.5015151235011357,0.0 100.59227742254734,1.5014159158417184,0.0 100.59200962,1.50144629,0.0 100.59143395,1.50146624,0.0 100.59077027,1.501525,0.0 100.59029234,1.50153355,0.0 100.59026375,1.50152693,0.0 100.59022662,1.501482,0.0 100.59023726731539,1.5014437342061273,0.0 100.59024624,1.50137345,0.0 100.59025864,1.50134663,0.0 100.59036962,1.50120154,0.0 100.59047766,1.50108595,0.0 100.59065234,1.50092226,0.0 100.5909504,1.50064322,0.0 100.59108635,1.50054155,0.0 100.5913301,1.50046678,0.0 100.59149514,1.50044289,0.0 100.59169463,1.50035832,0.0 100.59189605,1.50017157,0.0 100.59194743,1.50006168,0.0 100.59212185,1.49942474,0.0 100.59216754,1.49924998,0.0 100.59218145,1.49914295,0.0 100.59205824,1.49891772,0.0 100.59196788,1.49885193,0.0 100.59148198,1.49846619,0.0 100.59137452,1.49810694,0.0 100.59144359,1.49778223,0.0 100.59155314,1.49703146,0.0 100.59162363,1.49654238,0.0 100.59165859,1.4965205,0.0 100.59169136,1.49653039,0.0 100.59177627,1.49657372,0.0 100.59224549,1.496837,0.0 100.59253852,1.49700422,0.0 100.59272585,1.49714487,0.0 100.59315953,1.49744947,0.0 100.59342449,1.49765314,0.0 100.59380109,1.49791022,0.0 100.59418305,1.49816,0.0 100.59434482,1.49828699,0.0 100.59489685,1.49863936,0.0 100.59495385,1.49866987,0.0 100.59542885,1.49900448,0.0 100.59553002,1.49907639,0.0 100.59576077,1.49930262,0.0 100.59581266,1.49937789,0.0 100.59588734,1.49944092,0.0 100.59579497,1.49948283,0.0 100.5956788,1.49957629,0.0 100.59553647,1.49964452,0.0 100.59539046,1.49972867,0.0 100.59526934,1.49978248,0.0 100.59511562,1.49985046,0.0 100.59499903,1.49995348,0.0 100.59492359,1.50003796,0.0 100.59480792,1.50015187,0.0 100.59474539,1.50020636,0.0 100.59476492,1.50027827,0.0 100.59470574,1.50033703,0.0 100.59463592,1.50039185,0.0 100.59454682,1.50047726,0.0 100.59448932,1.5005444,0.0 100.59446569,1.50057097,0.0 100.59441975,1.50064238,0.0 100.59430316,1.50071028,0.0 100.59420157,1.50079175,0.0 100.59414038,1.50092125,0.0 100.59409328,1.50099057,0.0 100.59405313,1.50105285,0.0 100.59402094,1.50109149,0.0 100.59397493,1.50113893,0.0 100.59389412,1.50116382,0.0 100.59386412,1.50121545,0.0 100.59389337,1.50124747,0.0 100.59384325,1.50129148,0.0 100.59381324,1.50136842,0.0 100.59373638,1.50149239,0.0 100.5936218,1.50165374,0.0 100.59351996,1.50177277,0.0 100.59347143,1.50192423,0.0 100.59344954788685,1.5020832213289106,0.0 100.593434125185,1.5021375173967688,0.0 100.59325743466616,1.5020161891445365,0.0 100.59318266808985,1.5019635688783455,0.0 100.59315282851458,1.5019404427737015,0.0 100.59305559843779,1.5018757567115828,0.0 </coordinates>
               </LinearRing>
            </outerBoundaryIs>
         </Polygon>
      </Placemark>
      <Placemark>
         <description></description>
         <ExtendedData/>
         <name>Polygon</name>
         <Style>
            <LineStyle>
               <color>ff000000</color>
               <width>2.0</width>
            </LineStyle>
            <PolyStyle>
               <color>ffcabc87</color>
            </PolyStyle>
         </Style>
         <Polygon>
            <outerBoundaryIs>
               <LinearRing>
                  <coordinates>100.60839775,1.49495753,0.0 100.60760474,1.49458654,0.0 100.60762368,1.49452326,0.0 100.60768479,1.49434757,0.0 100.60775176,1.4941589,0.0 100.60786097,1.49389705,0.0 100.60797312,1.49367853,0.0 100.60803976,1.493486,0.0 100.60810355,1.49325198,0.0 100.60812752,1.49319179,0.0 100.60818636,1.49303128,0.0 100.60819994,1.49292718,0.0 100.60819114,1.49283934,0.0 100.60747675,1.49233106,0.0 100.60730048,1.49220198,0.0 100.60718464,1.49210919,0.0 100.60716326,1.49206149,0.0 100.60719176,1.49202344,0.0 100.60723652,1.49197524,0.0 100.60733358,1.4919092,0.0 100.607405,1.49182797,0.0 100.60827169,1.49080589,0.0 100.60838199,1.49059692,0.0 100.60843648,1.49049936,0.0 100.60855583,1.49025209,0.0 100.60861979,1.49016425,0.0 100.60868198,1.49005529,0.0 100.60876882,1.48987189,0.0 100.60884735,1.48972529,0.0 100.60890938,1.48958229,0.0 100.60900242,1.48942195,0.0 100.60906973,1.48927569,0.0 100.60913754,1.4891684,0.0 100.60919026,1.48907175,0.0 100.60920803,1.48900973,0.0 100.60931875,1.48879859,0.0 100.60942034,1.48879389,0.0 100.60959066,1.48887335,0.0 100.60978194,1.48892599,0.0 100.60997196,1.48899498,0.0 100.61015585,1.48907209,0.0 100.61036557,1.48912665,0.0 100.61050647,1.48915934,0.0 100.61058945,1.48924098,0.0 100.61054427,1.48935389,0.0 100.61054033,1.48937744,0.0 100.61050186,1.48962345,0.0 100.61048417,1.48984884,0.0 100.61049239,1.49006953,0.0 100.61047889,1.49025327,0.0 100.61049147,1.49049064,0.0 100.61048132,1.49066038,0.0 100.61049096,1.49084268,0.0 100.61054503,1.49090353,0.0 100.61055995,1.49091066,0.0 100.61076547,1.49100353,0.0 100.61097795,1.49111107,0.0 100.61114366,1.49120009,0.0 100.61129537,1.49130754,0.0 100.61128255,1.49134442,0.0 100.61118188,1.49151416,0.0 100.61105976,1.49171398,0.0 100.61094568,1.49189595,0.0 100.61084912,1.49213316,0.0 100.6107669,1.49228512,0.0 100.6107011,1.49245117,0.0 100.61066388,1.49256173,0.0 100.61071317,1.49274177,0.0 100.61083043,1.49288787,0.0 100.61097787,1.49304729,0.0 100.61110863,1.49320286,0.0 100.61117786,1.49334183,0.0 100.61114827,1.49351064,0.0 100.61110863,1.49373788,0.0 100.61107317,1.49394524,0.0 100.61103218,1.49425219,0.0 100.61032324,1.49592597,0.0 100.61030597,1.49595128,0.0 100.61023917,1.49598598,0.0 100.6102665,1.49600853,0.0 100.61064452,1.49629553,0.0 100.61086848,1.49647825,0.0 100.61133234,1.49686265,0.0 100.61179854,1.49724327,0.0 100.61208939,1.49748207,0.0 100.61211219,1.49755114,0.0 100.61210943,1.49765583,0.0 100.61192703,1.49802262,0.0 100.61177792,1.49820057,0.0 100.61167357,1.49826343,0.0 100.6115066,1.49828179,0.0 100.61145639,1.49824189,0.0 100.611302,1.4981766,0.0 100.61113746,1.49811993,0.0 100.61096697,1.49804525,0.0 100.61057084,1.49792774,0.0 100.61042148,1.49789312,0.0 100.61021587,1.49781802,0.0 100.60996374,1.49776949,0.0 100.609907,1.49775272,0.0 100.60962352,1.49766237,0.0 100.60939235,1.49756405,0.0 100.60923569,1.49750839,0.0 100.60896336,1.49739062,0.0 100.60872079,1.49731804,0.0 100.60860587,1.49728987,0.0 100.60832935,1.49727437,0.0 100.60794052,1.49742466,0.0 100.60772737,1.49751334,0.0 100.60723996,1.49821566,0.0 100.60715153,1.49834968,0.0 100.60707458,1.49849997,0.0 100.60699487,1.49864397,0.0 100.60690502,1.49876584,0.0 100.60685213,1.49893792,0.0 100.60676705,1.4991432,0.0 100.60670008,1.49927873,0.0 100.60663814,1.49942726,0.0 100.60652498,1.49967117,0.0 100.60649145,1.49969196,0.0 100.60640948,1.49985532,0.0 100.60634796,1.5000176,0.0 100.60623312,1.50023117,0.0 100.6061312,1.50041046,0.0 100.60604026,1.50058388,0.0 100.60597873,1.50076325,0.0 100.60589877,1.50098093,0.0 100.6058401,1.50119509,0.0 100.60580883,1.5012256,0.0 100.6058173,1.50130095,0.0 100.60576508,1.50135283,0.0 100.60567833,1.50137865,0.0 100.60561932,1.50131755,0.0 100.60538655,1.50112283,0.0 100.60534037,1.50108947,0.0 100.60530952,1.50105544,0.0 100.60528203,1.50101219,0.0 100.60474894,1.50057382,0.0 100.60469655,1.50056032,0.0 100.60462874,1.50055898,0.0 100.60456186,1.50063786,0.0 100.60446194,1.5007516,0.0 100.60436823,1.50089057,0.0 100.60431836,1.50099509,0.0 100.60424619,1.50106022,0.0 100.60382593,1.50038456,0.0 100.60365695,1.50002849,0.0 100.60346249,1.49949666,0.0 100.6028144,1.49826385,0.0 100.60289369,1.49822052,0.0 100.60296058,1.4981828,0.0 100.60329954,1.49786789,0.0 100.60351789,1.49759673,0.0 100.60370665,1.49729348,0.0 100.60407043,1.49679769,0.0 100.60432272,1.49655604,0.0 100.60453445,1.49625429,0.0 100.60471717,1.49602647,0.0 100.60487626,1.49575062,0.0 100.60525294,1.49510077,0.0 100.60532637,1.49513849,0.0 100.60534758,1.49515584,0.0 100.60545084,1.49520278,0.0 100.60550784,1.49523237,0.0 100.60560582,1.49531082,0.0 100.60571118,1.49536019,0.0 100.60580204,1.49540822,0.0 100.60584798,1.49547159,0.0 100.60592232,1.49553286,0.0 100.60595929,1.49563948,0.0 100.60598326,1.49578884,0.0 100.60596356,1.49590778,0.0 100.60589684,1.49599797,0.0 100.60584999,1.49606679,0.0 100.60581663,1.49617366,0.0 100.60575913,1.49622118,0.0 100.60572149,1.49629067,0.0 100.60568042,1.49635596,0.0 100.60562393,1.49643785,0.0 100.60559082,1.49655813,0.0 100.60556416,1.49666023,0.0 100.60552737,1.49673365,0.0 100.60553919,1.49677975,0.0 100.60556852,1.49684278,0.0 100.60635533,1.49730102,0.0 100.60656907,1.49742264,0.0 100.60666077,1.49745458,0.0 100.60674735,1.49750353,0.0 100.60688314,1.49753253,0.0 100.60695414,1.49749154,0.0 100.60724029,1.4970297,0.0 100.60728774,1.49697119,0.0 100.60731866,1.49688561,0.0 100.6075241,1.4965324,0.0 100.60790213,1.49590812,0.0 100.60828007,1.49529205,0.0 100.60841158,1.49497169,0.0 100.60839775,1.49495753,0.0 </coordinates>
               </LinearRing>
            </outerBoundaryIs>
         </Polygon>
      </Placemark>
      <Placemark>
         <description></description>
         <ExtendedData/>
         <name>polygon</name>
         <Style>
            <LineStyle>
               <color>ff000000</color>
               <width>2.0</width>
            </LineStyle>
            <PolyStyle>
               <color>ff63cdff</color>
            </PolyStyle>
         </Style>
         <Polygon>
            <outerBoundaryIs>
               <LinearRing>
                  <coordinates>100.60986475,1.48417127,0.0 100.60983265,1.48425744,0.0 100.60982108,1.48427362,0.0 100.6097262,1.48438577,0.0 100.60967239,1.48445005,0.0 100.60960248,1.48448199,0.0 100.60950223,1.48457712,0.0 100.60942998,1.48471325,0.0 100.60931029,1.48480176,0.0 100.60915539,1.48490779,0.0 100.60906805,1.48501768,0.0 100.60900007,1.48509772,0.0 100.60896219,1.48516537,0.0 100.60882363,1.48524667,0.0 100.60870126,1.48531716,0.0 100.60866748,1.48533485,0.0 100.60860696,1.48536385,0.0 100.60845634,1.48543057,0.0 100.60833832,1.48553115,0.0 100.60825115,1.48559335,0.0 100.60811235,1.48570826,0.0 100.60799249,1.48579007,0.0 100.60792518,1.48583223,0.0 100.60782887,1.48586777,0.0 100.60777229,1.48579895,0.0 100.60770826,1.48572369,0.0 100.6076174,1.48567725,0.0 100.60757616,1.48560458,0.0 100.60747842,1.48557399,0.0 100.60736158,1.48554532,0.0 100.60722143,1.48553543,0.0 100.60708975,1.48554146,0.0 100.60699713,1.48551045,0.0 100.60687593,1.48545387,0.0 100.60676948,1.48543392,0.0 100.60667686,1.48535178,0.0 100.60656823,1.48525455,0.0 100.60653454,1.48522236,0.0 100.60643555,1.48511013,0.0 100.60641208,1.48507006,0.0 100.60651333,1.4850326,0.0 100.60653697,1.48501977,0.0 100.60664174,1.48499806,0.0 100.60670997,1.48491483,0.0 100.60681215,1.48486429,0.0 100.60692279,1.48480612,0.0 100.60700317,1.48474736,0.0 100.60713359,1.48470512,0.0 100.60721674,1.48465918,0.0 100.60731699,1.48459917,0.0 100.60744079,1.48456212,0.0 100.60755923,1.48448752,0.0 100.60759736,1.48452189,0.0 100.60773759,1.48444109,0.0 100.6078966,1.48437336,0.0 100.60806985,1.48429147,0.0 100.60818175,1.48425719,0.0 100.60829507,1.48418603,0.0 100.60837076,1.48413389,0.0 100.60848702,1.48407463,0.0 100.60854175,1.48404018,0.0 100.60863974,1.48397715,0.0 100.60871576,1.48392946,0.0 100.60879774,1.48384396,0.0 100.60890217,1.48379878,0.0 100.60899714,1.48371697,0.0 100.60906738,1.48364288,0.0 100.60913209,1.48369208,0.0 100.60920602,1.4836236,0.0 100.60927324,1.48353609,0.0 100.60936226,1.48346719,0.0 100.60942286,1.4834128,0.0 100.60946946,1.48336854,0.0 100.60952612,1.48333183,0.0 100.60958094,1.48327122,0.0 100.60965085,1.48323552,0.0 100.60971052,1.48319889,0.0 100.60982267,1.48316293,0.0 100.60987439,1.48315245,0.0 100.60988755,1.48322923,0.0 100.60993298,1.48331758,0.0 100.60998528,1.4834366,0.0 100.61007229,1.4835718,0.0 100.61014244,1.48367247,0.0 100.61021084,1.48378059,0.0 100.61026775,1.48385955,0.0 100.61019483,1.48393826,0.0 100.61014412,1.48403347,0.0 100.61006642,1.48407673,0.0 100.61004672,1.48408603,0.0 100.60993172,1.48415945,0.0 100.60991219,1.48420287,0.0 100.60986475,1.48417127,0.0 </coordinates>
               </LinearRing>
            </outerBoundaryIs>
         </Polygon>
      </Placemark>
      <Placemark>
         <description></description>
         <ExtendedData/>
         <name>Polygon</name>
         <Style>
            <LineStyle>
               <color>ff000000</color>
               <width>2.0</width>
            </LineStyle>
            <PolyStyle>
               <color>ff918761</color>
            </PolyStyle>
         </Style>
         <Polygon>
            <outerBoundaryIs>
               <LinearRing>
                  <coordinates>100.61496313,1.50374813,0.0 100.61493002,1.5037426,0.0 100.61511895,1.50392566,0.0 100.61535129,1.50412766,0.0 100.61576754,1.50445783,0.0 100.61612955,1.50473787,0.0 100.61656416,1.50507985,0.0 100.61691117,1.50537397,0.0 100.61731643,1.50568385,0.0 100.61782136,1.50608459,0.0 100.61814968,1.50637753,0.0 100.61829804,1.5065041,0.0 100.61850348,1.50666696,0.0 100.61897638,1.50705538,0.0 100.6194337,1.50739778,0.0 100.61943487,1.50739912,0.0 100.61947846,1.50735796,0.0 100.61967703,1.50688615,0.0 100.61996922,1.50614879,0.0 100.62017567,1.50564697,0.0 100.62025814,1.50549358,0.0 100.62037113,1.50522946,0.0 100.62049636,1.50480936,0.0 100.62063072,1.50454055,0.0 100.62074186,1.50420855,0.0 100.62074019,1.50420134,0.0 100.62063508,1.50407528,0.0 100.62012244,1.50351645,0.0 100.61961567,1.50296669,0.0 100.61958348,1.50292863,0.0 100.61952146,1.50285856,0.0 100.61931459,1.50261238,0.0 100.61898929,1.50220678,0.0 100.61869584,1.50185709,0.0 100.61821824,1.50128343,0.0 100.61772832,1.5006734,0.0 100.61769504,1.50063124,0.0 100.61714997,1.49997233,0.0 100.61665585,1.49945022,0.0 100.61664722,1.49944704,0.0 100.61660263,1.49948384,0.0 100.61641127,1.49994652,0.0 100.61601204,1.50054976,0.0 100.61597784,1.50065479,0.0 100.61596418,1.50087674,0.0 100.61605697,1.50194719,0.0 100.61607909,1.50223428,0.0 100.61606979,1.50253166,0.0 100.61578145,1.50284733,0.0 100.61549789,1.50313902,0.0 100.61529052,1.5033717,0.0 100.61510453,1.50355225,0.0 100.61496422,1.50368015,0.0 100.61494326,1.50369499,0.0 100.61492407,1.50370454,0.0 100.61491728,1.50373656,0.0 100.61496313,1.50374813,0.0 </coordinates>
               </LinearRing>
            </outerBoundaryIs>
         </Polygon>
      </Placemark>
      <Placemark>
         <description></description>
         <ExtendedData/>
         <name>polygon</name>
         <Style>
            <LineStyle>
               <color>ff000000</color>
               <width>2.0</width>
            </LineStyle>
            <PolyStyle>
               <color>ff918761</color>
            </PolyStyle>
         </Style>
         <Polygon>
            <outerBoundaryIs>
               <LinearRing>
                  <coordinates>100.61611756682396,1.5125234588862917,0.0 100.61614204,1.51255516,0.0 100.61615084,1.51260252,0.0 100.61623022,1.51265935,0.0 100.61627288,1.51270445,0.0 100.61635729,1.51277318,0.0 100.61639752,1.51281802,0.0 100.61642652,1.51287066,0.0 100.61658787,1.51298189,0.0 100.61677671968937,1.5131063008477126,0.0 100.6169517338276,1.5132638256752617,0.0 100.616955421865,1.5136167482792842,0.0 100.61705508,1.51385587,0.0 100.61709976,1.51455559,0.0 100.61705533,1.51493353,0.0 100.61719849705696,1.5150562563112202,0.0 100.61736814677715,1.515209423931446,0.0 100.61755087226629,1.5153837065495948,0.0 100.61755397,1.51555806,0.0 100.61745892,1.51645049,0.0 100.61742808,1.51714216,0.0 100.61747074127196,1.5174704046533498,0.0 100.61744149,1.51795914,0.0 100.61732314,1.51862148,0.0 100.61728994,1.51886196,0.0 100.61720638,1.51950829,0.0 100.61703723,1.52055636,0.0 100.61702281236647,1.520727808091944,0.0 100.6169882,1.52084755,0.0 100.61678468,1.52093967,0.0 100.61632318,1.52095559,0.0 100.61612084,1.5209105,0.0 100.61535456,1.52030683,0.0 100.61469256,1.51976628,0.0 100.61460354,1.51970283,0.0 100.61439039,1.51963728,0.0 100.61350719,1.51953947,0.0 100.61268719,1.51957685,0.0 100.61193164,1.51969713,0.0 100.61132873,1.51983988,0.0 100.61060898,1.51995404,0.0 100.61011017,1.52003476,0.0 100.60998252,1.52005043,0.0 100.6095478311181,1.5200953647794841,0.0 100.60910217,1.52020482,0.0 100.60867141932249,1.5204214736224586,0.0 100.60837428,1.52065317,0.0 100.60795242,1.5210084,0.0 100.60727525,1.52124074,0.0 100.60667887,1.52180669,0.0 100.6065736,1.52190853,0.0 100.60647427,1.52204633,0.0 100.60627646,1.52223567,0.0 100.60584479,1.5226769,0.0 100.60517466,1.52317939,0.0 100.60500978,1.52329515,0.0 100.60477434,1.52337897,0.0 100.60433362,1.52345818,0.0 100.60354907,1.52353462,0.0 100.60339334,1.52353529,0.0 100.60267978,1.52324209,0.0 100.6020265,1.52287555,0.0 100.60147849,1.52230768,0.0 100.60119635,1.52192378,0.0 100.60123047,1.52177199,0.0 100.60132317,1.52162489,0.0 100.60158427,1.52102198,0.0 100.60173808,1.5207644,0.0 100.60216539,1.52018253,0.0 100.60218944,1.52014707,0.0 100.60241106,1.51972756,0.0 100.60243704,1.51968313,0.0 100.60261373,1.51939002,0.0 100.60289176,1.51898333,0.0 100.60305185616016,1.5186508327246335,0.0 100.60321648,1.51839676,0.0 100.60332812,1.51833264,0.0 100.6035477295518,1.518217472919836,0.0 100.60381159186363,1.5180197294379127,0.0 100.6040338,1.51782805,0.0 100.60437234,1.51786946,0.0 100.60469278,1.51802586,0.0 100.60499788,1.5181785,0.0 100.60517566,1.51825704,0.0 100.6053682,1.51829526,0.0 100.60552686452867,1.5183066250600237,0.0 100.60560364276171,1.5183840466524565,0.0 100.6056448,1.5184432,0.0 100.60572904,1.51855317,0.0 100.60572996,1.51858946,0.0 100.60573968,1.51864009,0.0 100.60577313,1.51870656,0.0 100.60578939,1.5187794,0.0 100.60582962,1.5188514,0.0 100.6058748,1.51893756,0.0 100.60589022,1.51900638,0.0 100.60593582,1.51909397,0.0 100.60595912,1.51915273,0.0 100.60601285,1.51923303,0.0 100.60605635,1.51926966,0.0 100.60610916,1.51927762,0.0 100.60628258,1.51927804,0.0 100.60631342,1.5192803,0.0 100.60638450086118,1.5192755678200285,0.0 100.60644493,1.51927887,0.0 100.60652423,1.51926848,0.0 100.60660629,1.51925708,0.0 100.60666714,1.51926119,0.0 100.60667477,1.51921056,0.0 100.60668047,1.51912314,0.0 100.60668985,1.51904862,0.0 100.6066943,1.51903974,0.0 100.60671148,1.51902582,0.0 100.60676353,1.51899339,0.0 100.60684458,1.51895315,0.0 100.60696922,1.5188887,0.0 100.60708682,1.5188224,0.0 100.60722495,1.5187333,0.0 100.60735077,1.51866708,0.0 100.60748052,1.51859734,0.0 100.60759476,1.51852643,0.0 100.60774966,1.51847304,0.0 100.60787522,1.51844437,0.0 100.60799793,1.51842987,0.0 100.60816909,1.51838218,0.0 100.60848995,1.51828822,0.0 100.60866178,1.51815922,0.0 100.60875323,1.5181697,0.0 100.60930442,1.51836567,0.0 100.60994396,1.51843105,0.0 100.60999224,1.51844052,0.0 100.61047738,1.51853087,0.0 100.61097192,1.51859449,0.0 100.61121516,1.51862995,0.0 100.61126704,1.51842199,0.0 100.61130627,1.51807515,0.0 100.61131557,1.51802033,0.0 100.61132815,1.51799426,0.0 100.61131893,1.5179221,0.0 100.61134273,1.51780928,0.0 100.61136159,1.51774926,0.0 100.61134843,1.51768774,0.0 100.61138724,1.51759042,0.0 100.61142772,1.51758045,0.0 100.61148615,1.51759126,0.0 100.61157399,1.51761062,0.0 100.61159746,1.51761733,0.0 100.61166083,1.51765086,0.0 100.61177985,1.51766812,0.0 100.61180608,1.51767139,0.0 100.61190097,1.51766343,0.0 100.61203349,1.51768665,0.0 100.61211353,1.51769738,0.0 100.61212962,1.51770433,0.0 100.61219282,1.51770174,0.0 100.61222308,1.51770509,0.0 100.61227757,1.51775178,0.0 100.61236046,1.51737484,0.0 100.61235887,1.51683496,0.0 100.61204639,1.51663438,0.0 100.61163903,1.51666062,0.0 100.61123913,1.5166566,0.0 100.61098608,1.51654344,0.0 100.61052223,1.51635099,0.0 100.61037714,1.51631126,0.0 100.60984883,1.51609593,0.0 100.60969736,1.51605017,0.0 100.60927726328373,1.515864324312346,0.0 100.60926552861929,1.515718530232405,0.0 100.60941506177187,1.515544582800052,0.0 100.60956325381994,1.5153763330544863,0.0 100.6097724661231,1.515133007702132,0.0 100.6099696084857,1.5148950448655527,0.0 100.61023003,1.51489724,0.0 100.61035006,1.5149943,0.0 100.61043573,1.51505549,0.0 100.61051938,1.51509689,0.0 100.61061342,1.51514215,0.0 100.61068668,1.51518507,0.0 100.61076002,1.51524617,0.0 100.61083454,1.51527358,0.0 100.61092523,1.51528716,0.0 100.61104618,1.51532513,0.0 100.61111969,1.51536277,0.0 100.61115649,1.51537542,0.0 100.61120845,1.51538867,0.0 100.6112647,1.51541063,0.0 100.61130879,1.51541188,0.0 100.61136922,1.51540652,0.0 100.61138204,1.51539235,0.0 100.61139495,1.51536402,0.0 100.61141465,1.51528146,0.0 100.61146628,1.515173,0.0 100.61155773,1.51508994,0.0 100.61159025,1.51508734,0.0 100.61170525,1.51512396,0.0 100.61198965,1.51508147,0.0 100.61218293,1.51478676,0.0 100.61248837,1.51418385,0.0 100.61252877,1.51409366,0.0 100.61277746,1.51338405,0.0 100.61287754,1.51313838,0.0 100.61288567,1.51312253,0.0 100.61289162,1.51307903,0.0 100.6129125,1.51301198,0.0 100.61292909,1.51298239,0.0 100.61294066,1.5129549,0.0 100.61299548,1.51287016,0.0 100.61303345,1.512814,0.0 100.61308164,1.51273026,0.0 100.61307527,1.51267913,0.0 100.61305574,1.51264912,0.0 100.6130135,1.512555,0.0 100.61304057,1.51242047,0.0 100.61308273,1.51223942,0.0 100.61305624,1.51217639,0.0 100.61260077,1.51187086,0.0 100.61227304,1.51168076,0.0 100.61223725,1.51157222,0.0 100.6121988594532,1.511194886975771,0.0 100.61218143,1.51064895,0.0 100.61222007,1.51036229,0.0 100.61222325,1.51036204,0.0 100.61298592,1.51073327,0.0 100.61305314,1.51077837,0.0 100.61306563,1.51079203,0.0 100.61313218,1.51082153,0.0 100.61315415,1.51084148,0.0 100.61322212,1.51091348,0.0 100.6132522970438,1.5109120123267747,0.0 100.61329588,1.51089714,0.0 100.61333243,1.51090795,0.0 100.61336822,1.51092555,0.0 100.61339026,1.51094609,0.0 100.61342882,1.51096512,0.0 100.61347542,1.51097207,0.0 100.61352119,1.51102169,0.0 100.61357659,1.51104399,0.0 100.61365773,1.51109252,0.0 100.61369293,1.51113217,0.0 100.6137382,1.5111574,0.0 100.61378698,1.51120392,0.0 100.61386149,1.51122579,0.0 100.61389988,1.51128002,0.0 100.61390139,1.51129687,0.0 100.61392553,1.51133736,0.0 100.6139661,1.51136418,0.0 100.61400089,1.51139234,0.0 100.61401966,1.51139712,0.0 100.61410717,1.51140014,0.0 100.61410633,1.51141992,0.0 100.61420213,1.51148597,0.0 100.61424505,1.51149929,0.0 100.61432736,1.51152092,0.0 100.61441386,1.51160583,0.0 100.61443909,1.51161656,0.0 100.61447086,1.51159829,0.0 100.61450103,1.51158898,0.0 100.61456239,1.51162695,0.0 100.61464604,1.51162553,0.0 100.6147131,1.51165486,0.0 100.61479675,1.51170784,0.0 100.61486347,1.51173675,0.0 100.61492809,1.51178068,0.0 100.61499632,1.511793,0.0 100.61502364,1.51183046,0.0 100.61505223,1.51191076,0.0 100.61507553,1.51193348,0.0 100.61511073261501,1.511928215870516,0.0 100.61516756,1.51193683,0.0 100.61524686,1.51195276,0.0 100.61532942,1.51198159,0.0 100.61539304,1.51202509,0.0 100.61539706,1.51203683,0.0 100.61542472,1.51207698,0.0 100.61549764,1.51210187,0.0 100.61559922993182,1.5121527726580322,0.0 100.61566696,1.51221285,0.0 100.61574684,1.51222232,0.0 100.61582395,1.51223799,0.0 100.61582873,1.51225518,0.0 100.61587005,1.51233665,0.0 100.61592202,1.51237219,0.0 100.61598052,1.51245408,0.0 100.61602813,1.51249624,0.0 100.61606308,1.51248668,0.0 100.6160944327712,1.5125036844869382,0.0 100.61611756682396,1.5125234588862917,0.0 </coordinates>
               </LinearRing>
            </outerBoundaryIs>
         </Polygon>
      </Placemark>
      <Placemark>
         <description></description>
         <ExtendedData/>
         <name>polygon</name>
         <Style>
            <LineStyle>
               <color>ff000000</color>
               <width>2.0</width>
            </LineStyle>
            <PolyStyle>
               <color>ff62c6ff</color>
            </PolyStyle>
         </Style>
         <Polygon>
            <outerBoundaryIs>
               <LinearRing>
                  <coordinates>100.60292612761258,1.488885885330934,0.0 100.60300793498755,1.4888466712675164,0.0 100.60331203043461,1.4890588293971876,0.0 100.60349576175213,1.4895350958350895,0.0 100.60373548418283,1.490458134085227,0.0 100.60380866,1.49047706,0.0 100.60420445,1.49016266,0.0 100.60436916,1.49007708,0.0 100.60444024,1.48999485,0.0 100.60468499,1.48981934,0.0 100.60486176,1.48976787,0.0 100.60490836,1.48979863,0.0 100.6049398,1.48982956,0.0 100.60528622,1.49030825,0.0 100.60540122,1.49071335,0.0 100.60543198,1.49080186,0.0 100.60547674,1.49081452,0.0 100.60589869,1.49093404,0.0 100.60615626,1.49108106,0.0 100.60627545,1.49117125,0.0 100.60633203,1.49122699,0.0 100.60635936,1.49123822,0.0 100.6063897,1.491228,0.0 100.60648676,1.49112297,0.0 100.60675012,1.49066473,0.0 100.60733467,1.48958154,0.0 100.60753777,1.48915532,0.0 100.60778973,1.48857144,0.0 100.60799902,1.48816408,0.0 100.60806373,1.48798537,0.0 100.60817488,1.48784632,0.0 100.60917568,1.48725196,0.0 100.60977984,1.48653715,0.0 100.61006583,1.48625367,0.0 100.610511,1.48580625,0.0 100.61136629,1.48495054,0.0 100.61060160398482,1.4835661728590384,0.0 100.61045240610838,1.4838084962295215,0.0 100.60989383608103,1.4842710220911934,0.0 100.60954514890909,1.4845378123268185,0.0 100.60930810868742,1.484757009305377,0.0 100.60885079205036,1.4851287056612263,0.0 100.60817990452051,1.485641170597561,0.0 100.60796197503805,1.485799032565115,0.0 100.60717877000569,1.4864750570416727,0.0 100.60713049024345,1.486429139669299,0.0 100.60704097151758,1.4865058920649228,0.0 100.60630571097136,1.4861465969847183,0.0 100.6061900407076,1.4860517457550932,0.0 100.60615215450525,1.485939466025706,0.0 100.60617126524448,1.485815790735104,0.0 100.60626715421675,1.4855791653630515,0.0 100.60637008398771,1.4854038748798706,0.0 100.60640562325716,1.4850750795001149,0.0 100.60665439814329,1.4849805633880309,0.0 100.6067318469286,1.4848934208697415,0.0 100.6069316715002,1.484800245404075,0.0 100.6070040911436,1.484747624725697,0.0 100.60715764760972,1.4846812623397148,0.0 100.60733702033757,1.4845783671211292,0.0 100.60760993510483,1.4845096585848774,0.0 100.60791335999967,1.4843544778341817,0.0 100.60782216489315,1.4842633133276204,0.0 100.6077527627349,1.4841644400533769,0.0 100.60770515352488,1.4840964018315936,0.0 100.60763575136662,1.4840193141886115,0.0 100.60751035809517,1.4839288199955902,0.0 100.60744497925042,1.4838671498767517,0.0 100.60733132064342,1.4837531942178386,0.0 100.60718949884176,1.4836526451021708,0.0 100.6073695421219,1.4834418271081455,0.0 100.60748621821404,1.4833117835660288,0.0 100.60764413326977,1.4831532510932748,0.0 100.6078838557005,1.4829625428816058,0.0 100.60796432197094,1.4828606530746236,0.0 100.6080850213766,1.4827946257958775,0.0 100.60821276158094,1.482717873271403,0.0 100.60835022479296,1.4826019065700033,0.0 100.60838803,1.48252532,0.0 100.60828208,1.48235165,0.0 100.60804219,1.48212165,0.0 100.60775947,1.48191797,0.0 100.60776282,1.48192123,0.0 100.60731581,1.48177338,0.0 100.60622969,1.48155226,0.0 100.60622147,1.48155478,0.0 100.60484449,1.48220077,0.0 100.60548822,1.48465374,0.0 100.60549795,1.48463529,0.0 100.60549853,1.48463546,0.0 100.60550574,1.48463982,0.0 100.60385736,1.48679514,0.0 100.60384269,1.48678282,0.0 100.60274071991444,1.4884173275018648,0.0 100.60279536992311,1.488573848618924,0.0 100.60292612761258,1.488885885330934,0.0 </coordinates>
               </LinearRing>
            </outerBoundaryIs>
         </Polygon>
      </Placemark>
      <Placemark>
         <description></description>
         <ExtendedData/>
         <name>polygon</name>
         <Style>
            <LineStyle>
               <color>ff000000</color>
               <width>2.0</width>
            </LineStyle>
            <PolyStyle>
               <color>ff2e6132</color>
            </PolyStyle>
         </Style>
         <Polygon>
            <outerBoundaryIs>
               <LinearRing>
                  <coordinates>100.56842202,1.5099841,0.0 100.56857332,1.51006423,0.0 100.56863886,1.51010513,0.0 100.56866476,1.51019918,0.0 100.56874137,1.51046832,0.0 100.56877147,1.51056605,0.0 100.56880893,1.51072213,0.0 100.56881715,1.51072858,0.0 100.56885914,1.51071332,0.0 100.56917933,1.51060947,0.0 100.56926776,1.51058332,0.0 100.56936725,1.51055264,0.0 100.56942877,1.51054384,0.0 100.56945199,1.51059279,0.0 100.56945124,1.51060076,0.0 100.56945627,1.51064493,0.0 100.5694592,1.51066957,0.0 100.56944696,1.51074937,0.0 100.56936876,1.51173156,0.0 100.56935166,1.51173935,0.0 100.56931956,1.51175226,0.0 100.56930439,1.51175176,0.0 100.56831943,1.51202585,0.0 100.56806378,1.51206398,0.0 100.56801533,1.51201445,0.0 100.56784275,1.51163156,0.0 100.56752885,1.51101373,0.0 100.56742474,1.51078273,0.0 100.56740907,1.51075892,0.0 100.56733246,1.51052909,0.0 100.5673012,1.51041619,0.0 100.56734076,1.51039816,0.0 100.56743782,1.51036162,0.0 100.56753664,1.51032013,0.0 100.56780897,1.51020932,0.0 100.56781475,1.51020873,0.0 100.5682367,1.51003523,0.0 100.5683978,1.50996675,0.0 100.56842202,1.5099841,0.0 </coordinates>
               </LinearRing>
            </outerBoundaryIs>
         </Polygon>
      </Placemark>
      <Placemark>
         <description></description>
         <ExtendedData/>
         <name>polygon</name>
         <Style>
            <LineStyle>
               <color>ff000000</color>
               <width>2.0</width>
            </LineStyle>
            <PolyStyle>
               <color>ff66cbff</color>
            </PolyStyle>
         </Style>
         <Polygon>
            <outerBoundaryIs>
               <LinearRing>
                  <coordinates>100.60328186,1.48231418,0.0 100.60323718,1.48225643,0.0 100.60316937,1.48220119,0.0 100.60312847,1.48216523,0.0 100.60306937,1.48211335,0.0 100.60303786,1.48209248,0.0 100.60300768,1.48205677,0.0 100.60295907,1.48202576,0.0 100.60292956,1.48199927,0.0 100.60287718,1.48193875,0.0 100.60292588,1.48188067,0.0 100.60295924,1.48186432,0.0 100.6030097,1.48179593,0.0 100.60305856,1.48170582,0.0 100.60312059,1.48161873,0.0 100.6031682,1.48152787,0.0 100.60323274,1.48142955,0.0 100.60329569,1.48131145,0.0 100.60335369,1.48118572,0.0 100.60341848,1.48113124,0.0 100.60347355,1.48112663,0.0 100.60354832,1.48113652,0.0 100.60364354,1.48118128,0.0 100.60373247,1.48125932,0.0 100.60375082,1.4813133,0.0 100.60375745,1.48134825,0.0 100.60371084,1.48145428,0.0 100.60369357,1.48154162,0.0 100.60367203,1.48161446,0.0 100.60366692,1.48167908,0.0 100.60362945,1.4817707,0.0 100.60359676,1.48185912,0.0 100.60359584,1.48192442,0.0 100.60358528,1.48197245,0.0 100.60354362,1.48202886,0.0 100.60349216,1.48211477,0.0 100.60347715,1.48217554,0.0 100.60345067,1.48226799,0.0 100.60339593,1.48236296,0.0 100.60338143,1.48237252,0.0 100.60334237,1.48236522,0.0 100.60328186,1.48231418,0.0 100.60328186,1.48231418,0.0 </coordinates>
               </LinearRing>
            </outerBoundaryIs>
         </Polygon>
      </Placemark>
      <Placemark>
         <description></description>
         <ExtendedData/>
         <name>Polygon</name>
         <Style>
            <LineStyle>
               <color>ff000000</color>
               <width>2.0</width>
            </LineStyle>
            <PolyStyle>
               <color>ffcabc87</color>
            </PolyStyle>
         </Style>
         <Polygon>
            <outerBoundaryIs>
               <LinearRing>
                  <coordinates>100.62059987,1.5016338,0.0 100.62056953,1.50166699,0.0 100.62065888,1.50153833,0.0 100.62083054,1.50132828,0.0 100.62099558,1.50115024,0.0 100.62121142,1.5010132,0.0 100.62128233,1.50085009,0.0 100.62116188,1.50066485,0.0 100.62111829,1.50060517,0.0 100.62094278,1.50037374,0.0 100.62079442,1.50018574,0.0 100.62069392,1.50003042,0.0 100.62072426,1.49990612,0.0 100.62077489,1.49970009,0.0 100.62084278,1.49944226,0.0 100.62091067,1.49916633,0.0 100.62096113,1.49888738,0.0 100.62104487,1.49867222,0.0 100.62116498,1.49843266,0.0 100.62118887,1.49836225,0.0 100.62113715,1.49826628,0.0 100.62117345,1.49819017,0.0 100.62113137,1.49811222,0.0 100.62105602,1.49807375,0.0 100.6210038,1.49810895,0.0 100.62095778,1.49805447,0.0 100.62088268,1.49796537,0.0 100.62081923,1.49789555,0.0 100.62073398,1.49782766,0.0 100.62061764,1.49771316,0.0 100.6205863,1.49761752,0.0 100.62052377,1.49752658,0.0 100.62048915,1.49750236,0.0 100.62039234,1.49742432,0.0 100.62029025,1.4973022,0.0 100.62014985,1.497225,0.0 100.6199968,1.49717915,0.0 100.61981759,1.49706608,0.0 100.61968088,1.49695929,0.0 100.61951316,1.49686047,0.0 100.61945608,1.49683624,0.0 100.61940394,1.49685586,0.0 100.61935885,1.49680775,0.0 100.61919465,1.4967158,0.0 100.61904679,1.49661136,0.0 100.61892509,1.49651229,0.0 100.61878863,1.49646543,0.0 100.61861269,1.49638848,0.0 100.618522,1.49635412,0.0 100.61846986,1.49618975,0.0 100.61841002,1.49605212,0.0 100.61838403,1.4959771,0.0 100.61836945,1.49591214,0.0 100.61838152,1.49586478,0.0 100.61845084,1.49580494,0.0 100.6184329,1.49576395,0.0 100.61841672,1.49574593,0.0 100.6184127,1.49574869,0.0 100.61838018,1.49571039,0.0 100.61829804,1.49559774,0.0 100.61822386,1.49542239,0.0 100.6181019,1.49535474,0.0 100.61795144,1.49533077,0.0 100.61787969,1.49531912,0.0 100.61781574,1.49529305,0.0 100.61767786,1.49524503,0.0 100.61769018,1.49516766,0.0 100.61776436,1.49499399,0.0 100.61781063,1.49493096,0.0 100.61789319,1.49477606,0.0 100.61795647,1.49479919,0.0 100.61812738,1.49488594,0.0 100.61837934,1.49501645,0.0 100.61863164,1.49516506,0.0 100.61884127,1.49526975,0.0 100.61906062,1.4953788,0.0 100.61929087,1.49549539,0.0 100.61948273,1.49560059,0.0 100.61976026,1.49574383,0.0 100.62002563,1.49586604,0.0 100.62008958,1.49601373,0.0 100.62012856,1.4960315,0.0 100.62014599,1.49602295,0.0 100.62016988,1.49604516,0.0 100.62021908,1.49609629,0.0 100.62030324,1.49612856,0.0 100.62037759,1.49616083,0.0 100.62052963,1.49624507,0.0 100.62067757,1.49633157,0.0 100.62084345,1.4964283,0.0 100.62094605,1.49650156,0.0 100.62108493,1.49659719,0.0 100.62120513,1.4967075,0.0 100.62124117,1.49671144,0.0 100.62130529,1.49672879,0.0 100.62144267,1.49679459,0.0 100.62152557,1.49682644,0.0 100.62164216,1.49682485,0.0 100.62177074,1.49685812,0.0 100.62183654,1.49692467,0.0 100.62194064,1.49713229,0.0 100.62194584,1.49715182,0.0 100.62196855,1.49737646,0.0 100.62196093,1.49750554,0.0 100.62197694,1.49770159,0.0 100.62196445,1.49795213,0.0 100.62195766,1.49817542,0.0 100.62196579,1.49832663,0.0 100.62197333,1.49836494,0.0 100.62194073,1.49837147,0.0 100.62192329,1.49838396,0.0 100.62191893,1.49838774,0.0 100.62191449,1.49840559,0.0 100.62190049,1.49844264,0.0 100.62194483,1.49865252,0.0 100.62194324,1.49881588,0.0 100.6219678,1.49904898,0.0 100.62198415,1.49926172,0.0 100.62199906,1.49944629,0.0 100.62201155,1.49964913,0.0 100.62199655,1.49997292,0.0 100.62196596,1.50023972,0.0 100.62192614,1.50044348,0.0 100.62186705,1.50066057,0.0 100.62186789,1.50085713,0.0 100.62189773,1.50102644,0.0 100.62195699,1.50129969,0.0 100.62200434,1.50157747,0.0 100.62202815,1.50168476,0.0 100.62208003,1.50183748,0.0 100.62209906,1.50188458,0.0 100.62205866,1.50206395,0.0 100.62201382,1.50228758,0.0 100.62196939,1.50255589,0.0 100.62193729,1.50269629,0.0 100.62188515,1.50298722,0.0 100.62184358,1.50317715,0.0 100.62180217,1.50335334,0.0 100.62177368,1.50346256,0.0 100.62162506,1.50352065,0.0 100.62138693,1.50363045,0.0 100.62119708,1.50373514,0.0 100.62113623,1.50377747,0.0 100.62113782,1.50377453,0.0 100.62059987,1.5016338,0.0 </coordinates>
               </LinearRing>
            </outerBoundaryIs>
         </Polygon>
      </Placemark>
      <Placemark>
         <description></description>
         <ExtendedData/>
         <name>polygon</name>
         <Style>
            <LineStyle>
               <color>ff000000</color>
               <width>2.0</width>
            </LineStyle>
            <PolyStyle>
               <color>f6448e44</color>
            </PolyStyle>
         </Style>
         <Polygon>
            <outerBoundaryIs>
               <LinearRing>
                  <coordinates>100.57603899,1.4875864,0.0 100.57602827,1.48759662,0.0 100.57596138,1.48758564,0.0 100.57583816,1.48754289,0.0 100.57479478,1.48721818,0.0 100.57468129,1.48718809,0.0 100.57457677,1.4869083,0.0 100.57501783,1.48617933,0.0 100.57520977,1.48583097,0.0 100.57567229,1.48504693,0.0 100.57587898,1.48474644,0.0 100.57589256,1.48474317,0.0 100.57605735,1.48480352,0.0 100.57695597,1.48514693,0.0 100.57701448,1.48519454,0.0 100.57722847,1.48528925,0.0 100.57726242,1.48530308,0.0 100.57769098,1.48543032,0.0 100.57777438,1.48542076,0.0 100.57781973,1.48543074,0.0 100.57793297,1.48549394,0.0 100.57803598,1.48551657,0.0 100.57810103,1.48553233,0.0 100.57820303,1.48557097,0.0 100.5782374,1.48558857,0.0 100.57838274,1.48561539,0.0 100.57839263,1.4856195,0.0 100.57843555,1.48564456,0.0 100.57849598,1.48567775,0.0 100.57854585,1.48569108,0.0 100.57859045,1.48569753,0.0 100.57864057,1.48569904,0.0 100.57884475,1.48564305,0.0 100.57900015,1.48534616,0.0 100.57906897,1.48506202,0.0 100.57909428,1.48496395,0.0 100.57918623,1.48472406,0.0 100.57924909,1.48447906,0.0 100.57926192,1.48439934,0.0 100.57932587,1.48428929,0.0 100.57943626,1.48415878,0.0 100.57959443,1.48408913,0.0 100.5797733,1.48409056,0.0 100.58036992,1.48430874,0.0 100.58111549,1.48446313,0.0 100.58120694,1.48444922,0.0 100.58144926,1.48441183,0.0 100.58207296,1.48451468,0.0 100.58215678,1.48457687,0.0 100.58215074,1.4846907,0.0 100.58185955,1.48514592,0.0 100.58151196,1.48570248,0.0 100.58116956,1.48625183,0.0 100.58114852,1.48629793,0.0 100.58086278,1.48664494,0.0 100.58080997,1.48670529,0.0 100.58032265,1.48749428,0.0 100.58014873,1.48775437,0.0 100.58012794,1.48777415,0.0 100.57986868,1.48806324,0.0 100.57942352,1.48865794,0.0 100.57922294,1.48899674,0.0 100.57915765,1.48908692,0.0 100.57903485,1.48908676,0.0 100.57877527,1.48891937,0.0 100.57755553,1.48827296,0.0 100.57732972,1.48815293,0.0 100.57693158,1.48794372,0.0 100.57682798,1.4878972,0.0 100.57640386,1.48771648,0.0 100.57635424,1.48769603,0.0 100.57606506,1.48762705,0.0 100.57603899,1.4875864,0.0 </coordinates>
               </LinearRing>
            </outerBoundaryIs>
         </Polygon>
      </Placemark>
      <Placemark>
         <description></description>
         <ExtendedData/>
         <name>polygon</name>
         <Style>
            <LineStyle>
               <color>ff000000</color>
               <width>2.0</width>
            </LineStyle>
            <PolyStyle>
               <color>ee55eb5e</color>
            </PolyStyle>
         </Style>
         <Polygon>
            <outerBoundaryIs>
               <LinearRing>
                  <coordinates>100.57916309684515,1.4890866479182068,0.0 100.57931296527387,1.4891583727780187,0.0 100.57956375181675,1.4892311031241132,0.0 100.5798215791583,1.4893189157968767,0.0 100.58010656386614,1.489412761397463,0.0 100.58042977005243,1.489498563085944,0.0 100.58094576001167,1.489640672125118,0.0 100.58186575770378,1.4878421877128898,0.0 100.58205518871547,1.4873283826347388,0.0 100.5820796638727,1.4871648230022416,0.0 100.58218024671076,1.4870703069795692,0.0 100.5822828412056,1.4868956869412215,0.0 100.5834026634693,1.48444430168257,0.0 100.58382511138916,1.4836570022306164,0.0 100.58440916240215,1.4824822530595885,0.0 100.58492213487625,1.4813879426433163,0.0 100.58519940823317,1.4807926911761202,0.0 100.58525271713734,1.4805912575071398,0.0 100.58507200330497,1.4805889113578115,0.0 100.5847330391407,1.4806639881351586,0.0 100.58440949767828,1.48066599912023,0.0 100.5840450525284,1.4806143838361274,0.0 100.58401621878147,1.480511153264322,0.0 100.5839367583394,1.4804149611362647,0.0 100.58384958653598,1.4801493434645467,0.0 100.58386500924826,1.4798961268683497,0.0 100.58377884328365,1.4798109951357872,0.0 100.58365881443024,1.4797640721321994,0.0 100.58359242975712,1.479778819362001,0.0 100.58343585580589,1.4797680941039704,0.0 100.58273244649172,1.4797339073436497,0.0 100.58238208293915,1.4801706264089418,0.0 100.58221142739059,1.4806676749411205,0.0 100.58214973658323,1.4811043938224622,0.0 100.58218091726305,1.4812421462683254,0.0 100.58221645653248,1.4828076971862394,0.0 100.58222953230143,1.4829622077177813,0.0 100.58214135468006,1.4832108992664992,0.0 100.58138094842434,1.4842787308547285,0.0 100.58146174997093,1.484406093031099,0.0 100.58207631111145,1.484502620149335,0.0 100.58216515928507,1.484566971559164,0.0 100.58215040713549,1.4846973501910492,0.0 100.58120157569647,1.486241783373588,0.0 100.58083981275558,1.486685204419827,0.0 100.58032281696796,1.487505013617701,0.0 100.58014746755362,1.4877547101444362,0.0 100.57981789112091,1.4881331092565884,0.0 100.57942662388086,1.4886626668067604,0.0 100.5792398750782,1.4889767144837025,0.0 100.57916309684515,1.4890866479182068,0.0 </coordinates>
               </LinearRing>
            </outerBoundaryIs>
         </Polygon>
      </Placemark>
      <Placemark>
         <description></description>
         <ExtendedData/>
         <name>polygon</name>
         <Style>
            <LineStyle>
               <color>ff000000</color>
               <width>2.0</width>
            </LineStyle>
            <PolyStyle>
               <color>ff4da5c5</color>
            </PolyStyle>
         </Style>
         <Polygon>
            <outerBoundaryIs>
               <LinearRing>
                  <coordinates>100.58534995,1.49037137,0.0 100.58535489,1.49039467,0.0 100.58540518,1.49036927,0.0 100.58544483,1.49036424,0.0 100.58550728,1.49030867,0.0 100.58588429,1.4901951,0.0 100.58622728,1.49022913,0.0 100.586308,1.49022829,0.0 100.58635687,1.49021898,0.0 100.58651813,1.49020138,0.0 100.58653339,1.49020214,0.0 100.58654286,1.49019652,0.0 100.58657966,1.49010164,0.0 100.58671134,1.48984985,0.0 100.58682902,1.48986795,0.0 100.58716337,1.49006467,0.0 100.58758347,1.49032694,0.0 100.58804859,1.49061779,0.0 100.58858193,1.49095307,0.0 100.58866616,1.49099364,0.0 100.58885425,1.491113,0.0 100.58917888,1.49133654,0.0 100.58937477,1.49146965,0.0 100.58987366,1.49175572,0.0 100.59006829,1.49185413,0.0 100.59040817,1.49205437,0.0 100.5905671,1.49213945,0.0 100.5909815,1.49238872,0.0 100.59142515,1.49266767,0.0 100.59167929,1.49281142,0.0 100.59185715,1.49291762,0.0 100.59212906,1.49308434,0.0 100.59225798,1.49316045,0.0 100.59261329,1.49338567,0.0 100.59291294,1.49358599,0.0 100.59304579,1.49373276,0.0 100.59286474,1.49410073,0.0 100.59239142,1.49503137,0.0 100.59213728,1.49553395,0.0 100.59174542,1.49616879,0.0 100.59168365,1.49627307,0.0 100.59138173,1.49630902,0.0 100.59116866,1.49617843,0.0 100.59047414,1.49574408,0.0 100.59036585,1.49567979,0.0 100.59006997,1.49547058,0.0 100.58956185,1.49492165,0.0 100.5894829,1.49482903,0.0 100.58935574,1.49469064,0.0 100.58870304,1.49394114,0.0 100.58792629,1.49306238,0.0 100.58727938,1.49237288,0.0 100.58713638,1.49222536,0.0 100.58690538,1.49199653,0.0 100.58682323,1.49192168,0.0 100.58675543,1.49187106,0.0 100.58621504,1.49137485,0.0 100.58602452,1.49126027,0.0 100.58555815,1.49141776,0.0 100.58510754257439,1.4921302601258593,0.0 100.58499421924353,1.4921376336994892,0.0 100.58486660499919,1.4920803100009796,0.0 100.58480093,1.49205294,0.0 100.58420699089767,1.4917615814126985,0.0 100.58322060853241,1.4912668815150698,0.0 100.58303864,1.49117695,0.0 100.58281525969507,1.491059080711891,0.0 100.58275390416384,1.491046009370395,0.0 100.58278735,1.4909519,0.0 100.58281626552343,1.4909585319291254,0.0 100.58292255,1.49096757,0.0 100.58299949,1.49097017,0.0 100.58304736,1.49095508,0.0 100.58312723,1.49087747,0.0 100.58319219,1.4907965,0.0 100.58323494,1.49072358,0.0 100.58324324,1.49070086,0.0 100.58326755,1.49062366,0.0 100.58330493,1.49056834,0.0 100.58332966,1.49049659,0.0 100.58341406,1.49037723,0.0 100.58341515,1.49036759,0.0 100.58344726,1.49025503,0.0 100.5835118,1.49017355,0.0 100.58354113,1.49008965,0.0 100.58355195,1.49000525,0.0 100.58358204,1.48985429,0.0 100.58358338,1.48984683,0.0 100.58362009,1.48977349,0.0 100.58371212,1.48979922,0.0 100.58380189,1.48981598,0.0 100.58387498,1.48984658,0.0 100.58392569,1.48983987,0.0 100.58399744,1.48983593,0.0 100.58406877,1.48982964,0.0 100.58414388,1.48988228,0.0 100.5842168,1.48989947,0.0 100.5842629,1.48991858,0.0 100.58431084,1.49002,0.0 100.58435183,1.49011756,0.0 100.58438175,1.49017037,0.0 100.58441788,1.49018168,0.0 100.58444227,1.49020172,0.0 100.58449214,1.49026676,0.0 100.58453129,1.49032678,0.0 100.58457772,1.49036835,0.0 100.58464084,1.49042442,0.0 100.58471217,1.49043146,0.0 100.58474402,1.49044748,0.0 100.5847773,1.49046608,0.0 100.58487218,1.490466,0.0 100.58494292,1.49043616,0.0 100.58501434,1.49042158,0.0 100.58508047,1.49038729,0.0 100.5851741,1.4903505,0.0 100.58525213,1.49031554,0.0 100.58534995,1.49037137,0.0 </coordinates>
               </LinearRing>
            </outerBoundaryIs>
         </Polygon>
      </Placemark>
      <Placemark>
         <description></description>
         <ExtendedData/>
         <name>popygon</name>
         <Style>
            <LineStyle>
               <color>ff000000</color>
               <width>2.0</width>
            </LineStyle>
            <PolyStyle>
               <color>f357f266</color>
            </PolyStyle>
         </Style>
         <Polygon>
            <outerBoundaryIs>
               <LinearRing>
                  <coordinates>100.57593858,1.49327176,0.0 100.57596314,1.49327469,0.0 100.57582769,1.49315382,0.0 100.57572216,1.49304436,0.0 100.57565234,1.49299968,0.0 100.57552594,1.492911,0.0 100.57540616,1.49282207,0.0 100.57535227,1.49279055,0.0 100.575292,1.49274856,0.0 100.57521933,1.49268385,0.0 100.57512998,1.49265074,0.0 100.57509226,1.49260825,0.0 100.57504247,1.49256608,0.0 100.57479227,1.49238956,0.0 100.57474324,1.49235168,0.0 100.57469856,1.49230256,0.0 100.57462614,1.49225218,0.0 100.57455364,1.49218848,0.0 100.57452614,1.49216635,0.0 100.57439078,1.49206879,0.0 100.57434116,1.49199494,0.0 100.57430838,1.49194717,0.0 100.574228,1.49187416,0.0 100.57412499,1.49183258,0.0 100.57402298,1.49181674,0.0 100.57396908,1.49178648,0.0 100.57393748,1.49172303,0.0 100.57390597,1.49166034,0.0 100.57390924,1.49157224,0.0 100.57391896,1.49154148,0.0 100.57396623,1.49145624,0.0 100.57402549,1.49136789,0.0 100.57408107,1.49131106,0.0 100.57410655,1.49127862,0.0 100.57419313,1.49122305,0.0 100.574271,1.49117553,0.0 100.57432724,1.49116078,0.0 100.57434375,1.49117687,0.0 100.57436789,1.49130746,0.0 100.57455163,1.49149404,0.0 100.57465137,1.491559,0.0 100.57501288,1.4917714,0.0 100.57521698,1.49192445,0.0 100.57531036,1.49199712,0.0 100.57562459,1.49233583,0.0 100.57600295,1.49277345,0.0 100.57602332,1.49334376,0.0 100.57593858,1.49327176,0.0 </coordinates>
               </LinearRing>
            </outerBoundaryIs>
         </Polygon>
      </Placemark>
      <Placemark>
         <description></description>
         <ExtendedData/>
         <name>polygon</name>
         <Style>
            <LineStyle>
               <color>ff000000</color>
               <width>2.0</width>
            </LineStyle>
            <PolyStyle>
               <color>ea59b2fe</color>
            </PolyStyle>
         </Style>
         <Polygon>
            <outerBoundaryIs>
               <LinearRing>
                  <coordinates>100.60794554650784,1.484344422925555,0.0 100.60798243,1.48432667,0.0 100.60804647,1.4842815,0.0 100.60813523,1.48425099,0.0 100.6082136,1.48422115,0.0 100.60830069,1.48417287,0.0 100.60838023,1.48414244,0.0 100.60843958,1.48407077,0.0 100.60855357,1.48402777,0.0 100.60867452,1.48394094,0.0 100.60877016,1.48387883,0.0 100.60880243,1.48385075,0.0 100.60891449,1.48379778,0.0 100.60894702,1.48376836,0.0 100.60901407,1.48369744,0.0 100.60909253,1.48364489,0.0 100.60911985,1.48360675,0.0 100.60908088,1.48355378,0.0 100.60900837,1.48347608,0.0 100.60895205,1.4834216,0.0 100.60888927,1.483347,0.0 100.60881852,1.48326393,0.0 100.60877242,1.48320777,0.0 100.60872976,1.4831512,0.0 100.60869824,1.48310962,0.0 100.60866329,1.48306159,0.0 100.60863102,1.48301759,0.0 100.60861426,1.48299454,0.0 100.60860814,1.48299077,0.0 100.60859917,1.48297367,0.0 100.60858299,1.48294517,0.0 100.60856279,1.48290996,0.0 100.6085156,1.48285322,0.0 100.60848819,1.4828233,0.0 100.60846137,1.48278843,0.0 100.60842617,1.48274585,0.0 100.60840722,1.48272766,0.0 100.60836498,1.48270536,0.0 100.60832399,1.48264568,0.0 100.60829365,1.48266186,0.0 100.60825383,1.4826974,0.0 100.60817823,1.48274384,0.0 100.60812383,1.48278248,0.0 100.60807304,1.48282087,0.0 100.60801813,1.48285297,0.0 100.60796969,1.48288918,0.0 100.60790498,1.48295724,0.0 100.60782418,1.48301943,0.0 100.60776282,1.48307475,0.0 100.60768168,1.48314692,0.0 100.60761915,1.48321238,0.0 100.60757716,1.48325153,0.0 100.60752863,1.48329838,0.0 100.60747339,1.48338295,0.0 100.6074107,1.48341665,0.0 100.60736887,1.48345563,0.0 100.60731824487448,1.483519920262486,0.0 100.60725420713423,1.4835929859580477,0.0 100.60719646,1.4836433,0.0 100.60721465,1.48368018,0.0 100.60729209,1.48373047,0.0 100.60731447,1.48374916,0.0 100.60736988,1.48380113,0.0 100.60744163,1.48386215,0.0 100.60748488,1.4839168,0.0 100.60753685,1.48395167,0.0 100.6076174,1.48401763,0.0 100.60763684,1.48405124,0.0 100.60769049,1.48411335,0.0 100.60775058,1.48416465,0.0 100.60780129,1.48422567,0.0 100.60789224,1.48434998,0.0 100.60790866613388,1.4843571591431488,0.0 100.60794554650784,1.484344422925555,0.0 </coordinates>
               </LinearRing>
            </outerBoundaryIs>
         </Polygon>
      </Placemark>
      <Placemark>
         <description></description>
         <ExtendedData/>
         <name>polygon</name>
         <Style>
            <LineStyle>
               <color>ff000000</color>
               <width>2.0</width>
            </LineStyle>
            <PolyStyle>
               <color>f84e9c44</color>
            </PolyStyle>
         </Style>
         <Polygon>
            <outerBoundaryIs>
               <LinearRing>
                  <coordinates>100.57623446,1.49360737,0.0 100.57625298,1.49361114,0.0 100.57630646,1.49359924,0.0 100.57634308934212,1.49352654640102,0.0 100.5764155089855,1.493429684515689,0.0 100.5765476077795,1.4931551866237058,0.0 100.57671768,1.49266147,0.0 100.57680963,1.49234472,0.0 100.57682497,1.49229703,0.0 100.57697416,1.49199704,0.0 100.57702554,1.49191112,0.0 100.57722964,1.49163226,0.0 100.57774815,1.49117368,0.0 100.57781126,1.49112482,0.0 100.57826364,1.49061905,0.0 100.57839565,1.49044395,0.0 100.5784358,1.49038679,0.0 100.57861039,1.49014497,0.0 100.57867024,1.49006124,0.0 100.57878868,1.48987675,0.0 100.57888222,1.48973476,0.0 100.57889848,1.48970132,0.0 100.57896336,1.48957383,0.0 100.57902698,1.48944207,0.0 100.57915497,1.48915767,0.0 100.5788207,1.48890763,0.0 100.57856404,1.48875953,0.0 100.57847536,1.48871477,0.0 100.57806783,1.48848368,0.0 100.57794529,1.48842777,0.0 100.57764656,1.48834915,0.0 100.57742058,1.48865257,0.0 100.5770952,1.48920536,0.0 100.57666278,1.48997457,0.0 100.57624133,1.49056063,0.0 100.5759908,1.49092575,0.0 100.57593355,1.49101736,0.0 100.57585317,1.49113974,0.0 100.57572392,1.49134979,0.0 100.57560833,1.49152572,0.0 100.57556215,1.49158473,0.0 100.57551613,1.49164592,0.0 100.57543407,1.49176276,0.0 100.57527993,1.49193702,0.0 100.57531036,1.49199712,0.0 100.57562459,1.49233583,0.0 100.57575795,1.49243399,0.0 100.57600295,1.49277345,0.0 100.57601553,1.49324619,0.0 100.57602332,1.49334376,0.0 100.57611854,1.49351877,0.0 100.57623446,1.49360737,0.0 </coordinates>
               </LinearRing>
            </outerBoundaryIs>
         </Polygon>
      </Placemark>
      <Placemark>
         <description></description>
         <ExtendedData/>
         <name>Polygon</name>
         <Style>
            <LineStyle>
               <color>ff000000</color>
               <width>2.0</width>
            </LineStyle>
            <PolyStyle>
               <color>ffcabc87</color>
            </PolyStyle>
         </Style>
         <Polygon>
            <outerBoundaryIs>
               <LinearRing>
                  <coordinates>100.62083105,1.52294747,0.0 100.62088117,1.52289793,0.0 100.62088159,1.52288536,0.0 100.62086348,1.52286574,0.0 100.62071278,1.52262845,0.0 100.62058445,1.52239719,0.0 100.62052896,1.52225437,0.0 100.6204511,1.52201867,0.0 100.62037532,1.52174785,0.0 100.62032754,1.52164039,0.0 100.62032419,1.52150896,0.0 100.6203449,1.52141048,0.0 100.62033224,1.52127997,0.0 100.62031606,1.5211265,0.0 100.62030517,1.52100605,0.0 100.62028958,1.520868,0.0 100.62028329,1.52084076,0.0 100.62026979,1.52071863,0.0 100.62019712,1.52070036,0.0 100.62018815,1.52069986,0.0 100.62009369,1.52071872,0.0 100.61992446,1.52075786,0.0 100.61979152,1.52077069,0.0 100.61976009,1.52075912,0.0 100.61976059,1.52065158,0.0 100.61974668,1.52051906,0.0 100.61959463,1.52039995,0.0 100.61953118,1.52026224,0.0 100.61947888,1.52009083,0.0 100.61942498,1.51993283,0.0 100.61926749,1.51982563,0.0 100.61912474,1.51971188,0.0 100.61895669,1.51952874,0.0 100.61884236,1.51931349,0.0 100.61878293,1.51924216,0.0 100.61866055,1.51910009,0.0 100.61850029,1.51894402,0.0 100.61833584,1.51880203,0.0 100.61828228,1.51869809,0.0 100.61825948,1.51846717,0.0 100.61826878,1.51836785,0.0 100.61830013,1.51823524,0.0 100.61834933,1.51802033,0.0 100.61837674,1.51776678,0.0 100.61839175,1.51754357,0.0 100.61840306,1.51730116,0.0 100.61839342,1.51713302,0.0 100.61833525,1.51695189,0.0 100.61833927,1.51690805,0.0 100.61840449,1.51670949,0.0 100.61842636,1.5166514,0.0 100.61849576,1.51652148,0.0 100.61853717,1.51634873,0.0 100.61856274,1.51617975,0.0 100.61855737,1.51601152,0.0 100.61853818,1.51585964,0.0 100.61851429,1.51569737,0.0 100.61850909,1.51553309,0.0 100.6185184,1.51535078,0.0 100.6185303,1.51517434,0.0 100.61854522,1.51510997,0.0 100.61854187,1.51505473,0.0 100.61854086,1.51487192,0.0 100.61847774,1.51469138,0.0 100.61842594,1.51450563,0.0 100.61839317,1.51428502,0.0 100.61836903,1.51410054,0.0 100.61834204,1.51391303,0.0 100.61829225,1.51368706,0.0 100.61824909,1.51343778,0.0 100.61815588,1.51324608,0.0 100.61807164,1.51306772,0.0 100.61797676,1.51284962,0.0 100.61793317,1.51264477,0.0 100.61797567,1.51254209,0.0 100.61805764,1.51237805,0.0 100.61816527,1.51221595,0.0 100.61824816,1.5121033,0.0 100.61833609,1.51199056,0.0 100.61844438,1.51186584,0.0 100.618478,1.51184329,0.0 100.61863239,1.51173835,0.0 100.61875518,1.51165755,0.0 100.61891729,1.51154975,0.0 100.61905626,1.51142612,0.0 100.61913027,1.51132378,0.0 100.61919859,1.51122412,0.0 100.61931384,1.51106034,0.0 100.61942725,1.51089504,0.0 100.61943135,1.51088599,0.0 100.61942875,1.51080326,0.0 100.61924142,1.51069346,0.0 100.61901972,1.51057033,0.0 100.61881386,1.51044837,0.0 100.61863926,1.51034192,0.0 100.61839376,1.51019775,0.0 100.61820927,1.51008384,0.0 100.61804666,1.50998955,0.0 100.61803493,1.50999684,0.0 100.61793853,1.51020614,0.0 100.61786989,1.51038475,0.0 100.61780795,1.51056438,0.0 100.61777216,1.51066806,0.0 100.61771533,1.51084056,0.0 100.61762287,1.51104986,0.0 100.61751223,1.51123594,0.0 100.61746756,1.51134046,0.0 100.61738835,1.51150206,0.0 100.61727813,1.51167825,0.0 100.61712616,1.51188193,0.0 100.61697126,1.51207739,0.0 100.61682592,1.51225627,0.0 100.61671419,1.51241217,0.0 100.61658486,1.51259665,0.0 100.61646743,1.51276647,0.0 100.61646299,1.51287938,0.0 100.61653733,1.51292807,0.0 100.61678108,1.51305255,0.0 100.61692558,1.51318037,0.0 100.61697386,1.51334859,0.0 100.61698618,1.51358379,0.0 100.61707646,1.51383768,0.0 100.61712046,1.51409123,0.0 100.61712457,1.51435853,0.0 100.61712708,1.51455659,0.0 100.61709967,1.51480713,0.0 100.61707822,1.51491383,0.0 100.61710294,1.51494107,0.0 100.61727452,1.51507242,0.0 100.6173855,1.51513176,0.0 100.61743042,1.51515565,0.0 100.61756747,1.51527408,0.0 100.61762245,1.51534483,0.0 100.61760443,1.51546184,0.0 100.61758893,1.51551909,0.0 100.61758482,1.51552563,0.0 100.61757535,1.51561288,0.0 100.61757619,1.5156589,0.0 100.61756755,1.51584657,0.0 100.61754978,1.51603558,0.0 100.61752413,1.51622049,0.0 100.61750117,1.51641587,0.0 100.61747057,1.51660739,0.0 100.61746253,1.51671485,0.0 100.61746638,1.51688526,0.0 100.61747485,1.51705138,0.0 100.61749958,1.51724635,0.0 100.6175202,1.51746235,0.0 100.61751014,1.51766704,0.0 100.61747334,1.5179133,0.0 100.61743093,1.51817297,0.0 100.61738935,1.51843272,0.0 100.61736488,1.51867412,0.0 100.61733219,1.51883053,0.0 100.61731442,1.51901384,0.0 100.61730998,1.51911174,0.0 100.61740838,1.51922666,0.0 100.61760024,1.5194233,0.0 100.61777283,1.51962102,0.0 100.61791054,1.51976888,0.0 100.61807709,1.51992093,0.0 100.61824213,1.52007189,0.0 100.61839107,1.52020692,0.0 100.61850364,1.52030482,0.0 100.61867832,1.52046416,0.0 100.61889525,1.52066424,0.0 100.61908686,1.52082542,0.0 100.61926053,1.52100957,0.0 100.61939355,1.52117645,0.0 100.61954166,1.52134116,0.0 100.61973117,1.521529,0.0 100.61983368,1.5216326,0.0 100.61987618,1.52167643,0.0 100.61996109,1.52178775,0.0 100.62009696,1.5219745,0.0 100.6202216,1.52215328,0.0 100.62033325,1.52229996,0.0 100.62042545,1.52247305,0.0 100.62054849,1.522665,0.0 100.62067933,1.52290179,0.0 100.6207619,1.5229789,0.0 100.62076575,1.52298242,0.0 100.62083105,1.52294747,0.0 </coordinates>
               </LinearRing>
            </outerBoundaryIs>
         </Polygon>
      </Placemark>
      <Placemark>
         <description></description>
         <ExtendedData/>
         <name>div1</name>
         <Style>
            <LineStyle>
               <color>ff000000</color>
               <width>2.0</width>
            </LineStyle>
            <PolyStyle>
               <color>f2f3e3a3</color>
            </PolyStyle>
         </Style>
         <Polygon>
            <outerBoundaryIs>
               <LinearRing>
                  <coordinates>100.61887597,1.52574132,0.0 100.61909222,1.52562507,0.0 100.61929682,1.52551317,0.0 100.61950796,1.52538585,0.0 100.6197041,1.52526825,0.0 100.61990778,1.52515056,0.0 100.6200916,1.52505644,0.0 100.62014038,1.5250411,0.0 100.62015002,1.52512073,0.0 100.62015094,1.52516959,0.0 100.62016737,1.52530664,0.0 100.62017122,1.52549339,0.0 100.62015438,1.52566027,0.0 100.62015949,1.5257746,0.0 100.62016988,1.52585448,0.0 100.62013728,1.52590678,0.0 100.62014407,1.52597107,0.0 100.62015505,1.52597434,0.0 100.62032285,1.52611138,0.0 100.62054179,1.52633795,0.0 100.62055327,1.5264734,0.0 100.62056065,1.52651195,0.0 100.62056266,1.52672812,0.0 100.62057925,1.52699492,0.0 100.62063466,1.52704337,0.0 100.62084077,1.52716683,0.0 100.62091705,1.52712543,0.0 100.62113036,1.52701143,0.0 100.62122508,1.52702744,0.0 100.62131359,1.52710363,0.0 100.62132516,1.52714797,0.0 100.62137017,1.52733833,0.0 100.62137587,1.52733967,0.0 100.62158894,1.52743338,0.0 100.62176948,1.52752189,0.0 100.62192212,1.52768224,0.0 100.62196797,1.5277762,0.0 100.62202329,1.52790142,0.0 100.62201817,1.52796839,0.0 100.62204089,1.52820149,0.0 100.6220854,1.52829579,0.0 100.62233535,1.52827492,0.0 100.62246694,1.52824558,0.0 100.6224703,1.52825958,0.0 100.62251966,1.52848095,0.0 100.62253358,1.5285299,0.0 100.62255562,1.52862528,0.0 100.62258747,1.52880047,0.0 100.62259887,1.52880927,0.0 100.6226578,1.52883156,0.0 100.62289257,1.52889049,0.0 100.62303314,1.52892603,0.0 100.62316189,1.52891412,0.0 100.62317488,1.52894975,0.0 100.62319684,1.52915058,0.0 100.62319684,1.52915904,0.0 100.62322148,1.52934085,0.0 100.62325275,1.52953908,0.0 100.62328778,1.52974997,0.0 100.62329549,1.529913,0.0 100.62331058,1.53008382,0.0 100.62331292778254,1.5302670550752546,0.0 100.62334813177586,1.5303461520203239,0.0 100.62321804463863,1.530350844211885,0.0 100.62307421118021,1.530347492646475,0.0 100.62297522,1.53036059,0.0 100.62294110655785,1.5303461520203239,0.0 100.6229005381465,1.5303448113941474,0.0 100.62286298722029,1.5303451465506948,0.0 100.62279894948006,1.5303451465506948,0.0 100.62261421233416,1.5303414598287504,0.0 100.62246434390543,1.5303364324806166,0.0 100.62252938747407,1.5301222674394395,0.0 100.62249863,1.5300228,0.0 100.62248337,1.52992448,0.0 100.62245873,1.52966958,0.0 100.62244758,1.52946197,0.0 100.62242998,1.52929332,0.0 100.62240307,1.52908629,0.0 100.62236678,1.52901823,0.0 100.62219294,1.52899903,0.0 100.62202999,1.52899283,0.0 100.62202035,1.52899283,0.0 100.62173688,1.52899979,0.0 100.62143253,1.52902024,0.0 100.62118074,1.52904664,0.0 100.62077685999263,1.5290074950379693,0.0 100.62037298,1.52896835,0.0 100.62009268,1.52893256,0.0 100.61987953,1.52891873,0.0 100.61962707,1.52889283,0.0 100.61934703,1.52886626,0.0 100.61913069,1.52884916,0.0 100.618924,1.52884749,0.0 100.61867304,1.52888646,0.0 100.61854756,1.52887557,0.0 100.61850239,1.52860718,0.0 100.61850037,1.52840886,0.0 100.61849493,1.52811307,0.0 100.61848462,1.52782314,0.0 100.61847867,1.52761024,0.0 100.61847615,1.52731787,0.0 100.61847515,1.52706265,0.0 100.61847498,1.52677347,0.0 100.61847238,1.52649376,0.0 100.61847238,1.52649376,0.0 100.61847037,1.52616243,0.0 100.61845913,1.52596529,0.0 100.61845628,1.5259647,0.0 100.61860188,1.52589479,0.0 100.61866717,1.52586169,0.0 100.61887597,1.52574132,0.0 100.61887597,1.52574132,0.0 </coordinates>
               </LinearRing>
            </outerBoundaryIs>
         </Polygon>
      </Placemark>
      <Placemark>
         <description></description>
         <ExtendedData/>
         <name>Perum</name>
         <Style>
            <LineStyle>
               <color>ff000000</color>
               <width>2.0</width>
            </LineStyle>
            <PolyStyle>
               <color>f7edd934</color>
            </PolyStyle>
         </Style>
         <Polygon>
            <outerBoundaryIs>
               <LinearRing>
                  <coordinates>100.63224234,1.48078557,0.0 100.63223815,1.48083972,0.0 100.63220562,1.48090996,0.0 100.63217654,1.48105186,0.0 100.63219305,1.48111615,0.0 100.63218869,1.48112873,0.0 100.63219867,1.48131262,0.0 100.6323104,1.48133165,0.0 100.63237284,1.4813107,0.0 100.63241576,1.48131187,0.0 100.63257367,1.48135504,0.0 100.63258608,1.48135915,0.0 100.63260226,1.48139167,0.0 100.63260812,1.48140885,0.0 100.63269379,1.4814257,0.0 100.63275917,1.4813599,0.0 100.63267937,1.48128488,0.0 100.63264408,1.48128019,0.0 100.632687,1.48120743,0.0 100.6326901,1.48114557,0.0 100.63271248,1.48109905,0.0 100.63273528,1.48098657,0.0 100.63268624,1.48093125,0.0 100.63251014,1.48088884,0.0 100.63252623,1.48081373,0.0 100.63255817,1.48064735,0.0 100.63257543,1.480586,0.0 100.63264609,1.48020797,0.0 100.63276369,1.47992349,0.0 100.63290233,1.47967438,0.0 100.63285547,1.47962434,0.0 100.6326896,1.47954497,0.0 100.63263872,1.47952795,0.0 100.63261466,1.47953658,0.0 100.63254987,1.47965997,0.0 100.63248868,1.47974873,0.0 100.63245826,1.47976382,0.0 100.63236346,1.47997865,0.0 100.63233437,1.48022398,0.0 100.63228886,1.4805052,0.0 100.63224653,1.48069589,0.0 100.63223044,1.48078037,0.0 100.63223664,1.4807787,0.0 100.63224242,1.48077618,0.0 100.63224234,1.48078557,0.0 </coordinates>
               </LinearRing>
            </outerBoundaryIs>
         </Polygon>
      </Placemark>
      <Placemark>
         <description></description>
         <ExtendedData/>
         <name>polygon</name>
         <Style>
            <LineStyle>
               <color>ff000000</color>
               <width>2.0</width>
            </LineStyle>
            <PolyStyle>
               <color>ff3b97ff</color>
            </PolyStyle>
         </Style>
         <Polygon>
            <outerBoundaryIs>
               <LinearRing>
                  <coordinates>100.59658052,1.47250442,0.0 100.59670114,1.47246745,0.0 100.59674883,1.47245538,0.0 100.59690767,1.47242806,0.0 100.59709333,1.47239286,0.0 100.59724152,1.47235983,0.0 100.59726348,1.47235706,0.0 100.59735979,1.47234717,0.0 100.59749725,1.47231063,0.0 100.59761418,1.47230015,0.0 100.59768425,1.47228289,0.0 100.59773815,1.47228699,0.0 100.59789682,1.47227442,0.0 100.59794384,1.47226654,0.0 100.59809363,1.47224877,0.0 100.59823377,1.47222639,0.0 100.59836193,1.47220502,0.0 100.59836679,1.47221927,0.0 100.59836897,1.47223645,0.0 100.59837559,1.47230795,0.0 100.59837107,1.47233888,0.0 100.59838263,1.47245195,0.0 100.5983761,1.47255278,0.0 100.59831692,1.47260567,0.0 100.59825716,1.4726247,0.0 100.59818356,1.47266183,0.0 100.59807678,1.47270223,0.0 100.5979275,1.47276593,0.0 100.59780789,1.47280944,0.0 100.59767319,1.47286987,0.0 100.59755182,1.47291404,0.0 100.59739114,1.47298127,0.0 100.59725309,1.47303399,0.0 100.59717002,1.47307447,0.0 100.59692644,1.47320598,0.0 100.5969065,1.4732028,0.0 100.59690557,1.47320825,0.0 100.59685947,1.47314656,0.0 100.59680658,1.47302167,0.0 100.59673752,1.47284514,0.0 100.59665445,1.47268916,0.0 100.59659788,1.47258547,0.0 100.59654029,1.47251657,0.0 100.59658052,1.47250442,0.0 </coordinates>
               </LinearRing>
            </outerBoundaryIs>
         </Polygon>
      </Placemark>
      <Placemark>
         <description></description>
         <ExtendedData/>
         <name>polygon</name>
         <Style>
            <LineStyle>
               <color>ff000000</color>
               <width>2.0</width>
            </LineStyle>
            <PolyStyle>
               <color>ff5cb8ff</color>
            </PolyStyle>
         </Style>
         <Polygon>
            <outerBoundaryIs>
               <LinearRing>
                  <coordinates>100.6019348,1.47766843,0.0 100.60193086,1.47757036,0.0 100.60189876,1.47749282,0.0 100.60189314,1.47744614,0.0 100.60190303,1.47738755,0.0 100.60191678,1.47734865,0.0 100.60192483,1.47723508,0.0 100.60191812,1.47720692,0.0 100.60193379,1.47712134,0.0 100.60194394,1.47710147,0.0 100.60195399,1.47706904,0.0 100.60195198,1.47703375,0.0 100.60193069,1.47698203,0.0 100.60195022,1.47693249,0.0 100.60195349,1.47687114,0.0 100.60194494,1.47679176,0.0 100.60193924,1.47674063,0.0 100.60193908,1.47670828,0.0 100.60193874,1.47664458,0.0 100.6019778,1.4765507,0.0 100.60196514,1.47651474,0.0 100.60196414,1.47648339,0.0 100.60193966,1.47642648,0.0 100.60195282,1.47636537,0.0 100.60194586,1.47632296,0.0 100.60199314,1.47629178,0.0 100.60199096,1.47629128,0.0 100.60199406,1.47626295,0.0 100.6019949,1.47619807,0.0 100.60201007,1.4761648,0.0 100.60199339,1.47611886,0.0 100.60199062,1.47604284,0.0 100.60202524,1.47598777,0.0 100.60203069,1.47595902,0.0 100.60203538,1.47587612,0.0 100.60203513,1.47579574,0.0 100.60202507,1.47573707,0.0 100.60201024,1.47571066,0.0 100.60201376,1.47568627,0.0 100.60201334,1.47559223,0.0 100.60203622,1.47547882,0.0 100.60203169,1.47545175,0.0 100.60205382,1.47533448,0.0 100.60206137,1.47526676,0.0 100.60208366,1.47526257,0.0 100.60208886,1.47517196,0.0 100.60208509,1.47511379,0.0 100.60209582,1.47507389,0.0 100.60209548,1.47501865,0.0 100.60212499,1.4749423,0.0 100.60211736,1.47492268,0.0 100.60212515,1.474805,0.0 100.60215265,1.4747993,0.0 100.60224828,1.4747553,0.0 100.60236974,1.47469344,0.0 100.60252598,1.47457953,0.0 100.60255196,1.47455203,0.0 100.60260158,1.47452043,0.0 100.60266679,1.47449596,0.0 100.60267475,1.47451172,0.0 100.60266587,1.47466804,0.0 100.60266788,1.47472604,0.0 100.60266478,1.47474649,0.0 100.60265699,1.47486325,0.0 100.60266629,1.47490072,0.0 100.60266528,1.47495512,0.0 100.60266838,1.47497012,0.0 100.60267048,1.4750749,0.0 100.60266864,1.47508554,0.0 100.60264668,1.4751956,0.0 100.60264718,1.47519643,0.0 100.60265439,1.47528495,0.0 100.60264768,1.47536357,0.0 100.60264064,1.47547564,0.0 100.60263888,1.47549634,0.0 100.60264944,1.47552065,0.0 100.60265229,1.47554764,0.0 100.60265112,1.47558703,0.0 100.60266042,1.47564813,0.0 100.60265682,1.47573263,0.0 100.60264433,1.47580815,0.0 100.60261072,1.47590026,0.0 100.60260418,1.47601635,0.0 100.60260569,1.4760389,0.0 100.60259999,1.47613822,0.0 100.60259747,1.47626186,0.0 100.60258758,1.47639756,0.0 100.60257828,1.47644693,0.0 100.60258993,1.47654475,0.0 100.60259454,1.47659244,0.0 100.60260527,1.47666134,0.0 100.60262287,1.47677508,0.0 100.60260745,1.47680953,0.0 100.60261927,1.47686762,0.0 100.60256269,1.47696208,0.0 100.60255615,1.4769817,0.0 100.60255489,1.47706376,0.0 100.60256168,1.47713902,0.0 100.60254618,1.47716316,0.0 100.60255137,1.47716886,0.0 100.60256596,1.47722293,0.0 100.60256579,1.4772262,0.0 100.60254919,1.47722972,0.0 100.60254886,1.47723902,0.0 100.60253184,1.47726039,0.0 100.6025269,1.47728378,0.0 100.60252816,1.47732494,0.0 100.60252707,1.47734136,0.0 100.602515,1.47734153,0.0 100.60251382,1.47734757,0.0 100.60250946,1.47735259,0.0 100.60251013,1.47735905,0.0 100.60249547,1.47736584,0.0 100.60247879,1.47736508,0.0 100.60244962,1.47738696,0.0 100.60237502,1.47743046,0.0 100.6023228,1.47746407,0.0 100.60226907,1.47749559,0.0 100.60220126,1.47753457,0.0 100.60209582,1.47760414,0.0 100.60202926,1.47765694,0.0 100.6019721,1.47767304,0.0 100.60195215,1.47769055,0.0 100.6019053,1.47767874,0.0 100.60190555,1.4776665,0.0 100.6019348,1.47766843,0.0 </coordinates>
               </LinearRing>
            </outerBoundaryIs>
         </Polygon>
      </Placemark>
      <Placemark>
         <description></description>
         <ExtendedData/>
         <name>polygon</name>
         <Style>
            <LineStyle>
               <color>ff000000</color>
               <width>2.0</width>
            </LineStyle>
            <PolyStyle>
               <color>ffcabc87</color>
            </PolyStyle>
         </Style>
         <Polygon>
            <outerBoundaryIs>
               <LinearRing>
                  <coordinates>100.59964813,1.51094978,0.0 100.59911488,1.51064585,0.0 100.59896073,1.51055776,0.0 100.59870835,1.51045726,0.0 100.59826009,1.51024687,0.0 100.59806387,1.51011905,0.0 100.59790864,1.51001126,0.0 100.59761946,1.50984203,0.0 100.59702208,1.50955369,0.0 100.59693659,1.50951278,0.0 100.59681413,1.50944036,0.0 100.59678228,1.50940122,0.0 100.59618054,1.50905865,0.0 100.59375532,1.50867367,0.0 100.59321988,1.50870326,0.0 100.5925091,1.50872648,0.0 100.59232067,1.50871592,0.0 100.5920574,1.50868599,0.0 100.59191792,1.50865699,0.0 100.59170167,1.50861517,0.0 100.59150394,1.50858038,0.0 100.59118384,1.50852858,0.0 100.59086993,1.5084192,0.0 100.59068536,1.50833848,0.0 100.59030692,1.50816439,0.0 100.58952078,1.50785367,0.0 100.58932389,1.50777245,0.0 100.58904285,1.50765326,0.0 100.58865812,1.50932025,0.0 100.58916229,1.50962586,0.0 100.58961659,1.50977547,0.0 100.58978926,1.50991922,0.0 100.58985019,1.51006406,0.0 100.58983049,1.51010882,0.0 100.59034238,1.51066027,0.0 100.59059434,1.51105723,0.0 100.59075686,1.51121364,0.0 100.59094688,1.51146007,0.0 100.59104327,1.51156928,0.0 100.59107688,1.51173106,0.0 100.59128199,1.51196793,0.0 100.5917844,1.51236313,0.0 100.59221204,1.51251267,0.0 100.59274044,1.51280235,0.0 100.59285418,1.51318154,0.0 100.5933089,1.51385034,0.0 100.59348249,1.51394539,0.0 100.59366739,1.51413255,0.0 100.59387694,1.5142639,0.0 100.59420786,1.51441662,0.0 100.59428765,1.51436398,0.0 100.59434038,1.51444118,0.0 100.5944703,1.51449163,0.0 100.59450248,1.51454017,0.0 100.59452587,1.51469724,0.0 100.59492267,1.51492473,0.0 100.59517387,1.51499899,0.0 100.5951753,1.51490285,0.0 100.59533296,1.51458945,0.0 100.59542667,1.51455609,0.0 100.59563723,1.51461812,0.0 100.59569858,1.51468542,0.0 100.59569799,1.51468475,0.0 100.59571534,1.51471493,0.0 100.59564058,1.51482297,0.0 100.59563723,1.51507359,0.0 100.59583286,1.51517183,0.0 100.59590285,1.51515456,0.0 100.59603905,1.51473722,0.0 100.59626419,1.51424588,0.0 100.59627073,1.51392276,0.0 100.59630484,1.51388814,0.0 100.59624315,1.51377909,0.0 100.59628137,1.5137749,0.0 100.59627408,1.51368127,0.0 100.59637047,1.51365026,0.0 100.59630476,1.51360097,0.0 100.59642412,1.51344859,0.0 100.59639813,1.51336963,0.0 100.5964144,1.51329084,0.0 100.59665546,1.51275767,0.0 100.59678513,1.512656,0.0 100.59687632,1.51246137,0.0 100.59724077,1.51207823,0.0 100.59783672,1.51234654,0.0 100.59801609,1.51246782,0.0 100.59805322,1.51253128,0.0 100.59802984,1.51254335,0.0 100.59802867,1.51254393,0.0 100.59799103,1.51280327,0.0 100.59792574,1.51301608,0.0 100.59765257,1.51350819,0.0 100.59758007,1.51373416,0.0 100.59746129,1.51394287,0.0 100.59748057,1.51399325,0.0 100.59785189,1.51414923,0.0 100.59804727,1.51362352,0.0 100.59810754,1.51350634,0.0 100.59825305,1.51342579,0.0 100.59825305,1.51342579,0.0 100.59825305,1.51342579,0.0 100.59829244,1.51335044,0.0 100.59832815,1.51335044,0.0 100.59834307,1.51328984,0.0 100.59834307,1.51328984,0.0 100.59854206,1.51286404,0.0 100.59869486,1.51256514,0.0 100.59904539,1.51196214,0.0 100.59943574,1.51159996,0.0 100.59943574,1.51159996,0.0 100.59982399,1.5111921,0.0 100.59964813,1.51094978,0.0 100.59964813,1.51094978,0.0 </coordinates>
               </LinearRing>
            </outerBoundaryIs>
         </Polygon>
      </Placemark>
      <Placemark>
         <description></description>
         <ExtendedData/>
         <name>polygon</name>
         <Style>
            <LineStyle>
               <color>ff000000</color>
               <width>2.0</width>
            </LineStyle>
            <PolyStyle>
               <color>ff6ebcff</color>
            </PolyStyle>
         </Style>
         <Polygon>
            <outerBoundaryIs>
               <LinearRing>
                  <coordinates>100.58251887559891,1.500079293288975,0.0 100.58276060968637,1.5002338026077588,0.0 100.58297518640757,1.5003651857943294,0.0 100.58315891772509,1.5005203654152413,0.0 100.58346603065729,1.500734868544801,0.0 100.58379627764225,1.5009292619878156,0.0 100.58393608778715,1.501012046776382,0.0 100.58408327400684,1.501106562199189,0.0 100.58422174304725,1.5011893469810635,0.0 100.58447923511267,1.501271461437719,0.0 100.58472834527493,1.5012845327182882,0.0 100.58497980237007,1.5013083291519425,0.0 100.58528155088423,1.501432003570589,0.0 100.58569326996803,1.5015600350752016,0.0 100.58603290468454,1.5016431550008758,0.0 100.58652609586714,1.5016609185329657,0.0 100.58713864535092,1.501617347604936,0.0 100.58782428503036,1.5015167993061491,0.0 100.58848779648541,1.5015007115779273,0.0 100.58906078338623,1.5015070796370313,0.0 100.58951675891878,1.501476579985347,0.0 100.5899066850543,1.5014658548329998,0.0 100.5902349203825,1.5014286519604225,0.0 100.59023592621088,1.5013364826787507,0.0 100.5901574715972,1.5012050995505368,0.0 100.5900179967284,1.5007992194795827,0.0 100.58977860957384,1.5002083303563947,0.0 100.58949127793312,1.4997642417157733,0.0 100.58911543339491,1.4991297813354951,0.0 100.58880027383566,1.4986712805342053,0.0 100.58867689222097,1.4984514146188288,0.0 100.5883613973856,1.4978742664859535,0.0 100.58828495442867,1.4977636631678695,0.0 100.58816727250813,1.497569939766979,0.0 100.58795940130949,1.497386606359713,0.0 100.58726470917463,1.4974100676741213,0.0 100.58710310608147,1.4973949854006057,0.0 100.58621998876333,1.4974724077368684,0.0 100.58545857667923,1.497476094514727,0.0 100.58506797999144,1.4974687209590227,0.0 100.58484368026257,1.4974821274239118,0.0 100.58463145047426,1.4974801164541836,0.0 100.58446180075407,1.4974697264438932,0.0 100.58402124792336,1.4975072645453817,0.0 100.58360952883959,1.49755351684814,0.0 100.58361824601889,1.4976577521065348,0.0 100.58369770646095,1.497856167761554,0.0 100.58381538838148,1.498052237267881,0.0 100.58384757488966,1.4984306346073955,0.0 100.58271031826735,1.4998584220312425,0.0 100.58251887559891,1.500079293288975,0.0 </coordinates>
               </LinearRing>
            </outerBoundaryIs>
         </Polygon>
      </Placemark>
      <Placemark>
         <description></description>
         <ExtendedData/>
         <name></name>
         <Style>
            <LineStyle>
               <color>ff000000</color>
               <width>2.0</width>
            </LineStyle>
            <PolyStyle>
               <color>ff4eaeff</color>
            </PolyStyle>
         </Style>
         <Polygon>
            <outerBoundaryIs>
               <LinearRing>
                  <coordinates>100.59980504214762,1.4830570590799592,0.0 100.60013663023712,1.4834672995536382,0.0 100.60077097266912,1.484052160228115,0.0 100.60255564749241,1.4858419334800401,0.0 100.6027065217495,1.4856036322936237,0.0 100.60220126062632,1.485203782284571,0.0 100.60166783630848,1.4846477459823966,0.0 100.60176640748978,1.4841959454361577,0.0 100.60215666890143,1.4837096229349478,0.0 100.60234509408474,1.4832786023517472,0.0 100.60157462954521,1.482778537930701,0.0 100.60173891484737,1.4824845992069067,0.0 100.6007853895426,1.4820498915814797,0.0 100.60067340731621,1.4819285622212948,0.0 100.60025665909052,1.4816818815126913,0.0 100.60012958943844,1.4816352937127228,0.0 100.60015104711056,1.481012558853791,0.0 100.60021106153727,1.4802775438032225,0.0 100.60015875846146,1.479544539495062,0.0 100.6001141667366,1.4793286936443832,0.0 100.59996999800205,1.4793300343019073,0.0 100.59980504214762,1.4830570590799592,0.0 </coordinates>
               </LinearRing>
            </outerBoundaryIs>
         </Polygon>
      </Placemark>
      <Placemark>
         <description></description>
         <ExtendedData/>
         <name>Polygon</name>
         <Style>
            <LineStyle>
               <color>ff000000</color>
               <width>2.0</width>
            </LineStyle>
            <PolyStyle>
               <color>ff4eaeff</color>
            </PolyStyle>
         </Style>
         <Polygon>
            <outerBoundaryIs>
               <LinearRing>
                  <coordinates>100.59478294104338,1.4909283672933824,0.0 100.5951564386487,1.4911137122152696,0.0 100.59561174362896,1.491320842688166,0.0 100.59583939611912,1.4914666383976831,0.0 100.59640299528837,1.4917692901500512,0.0 100.59681035578251,1.491998876446061,0.0 100.5970376729965,1.4921031119681747,0.0 100.59747286140917,1.4924121317185164,0.0 100.59814810752869,1.4928290736989474,0.0 100.5982507020235,1.4928347714585821,0.0 100.5983928591013,1.4927382447051176,0.0 100.59854071587323,1.4926202675562494,0.0 100.59873148798941,1.4924895542304986,0.0 100.59885084629059,1.4922596328232836,0.0 100.59882033616304,1.4919760853987818,0.0 100.59874992817642,1.4916838237125674,0.0 100.59871405363083,1.4914404957194494,0.0 100.59867046773434,1.4911170638411988,0.0 100.59860911220312,1.4907420168679486,0.0 100.59838514775039,1.4905935398090586,0.0 100.59688579291105,1.4897633417128926,0.0 100.59642679989338,1.4894744313613832,0.0 100.59616260230541,1.4893323223114843,0.0 100.59589169919491,1.4891523398459718,0.0 100.59568248689175,1.4890584942342917,0.0 100.59569254517554,1.4886653481104732,0.0 100.59548132121563,1.4890233021288797,0.0 100.59523120522499,1.4896158700764832,0.0 100.59496466070414,1.4901893335889722,0.0 100.59476014226676,1.490558347728175,0.0 100.59465788304806,1.490807038421069,0.0 100.59478294104338,1.4909283672933824,0.0 </coordinates>
               </LinearRing>
            </outerBoundaryIs>
         </Polygon>
      </Placemark>
      <Placemark>
         <description></description>
         <ExtendedData/>
         <name>polygon</name>
         <Style>
            <LineStyle>
               <color>ff000000</color>
               <width>2.0</width>
            </LineStyle>
            <PolyStyle>
               <color>ff30b7eb</color>
            </PolyStyle>
         </Style>
         <Polygon>
            <outerBoundaryIs>
               <LinearRing>
                  <coordinates>100.59765366,1.4925857,0.0 100.59808072,1.49288954,0.0 100.59823142,1.49295718,0.0 100.59859679,1.49314159,0.0 100.59871707,1.49321342,0.0 100.59879066,1.49335248,0.0 100.59879678,1.49341626,0.0 100.59887105,1.49437993,0.0 100.59887172,1.49445729,0.0 100.59888479,1.49459316,0.0 100.59890835,1.49492978,0.0 100.59902947,1.49513053,0.0 100.59910884,1.49552649,0.0 100.59909652,1.49550704,0.0 100.59904053,1.49540504,0.0 100.59899518,1.49536614,0.0 100.59894229,1.49535516,0.0 100.59882193,1.49528685,0.0 100.5988252,1.49528266,0.0 100.59885713,1.49531518,0.0 100.5988195,1.49530336,0.0 100.59868069,1.49529523,0.0 100.59853334,1.49532516,0.0 100.59844466,1.49533153,0.0 100.59820007,1.49531602,0.0 100.59796136,1.49531074,0.0 100.59772273,1.49531065,0.0 100.5975167,1.49532172,0.0 100.59727564,1.49533278,0.0 100.5971023,1.49534083,0.0 100.59694623,1.49535567,0.0 100.59687012,1.49537947,0.0 100.59689049,1.49542783,0.0 100.59686677,1.49547637,0.0 100.59687599,1.49553873,0.0 100.59579254,1.49540579,0.0 100.59578617,1.49541266,0.0 100.59559699,1.49520555,0.0 100.59552767,1.49494755,0.0 100.59552306,1.49491117,0.0 100.59557553,1.49415169,0.0 100.59568089,1.49334384,0.0 100.59567913,1.49303312,0.0 100.59564502,1.49288233,0.0 100.59563345,1.49262426,0.0 100.59573043,1.49256516,0.0 100.59592037,1.49251303,0.0 100.59602003,1.49250632,0.0 100.59652629,1.49243373,0.0 100.59674598,1.49237665,0.0 100.59695469,1.49233248,0.0 100.59709618,1.49223668,0.0 100.59729986,1.4923469,0.0 100.59781375,1.49270229,0.0 100.59765366,1.4925857,0.0 </coordinates>
               </LinearRing>
            </outerBoundaryIs>
         </Polygon>
      </Placemark>
   </Document>
</kml>